source_file,week_date,min_rank,max_rank,unique_ranks,missing_count,missing_ranges
wta_rankings_83_99.csv,1983-01-17,1,222,99,123,27; 48; 61; 64; 67; 70; 72-74; 76-77; 79-80; 83-85; 87-93; 96-97; 100-102; 104; 107; 109-113; 115-118; 120-124; 127-133; 135-138; 140; 142-154; 158; 160; 163; 165-181; 183; 185-200; 202-209; 211-212; 214-219; 221
wta_rankings_83_99.csv,1983-01-24,1,222,88,134,27; 33; 37; 45; 48; 55; 59; 61; 64; 66-67; 69-70; 72-74; 76-77; 79-80; 83-85; 87-93; 96-97; 100-104; 107; 109-113; 115-118; 120-125; 127-133; 135-138; 140-154; 158; 160; 163; 165-181; 183-200; 202-209; 211-212; 214-219; 221
wta_rankings_83_99.csv,1983-01-31,1,265,103,162,29; 39; 48; 65; 68; 71-74; 76-77; 81; 83-85; 87-88; 90-91; 93-94; 97-100; 102; 105-111; 113-117; 119-130; 132-133; 136-137; 139-140; 143-144; 146-156; 158-159; 163; 166-167; 169-177; 179-186; 190-216; 218-219; 221-230; 232-236; 238-264
wta_rankings_83_99.csv,1983-02-07,1,265,90,175,29; 31; 35; 39; 42; 48; 51; 56; 65; 67-68; 70-74; 76-77; 81; 83-85; 87-88; 90-91; 93-94; 97-102; 105-111; 113-117; 119-133; 136-137; 139-140; 142-156; 158-160; 163; 166-167; 169-177; 179-186; 188; 190-216; 218-219; 221-230; 232-236; 238-264
wta_rankings_83_99.csv,1983-02-14,1,264,104,160,29; 42; 54; 64; 70-71; 74-77; 80-84; 86; 88; 91-93; 95-96; 98-100; 103-105; 107-110; 112-117; 120; 122-129; 132-135; 137; 140-144; 146-151; 154; 156-159; 162-172; 175; 177-180; 182-186; 189-211; 213-216; 218-232; 234-237; 239-263
wta_rankings_83_99.csv,1983-02-21,1,264,91,173,29; 32; 35; 42; 47; 54; 61; 64-65; 69-72; 74-77; 80-84; 86; 88; 91-93; 95-96; 98-100; 102-105; 107-117; 120-129; 132-135; 137; 140-144; 146-154; 156-159; 162-172; 175; 177-180; 182-186; 188-211; 213-216; 218-232; 234-237; 239-263
wta_rankings_83_99.csv,1983-02-28,1,264,106,158,30; 42; 51; 61; 70; 73; 75-77; 79-80; 82-85; 88-97; 102; 104; 107-109; 112-117; 119-120; 122-124; 126-131; 133-139; 145-147; 149-155; 157-162; 164-167; 169-173; 175-180; 182-186; 188; 191; 193-207; 209; 211-216; 218; 220-238; 240-263
wta_rankings_83_99.csv,1983-03-07,1,264,93,171,30; 33-34; 42; 46; 51; 57; 61-62; 66; 70; 72-73; 75-77; 79-80; 82-85; 88-97; 102; 104-105; 107-110; 112-117; 119-124; 126-131; 133-139; 142; 145-147; 149-155; 157-167; 169-173; 175-180; 182-186; 188; 191-207; 209; 211-216; 218; 220-238; 240-263
wta_rankings_83_99.csv,1983-03-14,1,243,105,138,26; 34; 51; 59; 72; 74-83; 85; 87-88; 90-94; 97; 100; 102; 104-105; 108-109; 111; 113; 115-117; 119-121; 123; 126; 128-132; 134-135; 137-143; 145; 147-148; 150-155; 157-159; 161-170; 172-174; 176-181; 183-187; 189; 192-209; 211-212; 214-216; 218; 220-242
wta_rankings_83_99.csv,1983-03-21,1,243,92,151,26; 30; 32; 34; 44; 51; 59-60; 63; 66; 69; 72; 74-83; 85; 87-88; 90-94; 97; 100; 102-105; 108-109; 111-113; 115-121; 123; 126; 128-132; 134-135; 137-145; 147-148; 150-159; 161-170; 172-174; 176-181; 183-187; 189; 191-209; 211-212; 214-216; 218; 220-242
wta_rankings_83_99.csv,1983-03-28,1,241,106,135,26; 34; 50; 54; 69; 71; 75-83; 85; 87-89; 91-95; 97-98; 100; 102; 107-108; 110; 112; 115-116; 118-119; 121; 123; 125-126; 128-132; 134; 136-143; 145; 147-150; 152-158; 160-169; 171; 173-176; 178-181; 183-185; 187; 189; 191; 193-206; 208-212; 214; 216; 218-240
wta_rankings_83_99.csv,1983-04-04,1,241,93,148,26; 31; 34-35; 41; 50; 54; 58; 63; 65; 67; 69; 71; 75-83; 85; 87-89; 91-95; 97-98; 100; 102-103; 107-108; 110; 112-113; 115-119; 121; 123; 125-126; 128-132; 134; 136-145; 147-150; 152-169; 171; 173-176; 178-181; 183-185; 187; 189; 191-206; 208-212; 214; 216; 218-240
wta_rankings_83_99.csv,1983-04-11,1,236,105,131,28; 30; 47; 54; 69-70; 72; 76-85; 87-88; 90-95; 97; 100; 103; 105-109; 111; 117-119; 122-126; 128; 130-133; 136; 138-145; 147; 149-156; 158-167; 169-173; 176-178; 180; 182-186; 189; 191-204; 206-210; 212-213; 215-217; 219-235
wta_rankings_83_99.csv,1983-04-18,1,236,93,143,28; 30; 32; 37; 47; 49; 54; 56; 58; 61; 68-70; 72; 76-85; 87-88; 90-95; 97; 100-101; 103; 105-109; 111; 115; 117-119; 122-126; 128; 130-133; 136-145; 147; 149-167; 169-173; 176-178; 180; 182-186; 189-204; 206-210; 212-213; 215-217; 219-235
wta_rankings_83_99.csv,1983-04-25,1,240,106,134,21; 26; 45; 54; 65; 70-71; 74-75; 78-85; 88-90; 92-94; 96; 98-99; 101-103; 105-108; 112; 116; 118; 120-121; 123-124; 126-127; 129-132; 134-135; 138-145; 147; 149-154; 156-164; 167-171; 173; 176-183; 185-186; 189-203; 205-211; 213-216; 218-219; 222-239
wta_rankings_83_99.csv,1983-05-02,1,240,93,147,21; 26; 31; 35; 45; 54; 57; 61; 63-67; 70-71; 74-75; 78-85; 88-90; 92-94; 96; 98-103; 105-108; 112; 115-116; 118; 120-121; 123-124; 126-127; 129-132; 134-136; 138-145; 147; 149-164; 167-171; 173; 176-183; 185-186; 189-211; 213-216; 218-219; 222-239
wta_rankings_83_99.csv,1983-05-09,1,229,106,123,23; 28; 43; 62; 68; 72-73; 75; 78-80; 82-87; 90-91; 93-96; 99-102; 105; 107; 109-112; 115-116; 119-121; 123; 125-126; 128-130; 132; 135-142; 145-146; 148-150; 152-167; 169-170; 174-182; 185; 187-196; 198-203; 205-206; 208-220; 223-228
wta_rankings_83_99.csv,1983-05-16,1,229,94,135,23; 28; 32-33; 43; 45; 48; 58; 60; 62; 67-68; 70; 72-73; 75; 78-80; 82-87; 90-91; 93-96; 99-102; 104-105; 107; 109-112; 115-116; 119-123; 125-126; 128-130; 132-133; 135-142; 145-146; 148-150; 152-167; 169-170; 174-182; 185; 187-203; 205-206; 208-220; 223-228
wta_rankings_83_99.csv,1983-05-23,1,231,107,124,21; 26; 45; 62; 67; 71; 73; 76-80; 82-84; 86; 88; 90-91; 93; 95-97; 101-103; 106-108; 111-112; 115-118; 121-125; 128; 130-133; 135; 137; 140-144; 146-164; 166-167; 171-178; 181-188; 190-194; 196-198; 200-201; 203-215; 218; 220-230
wta_rankings_83_99.csv,1983-05-30,1,231,95,136,21; 26; 32-33; 36; 45; 49; 54; 61-62; 66-67; 71-73; 76-80; 82-84; 86; 88; 90-91; 93; 95-97; 99; 101-104; 106-108; 111-112; 115-118; 121-126; 128; 130-133; 135; 137; 140-144; 146-164; 166-167; 171-178; 181-194; 196-198; 200-201; 203-215; 218; 220-230
wta_rankings_83_99.csv,1983-06-06,1,233,109,124,22; 26; 46; 64-65; 68-69; 71-72; 77-78; 81-83; 85-86; 90; 93-95; 97-98; 101-102; 106-110; 112-114; 116-120; 124; 126-129; 131; 135-137; 139-146; 148-149; 151-157; 159-164; 166-169; 171-173; 176; 180-182; 184-204; 206-214; 216-217; 219; 221-225; 227-232
wta_rankings_83_99.csv,1983-06-13,1,233,96,137,22; 25-26; 35; 37; 46; 49; 51; 54; 64-66; 68-69; 71-73; 77-78; 81-83; 85-86; 89-90; 93-95; 97-98; 101-103; 106-110; 112-114; 116-120; 124-129; 131; 134-137; 139-146; 148-149; 151-157; 159-164; 166-169; 171-173; 176; 180-204; 206-214; 216-217; 219; 221-225; 227-232
wta_rankings_83_99.csv,1983-06-20,1,229,108,121,18; 24; 61; 65; 67; 69; 73-75; 78-79; 81; 83; 85-86; 90-92; 94; 97; 99-100; 102-104; 108-112; 115-118; 120; 122; 124-127; 129; 131-135; 138-144; 146; 148-154; 156-163; 165-168; 175-179; 181-190; 192-198; 200-215; 217; 219-222; 224-228
wta_rankings_83_99.csv,1983-06-27,1,229,94,135,18; 22; 24; 30; 42; 44-45; 48; 53; 58; 61; 65; 67; 69; 72-75; 77-79; 81; 83-86; 90-92; 94; 97; 99-100; 102-104; 108-112; 115-118; 120-122; 124-127; 129; 131-136; 138-144; 146; 148-154; 156-163; 165-168; 175-190; 192-198; 200-215; 217; 219-222; 224-228
wta_rankings_83_99.csv,1983-07-04,1,232,109,123,17; 26; 66-67; 70; 72; 75-78; 80; 82; 85; 87; 89; 91; 93-95; 98-102; 104; 106; 109; 111; 113-115; 118; 120; 122-130; 132-137; 140-141; 143; 145-153; 155-157; 159-166; 169; 171; 174; 177-185; 187-194; 196-213; 215-219; 221; 223-230
wta_rankings_83_99.csv,1983-07-11,1,232,96,136,17; 22; 26; 29; 43; 45; 47; 54-55; 60; 66-67; 70; 72; 75-78; 80; 82; 84-85; 87-89; 91; 93-95; 98-102; 104; 106; 109; 111; 113-115; 118; 120-130; 132-137; 139-141; 143; 145-153; 155-157; 159-166; 169; 171; 174; 177-194; 196-213; 215-219; 221; 223-230
wta_rankings_83_99.csv,1983-07-18,1,244,103,141,17; 26; 61; 66; 69-71; 74-75; 77-82; 84-85; 90-95; 97; 99-100; 102-106; 108-110; 113; 116-117; 119-120; 123; 126-131; 133-141; 143; 145; 147-149; 151; 153-162; 164-170; 172-173; 175-176; 178; 180-184; 186-192; 194-212; 214-222; 225-239; 241-243
wta_rankings_83_99.csv,1983-07-25,1,244,91,153,17; 24; 26; 30; 35; 44; 47-48; 52; 55; 61; 66; 69-71; 74-75; 77-82; 84-85; 89-97; 99-100; 102-106; 108-110; 113; 116-117; 119-120; 122-123; 126-131; 133-143; 145; 147-149; 151; 153-162; 164-170; 172-173; 175-176; 178; 180-184; 186-192; 194-212; 214-222; 225-239; 241-243
wta_rankings_83_99.csv,1983-08-01,1,239,101,138,18; 26; 61; 68-69; 71; 73-81; 84; 88-94; 96-97; 100; 102-103; 107-109; 111-115; 120; 122-124; 126-131; 133-141; 143-145; 147-148; 151-170; 172; 174-175; 177-178; 180-181; 183-188; 190-204; 206-217; 219-223; 225-233; 235-238
wta_rankings_83_99.csv,1983-08-08,1,239,89,150,18; 24; 26; 29; 37; 45; 47-48; 52; 55; 61; 68-69; 71; 73-81; 84; 86; 88-94; 96-98; 100; 102-103; 107-109; 111-115; 117; 120; 122-124; 126-131; 133-141; 143-148; 151-170; 172; 174-175; 177-178; 180-181; 183-188; 190-204; 206-217; 219-223; 225-233; 235-238
wta_rankings_83_99.csv,1983-08-15,1,246,106,140,18; 37; 60; 66-67; 70; 72-75; 77-80; 82-84; 86-87; 90; 92; 96; 98-100; 103-107; 111; 113; 115-116; 118-120; 122; 125-133; 135-140; 142-144; 146; 148-151; 156-160; 162-171; 173; 175-176; 178-182; 184-185; 188-197; 199-215; 217-226; 228-237; 239-245
wta_rankings_83_99.csv,1983-08-22,1,246,94,152,18; 23; 27; 37-38; 47; 49-50; 52-53; 60; 66-67; 70; 72-75; 77-80; 82-84; 86-87; 90-92; 96; 98-101; 103-107; 110-111; 113; 115-116; 118-120; 122; 125-133; 135-144; 146; 148-151; 156-160; 162-171; 173; 175-176; 178-182; 184-185; 188-197; 199-215; 217-226; 228-237; 239-245
wta_rankings_83_99.csv,1983-08-29,1,239,105,134,17; 33; 58; 65-66; 69-71; 73-75; 78; 80-82; 84; 86-87; 89-90; 95; 97-98; 100-101; 103; 106-107; 109-113; 116; 118; 121-133; 136-141; 143; 145-146; 149-150; 152; 154-165; 167-168; 170-171; 173; 175; 178-181; 183-186; 188-194; 196-211; 213-225; 227-238
wta_rankings_83_99.csv,1983-09-05,1,239,93,146,17; 21; 33; 41; 46-47; 49-50; 53; 55; 58; 65-66; 69-71; 73-75; 77-78; 80-82; 84; 86-87; 89-91; 95; 97-98; 100-101; 103; 106-107; 109-113; 116-118; 121-133; 136-143; 145-146; 149-150; 152; 154-165; 167-168; 170-171; 173; 175; 178-181; 183-186; 188-194; 196-211; 213-225; 227-238
wta_rankings_83_99.csv,1983-09-12,1,240,105,135,16; 36; 60; 63; 66-67; 70; 74; 76-77; 80-82; 84-91; 99; 101; 103; 106; 109-114; 116-118; 120-124; 126-128; 130-140; 142-146; 148-152; 156-157; 159; 161-165; 167-169; 171; 173-177; 179; 181-183; 185-190; 193-199; 201-217; 219-239
wta_rankings_83_99.csv,1983-09-19,1,240,93,147,16; 23; 36; 46; 48-51; 55; 59-60; 63; 66-67; 70; 74; 76-78; 80-82; 84-91; 94; 99; 101; 103; 106; 109-114; 116-124; 126-128; 130-140; 142-152; 156-157; 159; 161-165; 167-169; 171; 173-177; 179; 181-183; 185-190; 193-199; 201-217; 219-239
wta_rankings_83_99.csv,1983-09-26,1,248,108,140,18; 35; 59; 63-64; 66; 68; 72; 76-77; 79-80; 82-83; 86-89; 91-92; 94; 100-102; 105-106; 110-113; 115; 117-119; 121; 123-127; 129-146; 148; 150-152; 154-155; 157; 159-160; 162-163; 166; 168-171; 173-175; 177-180; 182-186; 188; 190-191; 193-194; 196-203; 205-213; 215-222; 224-247
wta_rankings_83_99.csv,1983-10-03,1,248,96,152,18; 22; 35; 47-48; 50-53; 57; 59; 63-64; 66; 68; 72; 75-77; 79-80; 82-83; 86-89; 91-92; 94-95; 100-102; 105-106; 110-113; 115; 117-121; 123-127; 129-148; 150-152; 154-155; 157; 159-160; 162-163; 166; 168-171; 173-175; 177-180; 182-186; 188; 190-191; 193-194; 196-203; 205-213; 215-222; 224-247
wta_rankings_83_99.csv,1983-10-10,1,252,109,143,19; 34; 43; 60; 63-64; 67; 73; 75; 77; 80; 82; 85-88; 90-91; 93; 96-98; 100-101; 104; 108-109; 111-113; 115-118; 120; 122-128; 130-131; 133-142; 144; 146-147; 149-150; 152-155; 157; 159; 161-164; 166; 168-169; 171-172; 174-175; 177-178; 180; 182-195; 198-204; 206-211; 213-218; 220-236; 238-251
wta_rankings_83_99.csv,1983-10-17,1,252,96,156,19; 21; 34; 42-43; 49-50; 52-53; 56-57; 60; 63-64; 67; 73; 75; 77; 79-80; 82; 85-88; 90-91; 93; 96-98; 100-101; 104; 107-109; 111-113; 115-120; 122-128; 130-131; 133-142; 144; 146-150; 152-155; 157; 159; 161-164; 166; 168-169; 171-172; 174-175; 177-178; 180; 182-195; 198-204; 206-218; 220-236; 238-251
wta_rankings_83_99.csv,1983-10-24,1,257,111,146,20; 31; 39; 53; 63-65; 69; 76; 80-82; 84-86; 88; 90-94; 96-97; 99-100; 105; 109-111; 113-116; 118-120; 122-128; 130-132; 134; 136-138; 140-143; 145-146; 148-151; 154-156; 159-161; 164-165; 168-169; 171; 173-180; 183-200; 202; 204-208; 210-211; 213-224; 226-241; 243-251; 253-256
wta_rankings_83_99.csv,1983-10-31,1,257,97,160,19-20; 31; 39; 42; 46; 50; 52-53; 55; 58-59; 63-65; 69; 76-77; 80-82; 84-86; 88; 90-94; 96-97; 99-100; 105; 109-111; 113-128; 130-132; 134; 136-143; 145-146; 148-151; 154-156; 159-161; 164-165; 168-169; 171; 173-180; 183-200; 202; 204-208; 210-224; 226-251; 253-256
wta_rankings_83_99.csv,1983-11-07,1,279,112,167,5; 20; 30; 40; 56; 62; 64; 71-72; 74; 80-82; 84; 87-95; 97; 101-102; 109-115; 117-119; 121-129; 131-133; 135; 137-138; 140-141; 143-144; 146-149; 151; 154; 156-159; 161-163; 165; 167; 169; 171-174; 176-177; 179-180; 182-198; 201-209; 211-213; 215-227; 229-241; 243-244; 246-247; 249-269; 271-278
wta_rankings_83_99.csv,1983-11-14,1,279,98,181,5; 16; 20; 30; 40; 45; 47; 52; 54-57; 59; 62; 64; 71-72; 74; 77; 80-82; 84; 87-95; 97; 101-102; 109-129; 131-133; 135; 137-141; 143-144; 146-149; 151; 154; 156-159; 161-163; 165; 167; 169; 171-174; 176-177; 179-180; 182-198; 201-209; 211-227; 229-241; 243-244; 246-269; 271-278
wta_rankings_83_99.csv,1983-11-21,1,282,114,168,22; 29; 41; 52; 60; 65; 69; 71-72; 81-83; 86; 89-91; 94-98; 100-102; 105; 107; 109; 111-112; 114-116; 118-120; 122-130; 132; 134-137; 140-141; 143; 145-149; 152-153; 155-157; 159; 162; 164-166; 168-170; 173-178; 180-181; 183-199; 201-202; 204; 206-211; 213-216; 218-243; 245-247; 249-258; 260-263; 265-281
wta_rankings_83_99.csv,1983-11-28,1,282,100,182,16; 22; 29; 41; 47; 49; 52-55; 57; 59-60; 65; 69; 71-72; 80-83; 86; 89-91; 94-98; 100-102; 105; 107; 109; 111-120; 122-130; 132; 134-137; 139-141; 143; 145-149; 152-153; 155-157; 159; 162; 164-166; 168-170; 173-178; 180-181; 183-202; 204; 206-211; 213-216; 218-243; 245-247; 249-263; 265-281
wta_rankings_83_99.csv,1983-12-05,1,280,112,168,29; 37; 39; 49; 51; 58; 62; 66; 71; 74; 81-84; 86-87; 92; 95-96; 98-102; 104-105; 107-108; 110-113; 116-117; 119-121; 123; 125-126; 128-132; 134; 136-137; 139-140; 142-147; 149; 152-158; 160-161; 164-165; 167; 171-179; 181-199; 201-203; 205; 207-212; 214-220; 222-244; 246-251; 253-258; 261-279
wta_rankings_83_99.csv,1983-12-12,1,280,99,181,15; 29; 37; 39; 45; 49-52; 54; 56; 58; 62-63; 66; 71; 74; 79; 81-84; 86-87; 92; 95-96; 98-102; 104-105; 107-108; 110-113; 115-121; 123; 125-126; 128-132; 134; 136-137; 139-147; 149; 152-158; 160-161; 164-165; 167; 171-179; 181-203; 205; 207-212; 214-220; 222-244; 246-251; 253-259; 261-279
wta_rankings_83_99.csv,1983-12-19,1,280,99,181,15; 29; 37; 39; 45; 49-52; 54; 56; 58; 62-63; 66; 71; 74; 79; 81-84; 86-87; 92; 95-96; 98-102; 104-105; 107-108; 110-113; 115-121; 123; 125-126; 128-132; 134; 136-137; 139-147; 149; 152-158; 160-161; 164-165; 167; 171-179; 181-203; 205; 207-212; 214-220; 222-244; 246-251; 253-259; 261-279
wta_rankings_83_99.csv,1983-12-26,1,280,99,181,15; 29; 37; 39; 45; 49-52; 54; 56; 58; 62-63; 66; 71; 74; 79; 81-84; 86-87; 92; 95-96; 98-102; 104-105; 107-108; 110-113; 115-121; 123; 125-126; 128-132; 134; 136-137; 139-147; 149; 152-158; 160-161; 164-165; 167; 171-179; 181-203; 205; 207-212; 214-220; 222-244; 246-251; 253-259; 261-279
wta_rankings_83_99.csv,1984-01-02,1,280,99,181,15; 29; 37; 39; 45; 49-52; 54; 56; 58; 62-63; 66; 71; 74; 79; 81-84; 86-87; 92; 95-96; 98-102; 104-105; 107-108; 110-113; 115-121; 123; 125-126; 128-132; 134; 136-137; 139-147; 149; 152-158; 160-161; 164-165; 167; 171-179; 181-203; 205; 207-212; 214-220; 222-244; 246-251; 253-259; 261-279
wta_rankings_83_99.csv,1984-01-09,1,283,101,182,26; 38; 41; 50-51; 56; 58; 61-62; 64-65; 68-69; 71-73; 75; 79-83; 85; 88; 90; 92-95; 97; 99; 101-105; 108-109; 112-114; 116-123; 125; 127; 130-134; 136-138; 141-145; 147-151; 154-157; 159-162; 164; 167; 169-175; 177-194; 196-200; 202-205; 207-211; 213-217; 219-224; 226-242; 244-247; 249-257; 259-277; 279-282
wta_rankings_83_99.csv,1984-01-16,1,278,89,189,15; 26; 38; 41; 44; 47; 50-52; 54; 56; 58; 61-62; 64-66; 68-69; 71-73; 75; 78-83; 85; 88; 90; 92-95; 97; 99; 101-105; 108-109; 111-114; 116-125; 127; 130-134; 136-138; 140-145; 147-151; 154-157; 159-162; 164; 167; 169-175; 177-200; 202-205; 207-211; 213-217; 219-224; 226-242; 244-247; 249-257; 259-277
wta_rankings_83_99.csv,1984-01-23,1,284,102,182,27; 39; 44; 49; 53; 55; 57; 59-60; 64-67; 69; 74; 79-80; 82-83; 85-89; 93-100; 102-104; 107-108; 112; 115-124; 127-128; 130-131; 133-137; 140-144; 146; 148-151; 153-160; 163; 166; 168-183; 185-192; 194-196; 199-206; 208-212; 214; 216-235; 237-243; 245-246; 248-279; 281-283
wta_rankings_83_99.csv,1984-01-30,1,280,89,191,16; 27; 39-40; 44; 46; 48-49; 52-53; 55; 57; 59-60; 64-67; 69; 74-76; 79-80; 82-83; 85-89; 91; 93-100; 102-104; 106-108; 112; 115-124; 127-128; 130-131; 133-137; 139-144; 146; 148-160; 163; 166; 168-183; 185-192; 194-197; 199-206; 208-212; 214; 216-235; 237-243; 245-246; 248-279
wta_rankings_83_99.csv,1984-02-06,1,282,103,179,34-35; 37; 42; 50; 52; 59-60; 62-63; 68; 70; 74; 76; 78; 81-82; 84-91; 94-95; 97; 99-100; 102-106; 108-113; 115-116; 118; 121-123; 125-126; 129; 131-138; 140-142; 145; 147-149; 151-159; 161-163; 165-166; 169; 172-192; 194-195; 197; 199-200; 202-205; 207-217; 220-232; 234-236; 238-241; 243-249; 251-281
wta_rankings_83_99.csv,1984-02-13,1,282,90,192,16; 34-35; 37; 40; 42; 46; 49-52; 59-60; 62-63; 67-68; 70-71; 74; 76; 78-79; 81-91; 94-95; 97; 99-100; 102-113; 115-116; 118; 121-123; 125-126; 129; 131-138; 140-143; 145; 147-149; 151-159; 161-163; 165-166; 169; 172-192; 194-197; 199-200; 202-205; 207-217; 220-232; 234-236; 238-241; 243-281
wta_rankings_83_99.csv,1984-02-20,1,281,104,177,36-37; 41; 49; 55-56; 62; 68-70; 72-73; 75; 78; 80-85; 87; 90-93; 97; 99-111; 113-115; 118; 120; 122-126; 129; 131-134; 136; 138-139; 142-147; 149-151; 153-157; 159; 161-162; 164; 166-168; 170-171; 173-189; 191-194; 197-202; 204-208; 210-216; 218-219; 221-231; 233; 235-245; 247-259; 261-280
wta_rankings_83_99.csv,1984-03-05,1,284,106,178,29; 44; 55; 57; 61; 63; 65-67; 70-71; 73; 75; 77; 80; 82-84; 86; 89; 91-95; 97; 102-104; 106-107; 109-111; 113-116; 119; 121; 123-125; 127-139; 141-142; 145-147; 149-151; 153; 155-159; 161-164; 166-169; 171-175; 177-185; 187-193; 195-200; 202; 204; 206-215; 217-227; 229-234; 236-237; 239-260; 263-277; 279-283
wta_rankings_83_99.csv,1984-03-12,1,284,93,191,14; 29; 31; 35; 44; 52; 55; 57; 61; 63-67; 69-71; 73-77; 80; 82-84; 86; 88-89; 91-95; 97; 102-104; 106-111; 113-116; 119; 121; 123-125; 127-139; 141-142; 145-147; 149-151; 153; 155-159; 161-164; 166-169; 171-175; 177-185; 187-193; 195-202; 204-215; 217-227; 229-237; 239-260; 263-277; 279-283
wta_rankings_83_99.csv,1984-03-19,1,277,104,173,25; 40; 51; 56; 59; 61; 63; 66-70; 73; 75-76; 78-79; 81; 84-86; 88-90; 93; 95; 100-103; 105-108; 111-117; 120-124; 126; 128-130; 132-139; 141-142; 144-148; 150-151; 153-155; 157-161; 163-166; 169-174; 176-180; 182-190; 192; 195-199; 201-207; 209-219; 221-226; 228-231; 233-234; 236-257; 260-272; 274-276
wta_rankings_83_99.csv,1984-03-26,1,277,91,186,15; 25; 29; 33; 40; 43; 51; 56-57; 59; 61; 63; 65-73; 75-76; 78-79; 81; 84-86; 88-90; 93-95; 97; 100-103; 105-108; 111-117; 120-124; 126; 128-130; 132-139; 141-142; 144-148; 150-151; 153-155; 157-161; 163-166; 169-174; 176-180; 182-190; 192-193; 195-199; 201-219; 221-226; 228-234; 236-257; 260-272; 274-276
wta_rankings_83_99.csv,1984-04-02,1,278,102,176,28; 37; 53; 56; 58; 60-63; 67; 72-74; 76-79; 81-85; 87; 90; 95-103; 106-108; 110-112; 114-122; 126-130; 132-134; 136-137; 139-142; 144-146; 148-150; 152; 154-161; 163-166; 169-171; 173-178; 180-190; 192-195; 198; 200-207; 209-216; 218-227; 229-233; 235-238; 240-258; 260-264; 266-269; 271-277
wta_rankings_83_99.csv,1984-04-09,1,278,90,188,14; 28-29; 34; 37; 42; 53; 55-56; 58; 60-64; 67; 69; 71-74; 76-79; 81-85; 87; 90; 93; 95-103; 106-108; 110-112; 114-122; 126-130; 132-134; 136-137; 139-142; 144-146; 148-150; 152; 154-161; 163-166; 169-171; 173-178; 180-195; 198; 200-216; 218-227; 229-233; 235-258; 260-264; 266-269; 271-277
wta_rankings_83_99.csv,1984-04-16,1,273,103,170,28; 53-54; 56; 62-64; 67; 69; 71-72; 74-77; 79; 83-86; 89-92; 96; 98-101; 103-104; 106; 108-114; 116-117; 119-122; 125-129; 131-134; 136-141; 143-144; 146-149; 151-162; 166; 168-174; 176-189; 192-193; 195; 199-214; 216-219; 221-223; 225-227; 229-255; 257-259; 261-262; 264-272
wta_rankings_83_99.csv,1984-04-23,1,273,90,183,13; 28; 32; 35; 49; 53-54; 56; 59-60; 62-64; 67-69; 71-77; 79; 81; 83-86; 89-92; 94; 96; 98-101; 103-104; 106; 108-114; 116-117; 119-122; 125-129; 131-134; 136-141; 143-144; 146-149; 151-162; 166; 168-174; 176-190; 192-193; 195; 197; 199-214; 216-223; 225-227; 229-255; 257-259; 261-262; 264-272
wta_rankings_83_99.csv,1984-04-30,1,273,103,170,28; 55; 59; 62-64; 68-69; 72; 75; 77-79; 81-84; 86-89; 91-92; 94-96; 98; 100-103; 105; 107; 109; 111-115; 117-120; 122-126; 131; 134-138; 140-145; 147-162; 165; 167-170; 172-178; 180-181; 183-189; 191-197; 199; 202-216; 218-222; 224-235; 237-263; 265-266; 269-272
wta_rankings_83_99.csv,1984-05-07,1,273,90,183,11; 21; 28; 35; 51; 55; 58-60; 62-64; 67-69; 71-73; 75-79; 81-84; 86-89; 91-92; 94-96; 98; 100-103; 105; 107; 109; 111-115; 117-120; 122-126; 131; 134-138; 140-145; 147-162; 165; 167-170; 172-178; 180-181; 183-197; 199-200; 202-216; 218-235; 237-263; 265-266; 269-272
wta_rankings_83_99.csv,1984-05-14,1,271,101,170,28; 50; 61-62; 65-67; 71-72; 74; 77-78; 81-83; 85; 87-93; 95-96; 98-100; 102-105; 109; 111-117; 119-121; 123-127; 131-134; 137-142; 144-149; 151-155; 157-159; 161-162; 164-179; 182-187; 189-196; 198-199; 202-221; 223-224; 226-235; 237-247; 249-264; 266-270
wta_rankings_83_99.csv,1984-05-21,1,271,88,183,11; 21; 28; 35; 40; 50; 59-63; 65-67; 70-72; 74-75; 77-79; 81-83; 85; 87-93; 95-96; 98-100; 102-105; 109; 111-117; 119-121; 123-127; 131-134; 137-142; 144-149; 151-155; 157-159; 161-162; 164-179; 182-196; 198-199; 201-221; 223-235; 237-247; 249-264; 266-270
wta_rankings_83_99.csv,1984-05-28,1,267,102,165,29; 46; 61; 64; 66-69; 72; 78; 80-87; 89-95; 97-101; 103-104; 106; 108; 110; 113-116; 119; 121-127; 130-135; 138-148; 150-158; 160-162; 166-168; 170; 172-177; 180-188; 191-196; 198-211; 213-214; 216-232; 234-243; 245-246; 248-266
wta_rankings_83_99.csv,1984-06-04,1,267,89,178,12; 23; 29; 35-36; 46; 54; 58; 61; 63-64; 66-69; 72-73; 76-78; 80-87; 89-95; 97-101; 103-104; 106; 108; 110; 113-116; 119; 121-127; 130-135; 138-148; 150-158; 160-162; 166-168; 170; 172-177; 180-189; 191-211; 213-232; 234-243; 245-246; 248-266
wta_rankings_83_99.csv,1984-06-11,1,280,103,177,28; 42; 51; 53; 61; 66; 69-71; 73-74; 77-78; 82-90; 92-95; 98-102; 104-106; 108-110; 112-114; 116-117; 119-121; 123; 126; 130-133; 135-141; 143-146; 148-153; 155-160; 164; 167-168; 171-177; 180-192; 194-196; 198-213; 215-220; 222-243; 245; 247; 249-279
wta_rankings_83_99.csv,1984-06-18,1,280,90,190,10; 20; 28; 32; 42; 46; 51; 53-54; 61-62; 64; 66-67; 69-71; 73-74; 77-79; 82-90; 92-95; 98-102; 104-106; 108-110; 112-114; 116-117; 119-121; 123; 126; 129-133; 135-146; 148-153; 155-160; 164; 167-168; 171-177; 180-192; 194-220; 222-243; 245; 247; 249-279
wta_rankings_83_99.csv,1984-06-25,1,284,102,182,27; 41; 49; 51; 59; 61; 65; 68; 71-74; 76; 78; 80; 83-87; 89-92; 94-96; 98-100; 102-106; 109-112; 116-120; 122-123; 125; 128-129; 132-144; 148-153; 155-159; 161; 165-166; 169-177; 179-180; 182-197; 200-214; 216-220; 222-240; 242-247; 249-250; 252-283
wta_rankings_83_99.csv,1984-07-02,1,284,90,194,10; 20; 27; 33; 41; 49; 51; 55; 59-62; 65; 68; 70-74; 76; 78; 80; 82-92; 94-96; 98-100; 102-106; 109-112; 116-120; 122-123; 125; 128-130; 132-144; 148-153; 155-159; 161; 165-166; 169-177; 179-180; 182-198; 200-220; 222-240; 242-247; 249-250; 252-283
wta_rankings_83_99.csv,1984-07-09,1,252,98,154,28; 37; 43; 49; 57; 62-64; 68; 71; 73-74; 77; 79-80; 83-85; 88-97; 99-104; 106; 109-113; 115-117; 119-122; 124-125; 128; 130-133; 135; 137-145; 148-154; 156; 158-160; 162-164; 167-173; 175-176; 178-179; 181-196; 198; 200-205; 207-216; 218-235; 237-242; 244-251
wta_rankings_83_99.csv,1984-07-16,1,252,85,167,11; 20; 28; 33; 37; 43; 49; 51-52; 57; 61-64; 67-69; 71; 73-74; 77-80; 83-85; 87-97; 99-104; 106; 109-113; 115-117; 119-122; 124-125; 128-133; 135; 137-145; 148-154; 156; 158-160; 162-164; 167-173; 175-176; 178-179; 181-196; 198-205; 207-235; 237-242; 244-251
wta_rankings_83_99.csv,1984-07-23,1,276,110,166,31; 43; 50; 55; 60-61; 63; 66; 72-74; 77-78; 81-84; 87; 89-91; 93-97; 99-100; 102-103; 105; 107-109; 113-115; 117-124; 127-128; 130-131; 134; 137-141; 143-145; 147; 149-151; 153-156; 158-159; 161; 163-166; 168; 170-172; 174-175; 177; 179; 181-183; 185-186; 188-199; 201-207; 209-217; 219-222; 224-245; 248-249; 251-272; 274-275
wta_rankings_83_99.csv,1984-07-30,1,276,96,180,11; 20; 31; 33; 43; 50; 52; 55; 57; 59-61; 63; 65-66; 69; 72-74; 76-78; 81-84; 87-91; 93-97; 99-100; 102-103; 105; 107-109; 113-115; 117-124; 127-128; 130-131; 133-135; 137-141; 143-145; 147; 149-151; 153-156; 158-159; 161; 163-166; 168; 170-175; 177; 179; 181-183; 185-186; 188-199; 201-207; 209-222; 224-245; 248-249; 251-272; 274-275
wta_rankings_83_99.csv,1984-08-06,1,274,109,165,30; 40; 46; 55; 59; 62-63; 65; 69-71; 74-78; 81; 84; 87-89; 91; 94; 96-98; 100; 102-106; 109-111; 113-114; 116-119; 122-124; 126-129; 132-134; 136-140; 142-146; 148-156; 158-159; 161-162; 165-167; 170-171; 173-175; 177; 180; 182; 184-188; 190-203; 205-208; 210-219; 221-230; 232-237; 239-240; 242-244; 246-247; 249-265; 267-273
wta_rankings_83_99.csv,1984-08-13,1,274,96,178,11; 19; 30; 34; 40; 46; 52; 55; 59-63; 65; 68-71; 73-78; 81-82; 84; 87-89; 91; 93-94; 96-98; 100; 102-106; 109-111; 113-114; 116-119; 122-124; 126-129; 131-134; 136-140; 142-146; 148-156; 158-159; 161-162; 165-167; 170-175; 177; 180; 182; 184-188; 190-203; 205-208; 210-230; 232-237; 239-240; 242-244; 246-247; 249-265; 267-273
wta_rankings_83_99.csv,1984-08-20,1,284,115,169,31; 45-47; 55; 61; 64; 68-70; 74-75; 78-80; 83-84; 86; 91; 93; 95-99; 102; 104-108; 112-116; 118-121; 124-128; 130-132; 134-139; 142-145; 147-148; 150-153; 155-159; 161-162; 166; 169-171; 173; 175-184; 187-189; 191-194; 196-209; 211-213; 215-218; 220-229; 231-246; 249-251; 253-256; 258; 260-273; 275-277; 279; 281-283
wta_rankings_83_99.csv,1984-08-27,1,284,101,183,11; 22; 31; 33; 45-48; 55; 58; 61; 63-64; 66; 68-71; 73-75; 78-80; 83-84; 86; 88; 91; 93; 95-99; 101-102; 104-108; 112-116; 118-121; 124-128; 130-139; 142-145; 147-148; 150-153; 155-159; 161-162; 166; 169-173; 175-184; 187-189; 191-194; 196-209; 211-213; 215-229; 231-246; 249-251; 253-256; 258; 260-273; 275-277; 279; 281-283
wta_rankings_83_99.csv,1984-09-03,1,277,112,165,29; 44; 48-49; 54; 61; 63; 66; 71-72; 74-75; 78; 80-81; 83-84; 87; 91; 93; 95-100; 103-104; 106-107; 109; 112-119; 121; 123; 126-128; 130-134; 136-139; 141-148; 150; 152-154; 157-160; 162-163; 166; 168-169; 171-181; 184-186; 188-191; 193-209; 211-214; 216-226; 228-233; 235-244; 247-248; 250-253; 255-269; 271; 273; 275-276
wta_rankings_83_99.csv,1984-09-10,1,277,98,179,12; 21; 26; 29; 37; 44; 47-49; 54; 58; 61; 63-64; 66; 68; 71-75; 78; 80-81; 83-84; 87; 90-91; 93; 95-100; 103-107; 109; 112-119; 121; 123; 126-128; 130-139; 141-148; 150; 152-154; 157-160; 162-163; 166; 168-181; 184-186; 188-191; 193-209; 211-226; 228-233; 235-244; 247-248; 250-253; 255-269; 271; 273; 275-276
wta_rankings_83_99.csv,1984-09-17,1,276,112,164,26; 28; 44-45; 51; 54; 58; 62-63; 70; 72; 74; 80-82; 84-86; 88; 90-91; 93; 95-97; 99-103; 109-110; 112-117; 121-122; 124; 127-134; 136-142; 144-150; 155-157; 160-165; 167-172; 177; 179-186; 189-191; 193-211; 213-216; 218-230; 232-245; 248-250; 252-254; 256-268; 270-272; 274-275
wta_rankings_83_99.csv,1984-09-24,1,276,99,177,15; 21; 26; 28; 38; 44-45; 51; 53-54; 58; 62-64; 66-67; 70-72; 74; 78; 80-82; 84-86; 88; 90-91; 93; 95-103; 109-110; 112-117; 121-122; 124; 127-142; 144-150; 155-157; 160-165; 167-172; 174; 177; 179-186; 189-191; 193-211; 213-230; 232-245; 248-250; 252-254; 256-268; 270-272; 274-275
wta_rankings_83_99.csv,1984-10-01,1,274,113,161,26; 42; 48; 53; 55; 57; 61-62; 70; 72; 74; 79-85; 87; 89-91; 93-94; 96; 100-101; 103; 106-112; 115-119; 121-122; 128-129; 131-133; 135; 137-152; 156; 161-172; 174-177; 180-181; 183-189; 192; 194-196; 198-205; 207-213; 215-232; 234-243; 245; 249-253; 255-264; 266-273
wta_rankings_83_99.csv,1984-10-08,1,274,100,174,15; 23-24; 26; 35; 41-42; 48; 53; 55-57; 61-62; 64; 69-70; 72; 74; 78-85; 87; 89-91; 93-94; 96; 100-103; 106-112; 115-119; 121-122; 128-129; 131-133; 135-152; 156; 161-177; 180-181; 183-189; 192; 194-205; 207-213; 215-232; 234-243; 245; 249-253; 255-264; 266-273
wta_rankings_83_99.csv,1984-10-15,1,275,114,161,20; 39; 45; 50-52; 56; 63; 67-68; 71; 74-76; 78; 81-82; 86; 88-91; 93-94; 96-98; 103-104; 106; 109-110; 112-114; 116-119; 121-122; 124; 126-127; 131; 134-139; 141-142; 144-145; 147-151; 153-157; 159-160; 162; 164; 166; 168-176; 179-182; 184-185; 187-192; 194-197; 199-208; 210-211; 213-218; 220-237; 239-246; 248; 250-251; 254-263; 265-268; 270-274
wta_rankings_83_99.csv,1984-10-22,1,275,100,175,16; 20; 24-25; 39; 41; 45; 49-53; 55-56; 63; 67-68; 70-71; 74-76; 78; 81-82; 84; 86; 88-94; 96-98; 103-104; 106; 109-110; 112-119; 121-122; 124; 126-127; 131; 134-139; 141-145; 147-151; 153-157; 159-160; 162; 164; 166; 168-182; 184-185; 187-192; 194-197; 199-208; 210-211; 213-218; 220-237; 239-246; 248; 250-251; 254-263; 265-268; 270-274
wta_rankings_83_99.csv,1984-10-29,1,273,116,157,19; 48-49; 51; 53; 59; 63-64; 72-73; 77-78; 80-83; 86-89; 91-92; 97; 99; 101; 105-116; 119; 121; 125-126; 129-131; 133-134; 136-140; 142-149; 152-155; 157; 161; 163-164; 166-174; 177-180; 182-191; 195; 197-213; 215-218; 220-236; 238-241; 243-246; 248-250; 253-254; 257-263; 265-272
wta_rankings_83_99.csv,1984-11-05,1,273,102,171,18-19; 22; 31; 40; 48-49; 51-54; 56; 59; 63-64; 70; 72-73; 77-78; 80-84; 86-89; 91-92; 97-99; 101; 105-116; 119-121; 125-126; 129-131; 133-134; 136-149; 152-155; 157; 161; 163-164; 166-180; 182-191; 195; 197-213; 215-218; 220-236; 238-241; 243-246; 248-250; 253-254; 257-263; 265-272
wta_rankings_83_99.csv,1984-11-12,1,268,117,151,18; 45; 50-51; 57; 59-60; 62-63; 70; 72; 76; 80-84; 87-91; 98-99; 101; 105-107; 109-117; 120-121; 125-126; 129-134; 137; 139-143; 146-151; 153; 156; 158-160; 162-163; 165; 168-172; 174-176; 178-180; 182-194; 196-197; 199; 201-218; 220-221; 223-229; 231-237; 239; 241-246; 248-254; 257-258; 261-267
wta_rankings_83_99.csv,1984-11-19,1,268,103,165,17-18; 23; 31; 45; 49-52; 54; 57; 59-63; 68; 70; 72; 76; 80-85; 87-91; 95; 98-99; 101; 105-107; 109-117; 120-121; 123; 125-126; 129-134; 137; 139-144; 146-151; 153; 156; 158-160; 162-163; 165-166; 168-172; 174-180; 182-194; 196-197; 199; 201-218; 220-221; 223-229; 231-237; 239; 241-246; 248-254; 257-258; 261-267
wta_rankings_83_99.csv,1984-11-26,1,282,117,165,11; 20; 47; 51; 55; 57; 60-61; 65-66; 69; 73; 79-80; 82-84; 87; 89-91; 93-96; 99; 102-103; 105; 107; 112-116; 119; 121-122; 126-129; 132-135; 137-145; 147-150; 152; 155-159; 162-164; 166; 169-170; 172-176; 178-180; 182-188; 190-194; 196-203; 206-218; 220-223; 225-226; 228-243; 246-258; 260; 262; 264-270; 272-273; 275-281
wta_rankings_83_99.csv,1984-12-03,1,282,103,179,11; 19-20; 27; 31; 47; 51-52; 54-57; 60-62; 65-66; 69-71; 73; 79-80; 82-84; 87; 89-91; 93-96; 99; 102-103; 105-107; 112-116; 119; 121-122; 124; 126-129; 132-145; 147-150; 152; 155-159; 162-164; 166; 168-170; 172-180; 182-188; 190-194; 196-203; 206-218; 220-223; 225-226; 228-243; 246-258; 260; 262; 264-270; 272-273; 275-281
wta_rankings_83_99.csv,1984-12-10,1,296,122,174,19; 43; 54; 58; 62-63; 66; 68-69; 72; 78; 82-83; 86-92; 95-97; 99; 101; 103-104; 107; 111-113; 116; 119-120; 124-127; 129-131; 133-138; 140-141; 143-144; 146-153; 156-161; 163; 167; 169; 171-174; 176-181; 183-186; 188-199; 201-210; 212; 215-222; 224-227; 231-234; 236-246; 248-253; 255-272; 274-275; 278-284; 286-293; 295
wta_rankings_83_99.csv,1984-12-17,1,296,108,188,19-20; 28; 33; 36; 43; 51; 54; 58-60; 62-63; 65-66; 68-69; 71-72; 78; 82-83; 86-92; 95-97; 99; 101; 103-104; 107; 109; 111-113; 116; 119-120; 124-131; 133-141; 143-144; 146-153; 156-161; 163; 167-169; 171-174; 176-186; 188-199; 201-210; 212; 215-222; 224-227; 231-234; 236-246; 248-253; 255-272; 274-275; 278-284; 286-293; 295
wta_rankings_83_99.csv,1984-12-24,1,296,122,174,20; 43; 52; 54; 57; 63; 65-66; 70; 72; 79-80; 83; 85-86; 88-91; 94-96; 99-101; 104; 106; 110-114; 117-118; 122-124; 126-127; 130; 132-137; 139-140; 142-143; 145-152; 155-160; 163-164; 166; 169-171; 173-174; 176-181; 183-186; 188; 190-200; 202-210; 215-228; 231-233; 235-241; 243-247; 249-272; 274-277; 279-281; 283-289; 291; 293-295
wta_rankings_83_99.csv,1984-12-31,1,296,108,188,18; 20; 29; 34; 38; 43; 47; 52-54; 57; 62-63; 65-66; 68; 70; 72; 79-81; 83; 85-86; 88-91; 94-96; 99-101; 104; 106; 108; 110-114; 117-118; 122-127; 130; 132-140; 142-143; 145-152; 155-160; 163-164; 166-167; 169-171; 173-174; 176-186; 188; 190-200; 202-210; 215-228; 231-233; 235-241; 243-247; 249-272; 274-277; 279-281; 283-289; 291; 293-295
wta_rankings_83_99.csv,1985-01-07,1,287,68,219,11; 13; 16; 19-22; 27; 29; 36-37; 39; 41-48; 50; 52; 54; 56-68; 71; 73-75; 78; 80-89; 92-96; 98-99; 101-112; 114-116; 120-126; 129-133; 135-136; 138-148; 152-156; 159-161; 163-180; 182-195; 197-199; 201-204; 206-207; 209-210; 212; 214-232; 235-247; 249-269; 271-286
wta_rankings_83_99.csv,1985-01-14,1,287,61,226,11; 13; 16-17; 19-22; 27; 29-30; 35-37; 39; 41-48; 50; 52-54; 56-68; 71; 73-75; 78; 80-89; 92-96; 98-99; 101-112; 114-116; 120-127; 129-136; 138-148; 152-156; 159-161; 163-195; 197-199; 201-204; 206-207; 209-210; 212; 214-232; 235-247; 249-269; 271-286
wta_rankings_83_99.csv,1985-01-21,1,293,59,234,12-13; 15; 17-19; 21-23; 27; 29; 33; 37-39; 41-50; 54-56; 59-72; 74-77; 81; 84-88; 90; 92-109; 111-116; 118-120; 122-126; 128-133; 136-153; 156-157; 159-170; 172-194; 196-202; 204-210; 213-232; 234; 236; 238-251; 253-277; 279-286; 288-292
wta_rankings_83_99.csv,1985-01-28,1,293,54,239,12-13; 15-19; 21-23; 27; 29-30; 33; 36-39; 41-50; 53-56; 59-72; 74-77; 81-82; 84-88; 90; 92-109; 111-116; 118-120; 122-126; 128-133; 136-153; 156-157; 159-170; 172-194; 196-202; 204-210; 213-232; 234; 236; 238-251; 253-277; 279-286; 288-292
wta_rankings_83_99.csv,1985-02-04,1,293,98,195,21; 46; 49; 51; 54; 57-61; 71-72; 74; 76; 80; 88; 90; 92-100; 102-103; 105-106; 109-111; 113-115; 118; 120-125; 128-136; 138-141; 143-151; 153; 156-157; 159-164; 167-169; 171-184; 186-204; 206-210; 212-231; 233-292
wta_rankings_83_99.csv,1985-02-11,1,293,84,209,13; 21; 23; 34-35; 37; 42; 46; 49; 51; 54; 56-61; 70-72; 74; 76; 80; 83; 88-90; 92-100; 102-103; 105-106; 108-111; 113-115; 118; 120-126; 128-136; 138-141; 143-151; 153; 156-164; 167-169; 171-204; 206-210; 212-231; 233-292
wta_rankings_83_99.csv,1985-02-18,1,291,36,255,3; 10-13; 15; 17-20; 22-23; 25; 28-31; 33-34; 36; 38-39; 41-45; 47-53; 55-59; 61-68; 70-71; 73-84; 86-90; 92-102; 104-110; 112-137; 139-153; 155-192; 194-197; 199-204; 206-222; 224-236; 238; 240-290
wta_rankings_83_99.csv,1985-02-25,1,291,32,259,3; 10-13; 15; 17-20; 22-25; 28-31; 33-34; 36; 38-39; 41-53; 55-71; 73-84; 86-90; 92-102; 104-110; 112-137; 139-153; 155-192; 194-197; 199-204; 206-222; 224-236; 238; 240-290
wta_rankings_83_99.csv,1985-03-04,1,254,44,210,4; 8; 12-15; 17-19; 22-25; 29-31; 36-41; 43-46; 49-54; 56-57; 59-66; 68-69; 71; 73-89; 91; 93; 95-100; 102-111; 113-131; 133-143; 145-157; 159-191; 193-199; 201-216; 218-220; 222-223; 225-231; 233-238; 240; 242-253
wta_rankings_83_99.csv,1985-03-11,1,254,40,214,4; 8; 12-15; 17-19; 21-25; 29-31; 36-41; 43-47; 49-54; 56-69; 71; 73-89; 91; 93; 95-100; 102-111; 113-131; 133-143; 145-157; 159-191; 193-199; 201-216; 218-220; 222-223; 225-231; 233-238; 240; 242-253
wta_rankings_83_99.csv,1985-03-18,1,242,39,203,6; 10-13; 16-18; 21-27; 30; 32-33; 37-38; 40-47; 50-54; 56-62; 65-67; 69; 71-79; 82-94; 96-99; 101-126; 128-132; 134-136; 138-155; 157-184; 186-192; 194-196; 198-226; 228-241
wta_rankings_83_99.csv,1985-03-25,1,242,35,207,6; 10-13; 16-18; 20-27; 30; 32-33; 37-38; 40-48; 50-54; 56-63; 65-69; 71-79; 82-94; 96-99; 101-126; 128-132; 134-136; 138-155; 157-184; 186-192; 194-196; 198-226; 228-241
wta_rankings_83_99.csv,1985-04-01,1,301,40,261,6; 10-12; 14-15; 17-18; 20; 22-25; 27-28; 30; 32; 34; 38-42; 44-48; 50-55; 57-60; 62-63; 65-71; 73-77; 79-80; 82-98; 100-102; 104-131; 133-140; 142-143; 145-160; 162-178; 180-195; 197-199; 201-228; 230-244; 246-254; 256-300
wta_rankings_83_99.csv,1985-04-08,1,301,36,265,6; 10-12; 14-15; 17-20; 22-25; 27-28; 30; 32; 34; 38-48; 50-60; 62-71; 73-77; 79-80; 82-98; 100-102; 104-131; 133-140; 142-143; 145-160; 162-178; 180-195; 197-199; 201-228; 230-244; 246-254; 256-300
wta_rankings_83_99.csv,1985-04-15,1,300,35,265,7; 9-13; 15-16; 20-23; 25-27; 29-32; 34-35; 38-48; 50-53; 55-57; 59-60; 62-67; 69; 71; 73-78; 80-81; 83-93; 95-145; 147-152; 154-199; 202-221; 223-231; 233-241; 243-249; 251-299
wta_rankings_83_99.csv,1985-04-22,1,300,31,269,7; 9-13; 15-16; 19-23; 25-27; 29-32; 34-35; 38-48; 50-57; 59-69; 71; 73-78; 80-81; 83-93; 95-145; 147-152; 154-199; 202-221; 223-231; 233-241; 243-249; 251-299
wta_rankings_83_99.csv,1985-04-29,1,304,45,259,8; 10-13; 16; 19; 21-25; 28-29; 32; 34-36; 39-43; 45-48; 50-60; 62-63; 65-70; 72-73; 75-78; 81-83; 85-94; 96; 98-100; 102-118; 120-145; 147-152; 154-172; 174-195; 197-201; 204-213; 215-221; 223-235; 237-246; 248-262; 264-303
wta_rankings_83_99.csv,1985-05-06,1,304,41,263,8; 10-13; 16; 19-25; 28-29; 32; 34-36; 39-43; 45-48; 50-70; 72-73; 75-78; 80-83; 85-94; 96; 98-100; 102-118; 120-145; 147-152; 154-172; 174-195; 197-201; 204-213; 215-221; 223-235; 237-246; 248-262; 264-303
wta_rankings_83_99.csv,1985-05-13,1,294,47,247,9-13; 15; 20-22; 24-28; 30-32; 37-40; 42; 45-51; 53-55; 57-60; 62-68; 70-71; 73; 75-81; 83-86; 88-93; 95-107; 109-116; 118-126; 128-145; 147-153; 155-156; 158-171; 173-180; 182-201; 203-217; 219-220; 222-229; 231; 234-240; 242-293
wta_rankings_83_99.csv,1985-05-20,1,294,43,251,9-13; 15; 19-22; 24-28; 30-32; 37-40; 42-43; 45-51; 53-55; 57-60; 62-71; 73; 75-86; 88-93; 95-107; 109-116; 118-126; 128-145; 147-153; 155-156; 158-171; 173-180; 182-201; 203-217; 219-220; 222-229; 231; 234-240; 242-293
wta_rankings_83_99.csv,1985-05-27,1,292,48,244,8; 10-13; 16; 19; 21-25; 27; 29; 31-33; 35-37; 39-41; 43; 45-47; 49; 53-58; 60-66; 68-73; 75-77; 79-86; 89-90; 92-110; 112-118; 121-145; 147-155; 157-162; 164-174; 176; 178-204; 206-208; 210-212; 214-219; 221-225; 227-236; 238-239; 241-247; 249-291
wta_rankings_83_99.csv,1985-06-03,1,292,44,248,8; 10-13; 16; 19-25; 27; 29; 31-33; 35-37; 39-41; 43-47; 49; 53-58; 60-73; 75-77; 79-86; 88-90; 92-110; 112-118; 121-145; 147-155; 157-162; 164-174; 176; 178-204; 206-208; 210-212; 214-219; 221-225; 227-236; 238-239; 241-247; 249-291
wta_rankings_83_99.csv,1985-06-10,1,275,48,227,9-10; 12-14; 17; 19-21; 23; 25-26; 29-32; 34; 36-38; 40-42; 44-47; 51-54; 56-57; 59-74; 77-83; 85-93; 95; 98; 100-101; 103-121; 123-126; 128-130; 132-145; 147-164; 166-172; 174-178; 180-184; 186-193; 195-208; 210-219; 221-226; 229-250; 252-274
wta_rankings_83_99.csv,1985-06-17,1,275,44,231,9-10; 12-14; 17; 19-23; 25-26; 29-32; 34; 36-42; 44-47; 51-54; 56-57; 59-74; 76-83; 85-93; 95-96; 98; 100-101; 103-121; 123-126; 128-130; 132-145; 147-164; 166-172; 174-178; 180-184; 186-193; 195-208; 210-219; 221-226; 229-250; 252-274
wta_rankings_83_99.csv,1985-06-24,1,294,48,246,9-10; 12-13; 16-17; 19-20; 22-25; 28; 30-31; 34-38; 40; 42-45; 47-52; 54; 57-58; 60-79; 81-83; 85-91; 93; 95-98; 102-122; 124-128; 131-140; 142-163; 165-169; 171-175; 177; 179-192; 194-209; 211-221; 224; 226-242; 244-282; 284-293
wta_rankings_83_99.csv,1985-07-01,1,294,44,250,9-10; 12-13; 16-17; 19-25; 28; 30-31; 34-38; 40-45; 47-52; 54; 57-58; 60-83; 85-91; 93; 95-99; 102-122; 124-128; 131-140; 142-163; 165-169; 171-175; 177; 179-192; 194-209; 211-221; 224; 226-242; 244-282; 284-293
wta_rankings_83_99.csv,1985-07-08,1,298,43,255,6; 10-11; 13-19; 22-25; 27; 32-34; 36-38; 40-41; 43-48; 50-51; 53-55; 57-68; 70-94; 96; 98; 100; 103-107; 109-111; 113-128; 130-134; 136-140; 142-164; 166-168; 170-178; 180-208; 210-223; 225; 228-232; 234-282; 284-297
wta_rankings_83_99.csv,1985-07-15,1,298,40,258,6; 10-11; 13-19; 21-25; 27; 32-34; 36-41; 43-48; 50-51; 53-55; 57-68; 70-94; 96; 98-100; 103-107; 109-111; 113-128; 130-134; 136-140; 142-164; 166-168; 170-178; 180-208; 210-223; 225; 228-232; 234-282; 284-297
wta_rankings_83_99.csv,1985-07-22,1,257,46,211,9; 11; 13; 15-19; 21; 23; 25-27; 30-31; 33-35; 38-41; 43-45; 47; 49-51; 53-57; 59-73; 76-86; 88-93; 95-98; 100-101; 103-105; 108-109; 111-113; 115-127; 129-140; 142-168; 170-175; 177-194; 196-214; 216-218; 220-222; 224-233; 235-242; 245-256
wta_rankings_83_99.csv,1985-07-29,1,257,42,215,9; 11; 13; 15-19; 21-23; 25-27; 30-31; 33-36; 38-41; 43-45; 47; 49-51; 53-57; 59-73; 75-86; 88-93; 95-98; 100-105; 108-109; 111-113; 115-127; 129-140; 142-168; 170-175; 177-194; 196-214; 216-218; 220-222; 224-233; 235-242; 245-256
wta_rankings_83_99.csv,1985-08-05,1,257,53,204,9; 14-21; 23-27; 32; 35-38; 40-41; 43; 45-49; 51-53; 55-65; 67-69; 73-75; 77-81; 84-97; 99-105; 107-109; 111-120; 122-135; 138-145; 147-160; 162-169; 171; 173-180; 182-202; 204-217; 219-222; 224; 226-228; 230-231; 235-236; 238-255
wta_rankings_83_99.csv,1985-08-12,1,257,48,209,4; 9; 14-27; 30; 32; 35-38; 40-41; 43; 45-49; 51-53; 55-65; 67-69; 71; 73-75; 77-82; 84-97; 99-105; 107-109; 111-120; 122-135; 138-145; 147-160; 162-169; 171; 173-180; 182-202; 204-217; 219-222; 224; 226-228; 230-231; 235-236; 238-255
wta_rankings_83_99.csv,1985-09-02,1,257,55,202,12-16; 18-25; 32; 34; 36-39; 42-50; 52-57; 59-62; 64-66; 68-73; 75; 78-83; 85-86; 88-99; 101-107; 109-110; 112-116; 118-131; 133-138; 140-146; 148-150; 152-161; 163; 165-170; 172-178; 180-182; 184-199; 201-214; 216-220; 222-223; 225; 227-228; 230-232; 235; 237-254; 256
wta_rankings_83_99.csv,1985-09-09,1,257,50,207,5; 12-16; 18-27; 32; 34; 36-39; 42-50; 52-57; 59-62; 64-66; 68-73; 75; 77-86; 88-99; 101-107; 109-110; 112-116; 118-131; 133-138; 140-146; 148-150; 152-161; 163; 165-170; 172-178; 180-182; 184-199; 201-214; 216-220; 222-223; 225; 227-228; 230-232; 235; 237-254; 256
wta_rankings_83_99.csv,1985-09-16,1,262,55,207,12-16; 18-22; 24-26; 30-31; 34-35; 37; 39; 41-42; 44; 46; 48-51; 53-59; 61-67; 71-77; 79-80; 82-86; 88-101; 103-106; 108-117; 119-120; 122; 125-135; 137-143; 145-153; 155-162; 164-168; 170-179; 181-203; 205-212; 214; 216-219; 221-229; 234-250; 252; 254-261
wta_rankings_83_99.csv,1985-09-23,1,262,50,212,3; 12-16; 18-27; 30-31; 34-35; 37; 39; 41-42; 44; 46; 48-51; 53-59; 61-67; 70-80; 82-86; 88-101; 103-106; 108-117; 119-120; 122; 125-135; 137-143; 145-153; 155-162; 164-168; 170-179; 181-203; 205-212; 214; 216-219; 221-229; 234-250; 252; 254-261
wta_rankings_83_99.csv,1985-09-30,1,255,55,200,11; 13-17; 19-22; 25-26; 29; 32; 34-37; 39; 42; 44-47; 49-52; 54-56; 58; 60-68; 70-71; 73-79; 81; 83-84; 86-106; 108-117; 119; 121; 124-127; 129-134; 136-144; 146-149; 151-159; 161-168; 170-177; 179-212; 214-216; 218; 220-224; 226-230; 234-240; 243-248; 250-254
wta_rankings_83_99.csv,1985-10-07,1,255,50,205,3; 11; 13-17; 19-23; 25-27; 29; 32; 34-37; 39; 42; 44-47; 49-52; 54-56; 58; 60-68; 70-81; 83-84; 86-106; 108-117; 119; 121; 124-127; 129-134; 136-144; 146-149; 151-159; 161-168; 170-177; 179-212; 214-216; 218; 220-224; 226-230; 234-240; 243-248; 250-254
wta_rankings_83_99.csv,1985-10-14,1,254,55,199,9; 13-16; 18-20; 22-24; 26-27; 31; 34; 36-37; 40; 42-46; 48-51; 53; 55-66; 68; 71-81; 85-105; 107-108; 110-118; 121; 123; 125-137; 139-140; 142-148; 150-158; 160-171; 173-177; 179-181; 183-204; 206-216; 218-229; 231; 236-245; 247-252
wta_rankings_83_99.csv,1985-10-21,1,254,50,204,3; 9; 13-16; 18-24; 26-27; 29; 31; 34; 36-37; 40; 42-46; 48-51; 53; 55-66; 68; 70-82; 85-105; 107-108; 110-118; 121; 123; 125-137; 139-140; 142-148; 150-158; 160-171; 173-177; 179-181; 183-204; 206-216; 218-229; 231; 236-245; 247-252
wta_rankings_83_99.csv,1985-10-28,1,293,56,237,10; 13-16; 18-19; 21-25; 28; 30; 32; 34; 37-38; 40; 42; 44-47; 49-51; 53-56; 58; 60-61; 63-68; 70-80; 82; 84-88; 90-106; 109-117; 119; 123-133; 135-137; 139-152; 154-157; 159-165; 167-175; 177-182; 184-185; 187-199; 201-218; 221-228; 230-233; 235-238; 241-257; 259-279; 281-292
wta_rankings_83_99.csv,1985-11-04,1,293,51,242,4; 10; 13-16; 18-26; 28; 30; 32; 34; 37-38; 40; 42; 44-47; 49-51; 53-56; 58; 60-68; 70-82; 84-88; 90-106; 109-117; 119; 123-133; 135-137; 139-152; 154-157; 159-165; 167-175; 177-182; 184-185; 187-199; 201-218; 221-228; 230-233; 235-238; 241-257; 259-279; 281-292
wta_rankings_83_99.csv,1985-11-11,1,309,56,253,10; 13-17; 20; 22-26; 28; 31-34; 36; 39; 41-42; 45-46; 48-49; 51-57; 59-60; 62-63; 65-67; 69-76; 79-89; 91-92; 94-102; 104-108; 110-115; 117; 120-130; 132-133; 135-148; 150-152; 154-162; 164-166; 168-170; 172-193; 196-213; 215-218; 220; 222-231; 233-238; 240-251; 253-274; 276-302; 304-308
wta_rankings_83_99.csv,1985-11-18,1,309,51,258,3; 10; 13-17; 20-26; 28; 31-34; 36-37; 39; 41-42; 45-46; 48-49; 51-57; 59-63; 65-67; 69-77; 79-89; 91-92; 94-102; 104-108; 110-115; 117; 120-130; 132-133; 135-148; 150-152; 154-162; 164-166; 168-170; 172-193; 196-213; 215-218; 220; 222-231; 233-238; 240-251; 253-274; 276-302; 304-308
wta_rankings_83_99.csv,1985-11-25,1,324,56,268,12-16; 18; 21-30; 32; 36-37; 39-41; 45-46; 49-51; 53-56; 60-61; 63-66; 68-82; 84-91; 93-94; 97-107; 109-111; 113-114; 116-117; 119; 121-131; 133-146; 149-159; 161; 163-168; 170-171; 173-199; 201-202; 204-208; 210-216; 218; 220-228; 230-239; 241-302; 304-307; 309-323
wta_rankings_83_99.csv,1985-12-02,1,324,51,273,3; 12-16; 18; 20-30; 32; 35-37; 39-41; 45-46; 49-56; 60-66; 68-82; 84-91; 93-94; 97-107; 109-111; 113-114; 116-117; 119; 121-131; 133-146; 149-159; 161; 163-168; 170-171; 173-199; 201-202; 204-208; 210-216; 218; 220-228; 230-239; 241-302; 304-307; 309-323
wta_rankings_83_99.csv,1985-12-09,1,325,56,269,12-16; 18; 21-24; 26-32; 34; 38; 40-43; 45; 48; 50-52; 54; 56-59; 62; 64-66; 68-83; 85-92; 94-98; 100-103; 105-110; 112-113; 115-118; 121-129; 131-132; 134-142; 144-147; 149-150; 152-162; 164; 166-167; 169-171; 173-203; 205-210; 212-214; 216-219; 221-228; 230-245; 247-303; 306-324
wta_rankings_83_99.csv,1985-12-16,1,325,51,274,3; 12-16; 18; 20-24; 26-32; 34; 37-38; 40-43; 45; 48; 50-54; 56-59; 62-66; 68-83; 85-92; 94-98; 100-103; 105-110; 112-113; 115-118; 121-129; 131-132; 134-142; 144-147; 149-150; 152-162; 164; 166-167; 169-171; 173-203; 205-210; 212-214; 216-219; 221-228; 230-245; 247-303; 306-324
wta_rankings_83_99.csv,1985-12-23,1,324,58,266,10; 13-15; 17; 19-21; 23-25; 27; 29-31; 33-37; 40-41; 44-45; 47; 50-54; 56-60; 65-67; 69-82; 84-92; 94-98; 100-103; 105; 107-111; 113-114; 116-120; 123-131; 133-134; 136-144; 146; 148-163; 165; 167-168; 170-171; 173-204; 206-212; 214-215; 217-220; 222-228; 230-247; 249-284; 286-296; 298-303; 306-323
wta_rankings_83_99.csv,1985-12-30,1,324,53,271,3; 10; 13-15; 17; 19-25; 27; 29-31; 33-37; 40-42; 44-45; 47; 50-60; 63; 65-67; 69-82; 84-92; 94-98; 100-103; 105; 107-111; 113-114; 116-120; 123-131; 133-134; 136-144; 146; 148-163; 165; 167-168; 170-171; 173-204; 206-212; 214-215; 217-220; 222-228; 230-247; 249-284; 286-296; 298-303; 306-323
wta_rankings_83_99.csv,1985-12-31,1,363,149,214,51; 56; 58-60; 66-67; 72; 74-75; 78; 80; 82; 87-88; 90-92; 94; 97; 100-103; 107; 110; 114; 116; 119; 123-125; 127; 131; 133-134; 136-137; 140-144; 146; 148; 151-163; 165; 167-168; 170-171; 173; 175; 177-178; 180-182; 184; 186; 188-189; 191-196; 200-204; 206; 209-212; 214; 217-220; 222-228; 230-235; 237-243; 246-247; 249-254; 256-258; 260-266; 268-273; 275-284; 286-289; 291-296; 298-303; 308-323; 325-333; 336-342; 344-352; 354-361
wta_rankings_83_99.csv,1986-01-06,1,451,154,297,51; 56; 58-59; 61; 66-67; 70; 72-73; 75; 78; 80; 82; 88-89; 91-94; 98; 101-103; 105; 109; 111; 115-118; 120; 124-127; 129-131; 133; 136-140; 143-146; 148; 150; 153-166; 168; 170-172; 174; 176; 178; 180-181; 183-185; 187-188; 191; 193-199; 201; 203-208; 211; 213-216; 218; 221-224; 226-233; 235-240; 243-249; 251; 254-260; 262-263; 265-270; 272-279; 281-283; 286-292; 294-298; 300-304; 306-313; 318-319; 321-345; 349-358; 360-362; 364-380; 382-386; 388; 390-396; 398-401; 403-408; 410-436; 438-450
wta_rankings_83_99.csv,1986-01-13,1,409,134,275,13; 22; 35; 42; 50-51; 55-56; 58-59; 61; 63; 66-67; 70; 72-73; 75; 78; 80; 82; 87-89; 91-94; 98-99; 101-103; 105; 109; 111; 115-118; 120; 124-133; 136-140; 143-146; 148; 150-166; 168; 170-172; 174; 176; 178-185; 187-188; 191; 193-199; 201; 203-208; 211; 213-216; 218; 221-224; 226-233; 235-240; 243-249; 251; 254-263; 265-270; 272-279; 281-283; 286-298; 300-304; 306-313; 318-319; 321-345; 349-358; 360-362; 364-380; 382-386; 388; 390-396; 398-408
wta_rankings_83_99.csv,1986-01-20,1,455,157,298,50; 54-55; 58-59; 61; 69-70; 72-74; 79; 81-83; 88; 91-92; 94; 96; 99-100; 104-107; 112-114; 117-120; 122; 125; 127; 130-131; 133-134; 136-140; 143; 145-147; 149; 153-168; 172-174; 177; 179-180; 182-185; 187; 189-190; 193-194; 196-201; 203-207; 210; 212-217; 219-222; 224; 226-229; 231-232; 234-240; 242-244; 247-254; 257-262; 264; 266-268; 270-274; 277-285; 287-289; 291-301; 303; 305; 307-314; 316-318; 320-322; 324-326; 328-346; 348-351; 354; 356-359; 361-363; 365-369; 371-390; 392-394; 396-402; 404-407; 409; 411-414; 416-440; 442-454
wta_rankings_83_99.csv,1986-01-27,1,415,137,278,13; 31; 43; 45; 50-51; 54-55; 58-59; 61; 65-66; 69-70; 72-74; 79; 81-83; 88; 90-92; 94-96; 99-100; 104-107; 112-114; 117-120; 122; 125; 127; 129-131; 133-134; 136-140; 142-143; 145-147; 149-150; 152-168; 172-174; 176-177; 179-185; 187; 189-190; 193-194; 196-201; 203-207; 210; 212-217; 219-222; 224; 226-229; 231-232; 234-240; 242-244; 247-254; 257-264; 266-274; 277-285; 287-289; 291-301; 303; 305; 307-314; 316-318; 320-322; 324-326; 328-346; 348-351; 354; 356-359; 361-363; 365-369; 371-390; 392-394; 396-402; 404-407; 409-414
wta_rankings_83_99.csv,1986-02-03,1,458,159,299,51; 54; 56; 58; 63; 66; 68; 75-76; 78-80; 84; 86-87; 92-93; 95-96; 98-99; 103; 105; 107; 109-113; 116-117; 119; 124-125; 127; 129-130; 132-133; 135; 137-138; 140-144; 147-148; 150-151; 154-155; 157-168; 172-173; 175-181; 185-187; 190; 192; 194-195; 197-208; 211; 213-217; 219-221; 223; 225-229; 231; 233; 235-240; 242-245; 247-253; 256-264; 267; 269-271; 273-275; 277-283; 285-288; 290; 292-302; 304; 307; 309-317; 319-320; 323-324; 326-327; 329-348; 350-353; 356; 358-361; 363-366; 368-371; 373-393; 395-397; 399-405; 407-410; 412-416; 418-443; 445-457
wta_rankings_83_99.csv,1986-02-10,1,417,139,278,13; 38-39; 44; 47; 51; 54; 56; 58; 60; 63; 66-68; 75-76; 78-80; 84; 86-87; 89; 92-96; 98-99; 103; 105; 107; 109-113; 116-117; 119; 124-125; 127; 129-133; 135; 137-138; 140-144; 147-151; 153-168; 170; 172-173; 175-181; 183; 185-187; 190; 192; 194-195; 197-208; 211; 213-217; 219-221; 223; 225-229; 231; 233; 235-240; 242-245; 247-253; 256-264; 266-267; 269-275; 277-288; 290; 292-302; 304; 307; 309-317; 319-320; 323-324; 326-327; 329-348; 350-353; 356; 358-361; 363-366; 368-371; 373-393; 395-397; 399-405; 407-410; 412-416
wta_rankings_83_99.csv,1986-02-17,1,454,158,296,52; 55; 59-60; 63; 65; 69; 75-78; 80; 82-83; 86; 89; 91; 93; 95-96; 99; 101; 106-111; 113; 117-118; 120; 124-127; 130-131; 133; 135-136; 138-140; 142-143; 146-147; 149-150; 152; 154; 156-164; 166-170; 173; 175; 177-179; 181-182; 184-187; 189; 193; 195-207; 210; 212-215; 217-221; 223; 225-228; 230-231; 233; 235-242; 245-252; 255-261; 264; 266-270; 272-275; 277-282; 284-287; 289; 291-301; 303; 307-316; 318-319; 321-322; 324-325; 327-347; 349-351; 354; 356-358; 360-363; 365-370; 372-391; 393-395; 397-403; 405-408; 410-414; 416-439; 441-453
wta_rankings_83_99.csv,1986-02-24,1,415,138,277,13; 37-38; 42; 47; 52; 55; 59-60; 62-65; 69; 75-78; 80; 82-83; 86; 88-91; 93; 95-96; 99; 101; 106-111; 113; 117-118; 120; 124-127; 130-133; 135-136; 138-140; 142-143; 145-147; 149-150; 152-164; 166-171; 173; 175; 177-182; 184-187; 189; 193; 195-207; 210; 212-215; 217-221; 223; 225-228; 230-231; 233; 235-242; 245-252; 255-261; 263-264; 266-275; 277-287; 289; 291-301; 303; 307-316; 318-319; 321-322; 324-325; 327-347; 349-351; 354; 356-358; 360-363; 365-370; 372-391; 393-395; 397-403; 405-408; 410-414
wta_rankings_83_99.csv,1986-03-03,1,451,159,292,54; 56; 60; 63-64; 67; 74; 76-77; 80-81; 84-85; 87; 89-91; 94; 97-99; 103-104; 107; 109-112; 114; 117-118; 121-124; 127; 133-135; 138-142; 144-151; 153; 156-158; 160; 162-167; 169-171; 173-174; 177; 180-183; 185-186; 188-190; 192-194; 196-198; 200; 202-208; 210; 213; 216-222; 224-227; 229-234; 236-241; 243; 246-247; 249-255; 258-263; 265-270; 273-279; 281-287; 289; 291-301; 303; 307-315; 319-321; 323-324; 326-346; 348-350; 353-355; 357-358; 360-363; 365-370; 372-390; 392-394; 396-402; 404-408; 410-414; 416-435; 437-450
wta_rankings_83_99.csv,1986-03-10,1,415,139,276,13; 38; 40; 44; 48; 54; 56; 60; 62-65; 67; 74; 76-77; 80-81; 84-85; 87-92; 94; 97-99; 103-104; 107; 109-112; 114-115; 117-118; 121-124; 127; 131; 133-135; 138-142; 144-151; 153; 155-160; 162-171; 173-174; 177; 180-186; 188-190; 192-194; 196-198; 200; 202-208; 210; 213; 216-222; 224-227; 229-234; 236-241; 243; 246-247; 249-255; 258-271; 273-287; 289; 291-301; 303; 307-315; 319-321; 323-324; 326-346; 348-350; 353-355; 357-358; 360-363; 365-370; 372-390; 392-394; 396-402; 404-408; 410-414
wta_rankings_83_99.csv,1986-03-17,1,447,156,291,55; 60; 62-64; 66-67; 69; 75; 77; 79-81; 84-86; 89-92; 96; 98; 100; 104-105; 108-112; 117-119; 121; 123-124; 129; 132; 134-136; 138-141; 143-153; 157-159; 163-165; 167-172; 174; 176-178; 181-186; 188-190; 192-193; 195; 197-199; 202-208; 210-212; 214-217; 221-225; 227-228; 230-234; 236-239; 241-243; 245-247; 249-252; 254-256; 258-263; 266-268; 271-285; 287; 289-291; 293-299; 301; 303; 306-308; 310-316; 319-321; 323; 325-345; 347-351; 353-354; 356; 358-362; 364-367; 369-376; 378-394; 396-403; 405-408; 410-413; 415-434; 436-446
wta_rankings_83_99.csv,1986-03-24,1,414,136,278,14; 37; 41; 44; 47; 55; 57; 59-60; 62-67; 69; 75; 77; 79-81; 84-86; 89-92; 95-96; 98; 100; 104-105; 108-112; 117-119; 121-124; 129; 131-132; 134-136; 138-141; 143-153; 155; 157-159; 161; 163-172; 174; 176-178; 181-186; 188-190; 192-193; 195; 197-200; 202-208; 210-212; 214-217; 221-225; 227-228; 230-234; 236-239; 241-243; 245-247; 249-252; 254-256; 258-264; 266-269; 271-287; 289-291; 293-299; 301; 303; 306-308; 310-316; 319-321; 323; 325-345; 347-351; 353-354; 356; 358-362; 364-367; 369-376; 378-394; 396-403; 405-408; 410-413
wta_rankings_83_99.csv,1986-03-31,1,447,155,292,56; 59; 61; 64-67; 71; 75; 77; 80; 83-86; 88-90; 93-94; 96; 100; 102; 105-107; 110-113; 119-120; 124; 128; 130-132; 134-135; 137; 139-143; 145-153; 156-158; 160; 162-163; 166-169; 171-173; 175-176; 178; 181-185; 187-189; 191; 193-195; 197; 199-200; 203-208; 210-216; 219-221; 223-224; 226-232; 234-240; 242; 244-256; 259-264; 266-268; 272-283; 285-286; 288; 290-293; 295-298; 300; 304-315; 317-318; 320-321; 323-332; 334-344; 346-350; 352-355; 357-361; 363-365; 368-381; 383-402; 404-407; 409-413; 415-434; 436-446
wta_rankings_83_99.csv,1986-04-07,1,414,135,279,13; 36; 43; 45-46; 56-57; 59; 61; 63-67; 69; 71; 75; 77; 80; 83-86; 88-90; 93-94; 96-97; 100; 102; 105-107; 110-113; 116; 119-120; 124; 128-132; 134-135; 137; 139-143; 145-153; 155-158; 160; 162-164; 166-173; 175-176; 178; 181-185; 187-189; 191; 193-195; 197; 199-201; 203-208; 210-216; 219-221; 223-224; 226-232; 234-240; 242; 244-256; 259-268; 270; 272-283; 285-286; 288-293; 295-298; 300; 304-315; 317-318; 320-321; 323-332; 334-344; 346-350; 352-355; 357-361; 363-365; 368-381; 383-402; 404-407; 409-413
wta_rankings_83_99.csv,1986-04-12,1,446,155,291,38; 47; 59; 62; 64; 66-67; 70; 72; 74-76; 80; 82-84; 86; 88; 90-91; 93; 96-97; 102-106; 109; 112-114; 119; 121; 125; 127; 130-132; 135; 137-146; 148-152; 155-158; 160-161; 163; 165; 167-169; 171-174; 176; 178; 181-185; 187; 189-190; 192-193; 196-200; 203-208; 210-216; 220-223; 225-226; 228-229; 231-240; 242; 246-247; 249-250; 252-260; 262-267; 269-270; 272-283; 285; 287; 289-292; 294-300; 302; 306-309; 311-312; 314-321; 323-343; 345-349; 351-352; 354; 356-363; 366-385; 387-389; 391-401; 403-406; 408-412; 414-434; 436-445
wta_rankings_83_99.csv,1986-04-19,1,413,136,277,16; 38; 40-41; 44; 47; 52; 54; 59-60; 62; 64; 66-67; 70; 72; 74-76; 80; 82-84; 86; 88; 90-91; 93; 96-97; 101-106; 108-109; 112-114; 119; 121; 125; 127; 130-132; 134-135; 137-146; 148-152; 154-158; 160-161; 163-165; 167-174; 176; 178; 181-185; 187; 189-190; 192-193; 196-201; 203-208; 210-216; 220-223; 225-226; 228-229; 231-242; 246-247; 249-250; 252-260; 262-270; 272-283; 285; 287-292; 294-300; 302; 306-309; 311-312; 314-321; 323-343; 345-349; 351-352; 354; 356-363; 366-385; 387-389; 391-401; 403-406; 408-412
wta_rankings_83_99.csv,1986-04-26,1,413,136,277,16; 38; 40-41; 44; 47; 52; 54; 59-60; 62; 64; 66-67; 70; 72; 74-76; 80; 82-84; 86; 88; 90-91; 93; 96-97; 101-106; 108-109; 112-114; 119; 121; 125; 127; 130-132; 134-135; 137-146; 148-152; 154-158; 160-161; 163-165; 167-174; 176; 178; 181-185; 187; 189-190; 192-193; 196-201; 203-208; 210-216; 220-223; 225-226; 228-229; 231-242; 246-247; 249-250; 252-260; 262-270; 272-283; 285; 287-292; 294-300; 302; 306-309; 311-312; 314-321; 323-343; 345-349; 351-352; 354; 356-363; 366-385; 387-389; 391-401; 403-406; 408-412
wta_rankings_83_99.csv,1986-04-28,1,433,158,275,37; 48; 60; 63-64; 67-68; 71; 74-75; 79-82; 85-88; 90; 92-94; 96-98; 103-104; 106-107; 109-110; 114; 117; 119; 121; 125; 128-129; 131; 134-136; 138-139; 141-144; 146-151; 155-157; 159-160; 162-165; 167; 169-172; 175; 177-178; 180-182; 184-187; 191-195; 197; 199; 202-205; 208-211; 213; 216-223; 225-226; 228; 232-238; 240-242; 244-246; 248-252; 254-261; 263-269; 271; 274-278; 280-283; 285-287; 289-290; 292-297; 299-307; 309; 312; 314-342; 344-347; 349-354; 356-357; 359-364; 366-370; 372-380; 382-389; 391; 393-397; 399-410; 413; 415-428; 430-432
wta_rankings_83_99.csv,1986-05-05,1,414,138,276,15; 35; 37; 39; 41; 43; 48; 51; 57-58; 60; 63-64; 67-68; 71; 74-75; 79-82; 85-88; 90; 92-94; 96-98; 101; 103-104; 106-107; 109-110; 114-115; 117; 119; 121; 125; 128-129; 131; 134-136; 138-144; 146-151; 154-157; 159-160; 162-172; 175; 177-178; 180-182; 184-187; 191-195; 197; 199; 202-206; 208-211; 213; 216-223; 225-228; 232-238; 240-246; 248-252; 254-261; 263-271; 274-278; 280-283; 285-287; 289-290; 292-297; 299-307; 309; 312; 314-342; 344-347; 349-354; 356-357; 359-364; 366-370; 372-380; 382-389; 391; 393-397; 399-410; 413
wta_rankings_83_99.csv,1986-05-12,1,438,160,278,39; 58; 63; 65; 67; 70; 72-74; 77; 79; 81-85; 87-88; 90; 94; 96-98; 100-101; 104-105; 108-110; 113-116; 120-121; 123; 126; 129; 133-134; 137; 139; 141-142; 144-153; 155; 158-159; 161-162; 164-168; 173; 175-176; 179; 181-184; 186; 188-189; 191-195; 197-198; 201-202; 204-207; 210-218; 220; 223-227; 230-233; 235-238; 240-243; 245-246; 248-249; 251-258; 262; 264-272; 274-276; 278; 280-281; 283-288; 290-297; 299-300; 302-311; 314; 316-342; 344-350; 352-357; 359-360; 362-364; 366-368; 370-372; 374-375; 377-393; 396-400; 402-412; 415-416; 418-432; 434-437
wta_rankings_83_99.csv,1986-05-19,1,417,141,276,16; 35; 39-40; 43; 50; 53; 55; 58; 63; 65; 67; 70; 72-74; 77; 79; 81-85; 87-88; 90; 94; 96-101; 104-106; 108-110; 113-116; 120-121; 123; 126-127; 129; 133-134; 137; 139; 141-142; 144-153; 155; 157-159; 161-162; 164-170; 173; 175-176; 179; 181-184; 186; 188-189; 191-195; 197-198; 201-202; 204-207; 209-218; 220; 223-227; 230-238; 240-243; 245-249; 251-258; 262; 264-276; 278; 280-281; 283-288; 290-297; 299-300; 302-311; 314; 316-342; 344-350; 352-357; 359-360; 362-364; 366-368; 370-372; 374-375; 377-393; 396-400; 402-412; 415-416
wta_rankings_83_99.csv,1986-05-26,1,435,161,274,46; 62; 66-68; 71-74; 77; 80-81; 83-87; 89-90; 93; 95; 97; 100; 102-105; 109-111; 114-115; 117; 119; 123-125; 128-129; 132; 134-135; 138; 140; 143-148; 150-154; 156-159; 161; 163; 166-167; 172-174; 177-179; 181; 183; 185-186; 188; 190-192; 194; 196-198; 200-201; 204-205; 207-209; 211; 213-220; 222-223; 225; 228-231; 233; 235-236; 238-242; 244-253; 255; 257-264; 267; 269-270; 272-275; 277-281; 283-285; 287-288; 290-305; 307-309; 311; 313-316; 318; 320-349; 351; 353-359; 361-362; 364-370; 372-375; 378-393; 396-400; 402-410; 413-414; 416-430; 432-434
wta_rankings_83_99.csv,1986-06-02,1,415,141,274,18; 27-28; 38; 45-46; 52; 61-63; 66-68; 71-74; 77; 80-81; 83-87; 89-90; 93; 95; 97; 100; 102-105; 107-111; 114-115; 117; 119; 123-125; 128-130; 132; 134-135; 138; 140; 143-148; 150-154; 156-159; 161; 163; 166-167; 170-174; 177-179; 181; 183; 185-186; 188; 190-194; 196-198; 200-201; 204-205; 207-211; 213-220; 222-223; 225; 228-231; 233; 235-242; 244-255; 257-264; 267; 269-270; 272-281; 283-285; 287-288; 290-305; 307-309; 311; 313-316; 318; 320-349; 351; 353-359; 361-362; 364-370; 372-375; 378-393; 396-400; 402-410; 413-414
wta_rankings_83_99.csv,1986-06-09,1,434,161,273,57; 59; 62-63; 70-76; 79-81; 83-87; 89; 91-93; 96; 98; 101; 104-105; 107-109; 111; 115; 117; 121-122; 124-129; 132-133; 137-138; 142; 144-146; 148; 151-153; 155-161; 163-164; 168-169; 172; 175-176; 179-182; 184-186; 188; 190; 194; 196-202; 204-205; 207; 209-211; 213; 217-219; 221-222; 224-227; 229-234; 236; 238-245; 248-251; 253-258; 260-265; 267-269; 272-274; 276-279; 281-282; 284-286; 288-304; 306-311; 313-317; 319; 321-324; 326-351; 353; 355-360; 362-363; 365-368; 370-372; 374-376; 379-381; 383-395; 398-413; 416; 418-423; 425-433
wta_rankings_83_99.csv,1986-06-16,1,417,141,276,17; 27; 30; 43; 46; 53; 57; 59-60; 62-64; 70-76; 79-81; 83-87; 89; 91-93; 96; 98; 101-102; 104-109; 111; 115; 117; 121-122; 124-129; 132-133; 137-138; 142-146; 148; 151-153; 155-161; 163-164; 168-172; 175-176; 179-182; 184-186; 188; 190-191; 194-202; 204-205; 207; 209-211; 213; 217-222; 224-227; 229-234; 236; 238-245; 247-251; 253-258; 260-265; 267-269; 272-279; 281-282; 284-286; 288-304; 306-311; 313-317; 319; 321-324; 326-351; 353; 355-360; 362-363; 365-368; 370-372; 374-376; 379-381; 383-395; 398-413; 416
wta_rankings_83_99.csv,1986-06-23,1,441,163,278,40; 59; 63; 67-68; 70-71; 74-76; 78; 80-82; 84; 87; 89-91; 94-95; 97-99; 101; 106; 108-112; 117-120; 122-123; 125-129; 132-133; 135-136; 139; 142; 144; 146-147; 150-151; 153; 155-161; 164-165; 168; 170; 173-175; 178-179; 181; 184-186; 189-190; 192; 194; 196-200; 202; 204-205; 207-208; 210-211; 214-215; 218-222; 224; 226-229; 231-232; 234-242; 246-251; 253-255; 257-258; 260-261; 263-272; 274; 276; 278-282; 284-295; 299-303; 305-311; 313-314; 316-331; 333-342; 344-349; 351-357; 359-372; 374; 376-377; 379-383; 386-388; 390-406; 409-419; 421-422; 424; 426; 428-440
wta_rankings_83_99.csv,1986-06-30,1,427,143,284,16; 27-28; 33; 40-41; 55; 59; 61; 63; 65; 67-68; 70-72; 74-76; 78; 80-82; 84; 87; 89-91; 94-95; 97-99; 101; 105-106; 108-112; 117-120; 122-123; 125-129; 132-133; 135-136; 139; 142; 144-147; 150-151; 153; 155-161; 164-165; 167-168; 170-171; 173-175; 178-179; 181; 184-186; 189-190; 192; 194-202; 204-205; 207-208; 210-211; 214-215; 218-224; 226-229; 231-232; 234-242; 245-251; 253-255; 257-258; 260-261; 263-272; 274; 276-282; 284-295; 299-303; 305-311; 313-314; 316-331; 333-342; 344-349; 351-357; 359-372; 374; 376-377; 379-383; 386-388; 390-406; 409-422; 424; 426
wta_rankings_83_99.csv,1986-07-07,1,439,164,275,59; 62; 65; 67; 70; 73-74; 76-79; 82-83; 85-86; 89; 91-92; 95-98; 101-102; 106-108; 110-112; 114; 118; 120-124; 126-129; 131; 134-135; 139-140; 142; 144; 146-147; 149-150; 153-154; 156-159; 162; 165-166; 168-170; 173-175; 178-180; 182; 184; 189; 191; 193; 195-199; 201-206; 210-212; 215; 218; 221-227; 229-230; 232-234; 236-239; 242-249; 251-259; 261-262; 264-268; 270-276; 278; 280; 282-287; 289-297; 300-302; 304-317; 319-330; 332-333; 335-344; 346-358; 360-374; 377; 379-381; 383-385; 387-390; 392-394; 396-398; 400-407; 410-419; 421-423; 425-427; 429-438
wta_rankings_83_99.csv,1986-07-14,1,428,144,284,15; 28; 32-33; 45; 54-55; 59; 61-62; 65; 67; 70; 72-74; 76-79; 82-83; 85-87; 89; 91-92; 95-98; 101-102; 106-108; 110-112; 114; 118; 120-124; 126-129; 131; 134-135; 139-140; 142-144; 146-147; 149-150; 153-154; 156-159; 162; 164-166; 168-170; 172-175; 178-180; 182; 184; 188-189; 191; 193; 195-199; 201-206; 208; 210-212; 215-216; 218; 221-227; 229-230; 232-234; 236-240; 242-249; 251-259; 261-262; 264-268; 270-276; 278-280; 282-287; 289-297; 300-302; 304-317; 319-330; 332-333; 335-344; 346-358; 360-374; 377; 379-381; 383-385; 387-390; 392-394; 396-398; 400-407; 410-423; 425-427
wta_rankings_83_99.csv,1986-07-21,1,433,163,270,44; 60-61; 63; 66; 69; 72; 74; 76; 78; 80; 83; 85-88; 90-91; 93; 96-98; 100-102; 104-105; 107-109; 111; 113; 117-119; 122-123; 126-128; 130; 132; 135; 137-138; 140; 143-144; 146-148; 152; 154; 156-157; 159-161; 163-165; 170; 172; 174-176; 178; 180; 184; 186; 189-191; 193-194; 197; 199; 201-202; 204; 206-208; 210-214; 216-217; 219-225; 229-230; 235-247; 250-251; 253; 256-266; 268-281; 283-285; 287-290; 292-298; 300-301; 303-308; 310-315; 317-322; 324-330; 332-335; 337-357; 360; 362; 364-372; 374-384; 386-394; 396-397; 399-420; 422; 424-426; 428-432
wta_rankings_83_99.csv,1986-07-28,1,427,143,284,14; 28; 32-33; 44; 46; 54-57; 60-61; 63; 66; 69; 71-72; 74; 76; 78; 80; 83; 85-88; 90-91; 93; 96-98; 100-102; 104-105; 107-109; 111; 113; 117-119; 121-123; 126-128; 130; 132; 135; 137-138; 140; 143-148; 152; 154; 156-157; 159-161; 163-165; 170; 172; 174-176; 178; 180-181; 183-186; 189-191; 193-194; 197; 199; 201-202; 204; 206-208; 210-214; 216-225; 229-230; 235-248; 250-251; 253; 256-266; 268-285; 287-290; 292-298; 300-301; 303-308; 310-315; 317-322; 324-330; 332-335; 337-357; 360; 362; 364-372; 374-384; 386-394; 396-397; 399-420; 422-426
wta_rankings_83_99.csv,1986-08-04,1,443,165,278,58-59; 65-66; 69; 71; 73; 75; 78; 82-86; 88; 90; 93-95; 97-99; 101-103; 105-109; 111-112; 119-120; 122; 124-125; 127; 130; 132-135; 139; 142-143; 146; 148; 153-154; 156-160; 162; 164; 169-171; 173; 175-176; 178; 183-186; 189-191; 198-199; 201-210; 212; 214-216; 218-223; 225; 230; 233-235; 238; 240-249; 252-262; 264; 266-267; 269-289; 291-292; 294-302; 304-315; 318-322; 324-328; 330-342; 344-352; 355-359; 361-362; 364-365; 367-395; 397-402; 405-425; 427-430; 432-439; 441-442
wta_rankings_83_99.csv,1986-08-11,1,443,145,298,14; 28; 30-31; 48; 54-55; 58-60; 63; 65-66; 69; 71-73; 75; 78; 82-86; 88; 90; 93-95; 97-99; 101-103; 105-109; 111-112; 119-122; 124-125; 127; 130; 132-135; 139; 142-143; 145-146; 148; 153-154; 156-160; 162; 164; 168-171; 173; 175-178; 181; 183-186; 189-191; 198-199; 201-210; 212; 214-223; 225; 230; 233-235; 238; 240-249; 252-264; 266-289; 291-292; 294-302; 304-315; 318-322; 324-328; 330-342; 344-352; 355-359; 361-362; 364-365; 367-395; 397-402; 405-425; 427-442
wta_rankings_83_99.csv,1986-08-18,1,462,167,295,55; 57; 64-65; 67; 69; 73-74; 76; 80; 85-88; 92-93; 95-97; 100-108; 114-116; 118-120; 123-124; 130; 132-133; 135-137; 140; 143; 147; 149; 151-154; 156-158; 160; 162-164; 167; 171; 173-175; 177-178; 183-187; 189-190; 195-196; 198-200; 202-207; 209-210; 212; 215; 217; 219-222; 227-228; 231; 234; 236-252; 255-266; 268; 270-278; 280; 282-283; 285-287; 289-293; 295-302; 304-320; 323-328; 330-332; 334-341; 343-344; 346-356; 358-364; 366-368; 370-406; 409-411; 413-417; 420-436; 438-459; 461
wta_rankings_83_99.csv,1986-08-25,1,462,147,315,14; 27; 29-30; 46; 54-57; 61-62; 64-65; 67; 69; 73-74; 76; 78; 80; 85-88; 92-93; 95-97; 100-108; 114-120; 123-125; 130; 132-133; 135-137; 140; 143; 147-149; 151-154; 156-158; 160; 162-164; 167; 169; 171; 173-175; 177-178; 180; 183-187; 189-190; 195-196; 198-200; 202-207; 209-210; 212; 215-217; 219-222; 227-228; 231; 234; 236-252; 255-266; 268-280; 282-283; 285-287; 289-293; 295-302; 304-320; 323-328; 330-332; 334-341; 343-344; 346-356; 358-364; 366-368; 370-406; 409-411; 413-417; 420-461
wta_rankings_83_99.csv,1986-09-01,1,464,165,299,51; 57; 59; 65-66; 68; 70-71; 74-75; 80-81; 84-86; 88-89; 96-98; 100-108; 110; 114; 117-118; 120-122; 124; 126; 128; 132-133; 135-137; 140; 145; 147; 149; 152-153; 155-156; 158-159; 161-164; 168; 171; 173-176; 178; 183-186; 188; 192; 194-196; 198-200; 203-206; 208-210; 212; 216; 218-222; 225; 227-228; 231; 234-251; 254-265; 267; 269-277; 279; 281-283; 285; 287; 289-294; 296-320; 323-327; 329-331; 333-343; 345-346; 348-358; 360-364; 366-368; 370-406; 409-412; 414-418; 421-438; 440-461; 463
wta_rankings_83_99.csv,1986-09-08,1,464,145,319,14; 27; 30-31; 45; 51; 53; 57; 59; 61; 65-66; 68-72; 74-75; 78; 80-81; 84-86; 88-89; 96-98; 100-108; 110; 114; 117-122; 124; 126-128; 132-133; 135-137; 140; 145; 147; 149; 151-153; 155-156; 158-159; 161-164; 168-169; 171; 173-176; 178; 181; 183-186; 188; 192; 194-196; 198-200; 203-206; 208-210; 212; 216-222; 225; 227-228; 231; 234-251; 254-265; 267-279; 281-283; 285; 287; 289-294; 296-320; 323-327; 329-331; 333-343; 345-346; 348-358; 360-364; 366-368; 370-406; 409-412; 414-418; 421-463
wta_rankings_83_99.csv,1986-09-15,1,459,162,297,52-53; 61; 64; 66-69; 72; 74; 79-80; 85-87; 92-93; 95; 97-99; 103; 105-107; 109-110; 112-114; 117; 119-122; 124-126; 130; 133-135; 137-139; 141; 145; 147-148; 150; 152; 155; 158-159; 162-163; 167; 169; 172; 174-175; 177; 179; 181; 183-187; 189; 191; 193; 195-196; 198-203; 205-206; 210-211; 214-217; 219; 221-222; 224; 226-227; 230-244; 246; 248-254; 256-261; 264-275; 277; 279-281; 283-285; 287-292; 294-316; 319-322; 324-326; 328-340; 342-343; 345-358; 360-362; 364-366; 368-402; 404; 406-410; 412-416; 419-433; 435-457
wta_rankings_83_99.csv,1986-09-22,1,459,143,316,16; 27; 29; 33; 43; 52-54; 57-58; 61; 64; 66-70; 72; 74; 78-80; 85-87; 92-93; 95; 97-99; 103; 105-107; 109-110; 112-114; 116-122; 124-126; 130; 133-135; 137-139; 141; 143; 145; 147-148; 150; 152; 155; 158-159; 162-163; 167-169; 172; 174-175; 177-179; 181; 183-187; 189; 191; 193; 195-196; 198-203; 205-206; 210-211; 213-217; 219; 221-222; 224; 226-227; 230-244; 246; 248-254; 256-261; 264-277; 279-281; 283-285; 287-292; 294-316; 319-322; 324-326; 328-340; 342-343; 345-358; 360-362; 364-366; 368-402; 404; 406-410; 412-416; 419-458
wta_rankings_83_99.csv,1986-09-29,1,462,164,298,49; 59; 63; 67-71; 73-74; 76; 81; 84; 89-91; 98; 100-102; 104; 106; 108-110; 112; 114-117; 119-120; 122-123; 126-128; 132-133; 135; 138-141; 143; 148; 151; 153-154; 156; 159; 161; 163; 165; 168; 170-173; 175; 177-178; 181-183; 185-190; 194; 197-198; 200-206; 209; 211-218; 221; 224; 227-228; 230-232; 234-240; 242-245; 247-250; 252-256; 258; 260; 262-264; 266; 268-276; 278-279; 281-282; 284-286; 289-297; 299-313; 315-319; 321; 323-336; 338-341; 343-360; 362-366; 368-369; 371-409; 411-414; 416-422; 424-429; 431-460
wta_rankings_83_99.csv,1986-10-06,1,462,144,318,14; 26; 29; 37; 45; 49; 53; 56; 59; 61; 63; 67-71; 73-76; 81; 83-84; 88-91; 98; 100-102; 104; 106-110; 112; 114-117; 119-120; 122-123; 126-128; 132-133; 135; 138-143; 148; 151; 153-154; 156; 159; 161; 163; 165; 168; 170-175; 177-179; 181-183; 185-190; 194; 197-198; 200-206; 209; 211-218; 221; 224; 226-228; 230-232; 234-240; 242-245; 247-250; 252-256; 258-260; 262-264; 266; 268-279; 281-282; 284-286; 289-297; 299-313; 315-319; 321; 323-336; 338-341; 343-360; 362-366; 368-369; 371-409; 411-414; 416-422; 424-461
wta_rankings_83_99.csv,1986-10-13,1,482,173,309,48; 51; 61; 63; 68-69; 71-73; 80-82; 88-89; 91-92; 97-98; 103-107; 109; 111; 113-116; 119-121; 124-125; 128; 130-131; 133; 138-139; 143; 146-152; 154; 159; 162; 164; 167; 170-172; 175-178; 180-182; 184; 188-190; 192-197; 200-201; 203-208; 212-213; 215; 217-220; 222-225; 228; 230-231; 233; 235-240; 243-244; 247-250; 252-259; 261; 264-265; 269-270; 272-282; 284; 286-292; 294-298; 300-302; 304-309; 313-326; 328-341; 343-370; 372-380; 382-383; 385-390; 392-403; 405-413; 415-426; 429-438; 440; 442-478; 480
wta_rankings_83_99.csv,1986-10-20,1,482,152,330,14; 26; 28-29; 48; 51-53; 61; 63-64; 67-69; 71-74; 80-82; 84; 87-89; 91-92; 97-98; 103-107; 109; 111-116; 119-121; 124-125; 128; 130-131; 133; 138-139; 141-143; 146-152; 154; 159; 162; 164; 167; 170-173; 175-178; 180-182; 184; 188-190; 192-197; 200-201; 203-208; 212-213; 215; 217-220; 222-226; 228; 230-231; 233; 235-240; 243-245; 247-250; 252-259; 261; 264-265; 269-270; 272-282; 284-292; 294-298; 300-302; 304-309; 313-326; 328-341; 343-370; 372-380; 382-383; 385-390; 392-413; 415-427; 429-438; 440; 442-478; 480-481
wta_rankings_83_99.csv,1986-10-27,1,485,173,312,38; 44; 58; 60; 62; 66; 70-72; 78; 83; 85-87; 90; 94; 99-100; 103-106; 109-110; 113-117; 120; 122; 124; 126; 129; 132-135; 137-138; 140-142; 144; 149; 152; 156-157; 161; 163-164; 166; 169; 172-173; 175; 177-181; 183; 186; 188; 190; 192-198; 200-203; 205-209; 211; 215-217; 219-222; 224-226; 228; 230-232; 234-235; 237-240; 242-245; 247-249; 252-258; 261; 263; 265; 269-274; 276-277; 279-289; 291-300; 302-303; 305-307; 310-311; 313-321; 323-337; 340-368; 370-379; 381-389; 391-400; 402-410; 412-419; 421-426; 428-435; 437; 440-474; 477-484
wta_rankings_83_99.csv,1986-11-03,1,485,152,333,14; 25; 27; 31; 38; 44; 48; 53; 58; 60; 62-63; 66; 68; 70-72; 75; 78; 80-81; 83; 85-87; 90; 94; 99-100; 103-106; 108-110; 113-117; 120; 122; 124; 126; 129; 132-135; 137-142; 144; 147; 149; 152; 156-157; 161; 163-164; 166-167; 169; 171-173; 175; 177-181; 183; 186; 188; 190; 192-198; 200-203; 205-209; 211; 215-217; 219-222; 224-226; 228; 230-232; 234-240; 242-245; 247-249; 252-258; 261; 263; 265; 269-274; 276-289; 291-300; 302-303; 305-307; 310-311; 313-321; 323-337; 340-368; 370-379; 381-389; 391-410; 412-426; 428-435; 437; 440-474; 476-484
wta_rankings_83_99.csv,1986-11-10,1,485,176,309,53; 61; 68-72; 75; 79; 85-86; 95-96; 100-101; 103-104; 106; 108; 110-111; 113; 115-117; 119; 121-122; 127-128; 131-135; 137-138; 140; 142; 147; 149; 152; 154; 156; 158; 161; 163; 165-166; 169-171; 174-177; 180-186; 188-189; 191; 193-194; 196-198; 200-205; 208-210; 212-213; 216-217; 219-224; 226; 228; 230-236; 238; 241-245; 247-248; 250-256; 258; 260-261; 265; 269-274; 276-278; 280-294; 296-307; 309; 311; 313; 315-317; 319-323; 326; 328-337; 339-341; 343-363; 365-369; 371-388; 390-392; 394; 396-403; 405-413; 415-436; 438-441; 443-444; 446-481; 484
wta_rankings_83_99.csv,1986-11-17,1,485,155,330,15; 27; 29-30; 44; 52-53; 61; 65-66; 68-75; 79; 81; 85-86; 95-96; 100-101; 103-104; 106; 108; 110-111; 113-117; 119; 121-122; 127-128; 131-135; 137-138; 140; 142-143; 145-147; 149; 152; 154; 156; 158; 161; 163; 165-166; 168-171; 174-177; 180-186; 188-189; 191; 193-194; 196-198; 200-205; 208-210; 212-213; 216-217; 219-224; 226; 228; 230-236; 238-239; 241-245; 247-248; 250-256; 258; 260-261; 265; 269-274; 276-294; 296-307; 309; 311; 313; 315-317; 319-323; 326; 328-337; 339-341; 343-369; 371-388; 390-392; 394; 396-413; 415-436; 438-441; 443-444; 446-481; 483-484
wta_rankings_83_99.csv,1986-11-24,1,485,155,330,15; 27; 29-30; 44; 52-53; 61; 65-66; 68-75; 79; 81; 85-86; 95-96; 100-101; 103-104; 106; 108; 110-111; 113-117; 119; 121-122; 127-128; 131-135; 137-138; 140; 142-143; 145-147; 149; 152; 154; 156; 158; 161; 163; 165-166; 168-171; 174-177; 180-186; 188-189; 191; 193-194; 196-198; 200-205; 208-210; 212-213; 216-217; 219-224; 226; 228; 230-236; 238-239; 241-245; 247-248; 250-256; 258; 260-261; 265; 269-274; 276-294; 296-307; 309; 311; 313; 315-317; 319-323; 326; 328-337; 339-341; 343-369; 371-388; 390-392; 394; 396-413; 415-436; 438-441; 443-444; 446-481; 483-484
wta_rankings_83_99.csv,1986-12-01,1,485,155,330,15; 27; 29-30; 44; 52-53; 61; 65-66; 68-75; 79; 81; 85-86; 95-96; 100-101; 103-104; 106; 108; 110-111; 113-117; 119; 121-122; 127-128; 131-135; 137-138; 140; 142-143; 145-147; 149; 152; 154; 156; 158; 161; 163; 165-166; 168-171; 174-177; 180-186; 188-189; 191; 193-194; 196-198; 200-205; 208-210; 212-213; 216-217; 219-224; 226; 228; 230-236; 238-239; 241-245; 247-248; 250-256; 258; 260-261; 265; 269-274; 276-294; 296-307; 309; 311; 313; 315-317; 319-323; 326; 328-337; 339-341; 343-369; 371-388; 390-392; 394; 396-413; 415-436; 438-441; 443-444; 446-481; 483-484
wta_rankings_83_99.csv,1986-12-08,1,485,155,330,15; 27; 29-30; 44; 52-53; 61; 65-66; 68-75; 79; 81; 85-86; 95-96; 100-101; 103-104; 106; 108; 110-111; 113-117; 119; 121-122; 127-128; 131-135; 137-138; 140; 142-143; 145-147; 149; 152; 154; 156; 158; 161; 163; 165-166; 168-171; 174-177; 180-186; 188-189; 191; 193-194; 196-198; 200-205; 208-210; 212-213; 216-217; 219-224; 226; 228; 230-236; 238-239; 241-245; 247-248; 250-256; 258; 260-261; 265; 269-274; 276-294; 296-307; 309; 311; 313; 315-317; 319-323; 326; 328-337; 339-341; 343-369; 371-388; 390-392; 394; 396-413; 415-436; 438-441; 443-444; 446-481; 483-484
wta_rankings_83_99.csv,1986-12-15,1,485,155,330,15; 27; 29-30; 44; 52-53; 61; 65-66; 68-75; 79; 81; 85-86; 95-96; 100-101; 103-104; 106; 108; 110-111; 113-117; 119; 121-122; 127-128; 131-135; 137-138; 140; 142-143; 145-147; 149; 152; 154; 156; 158; 161; 163; 165-166; 168-171; 174-177; 180-186; 188-189; 191; 193-194; 196-198; 200-205; 208-210; 212-213; 216-217; 219-224; 226; 228; 230-236; 238-239; 241-245; 247-248; 250-256; 258; 260-261; 265; 269-274; 276-294; 296-307; 309; 311; 313; 315-317; 319-323; 326; 328-337; 339-341; 343-369; 371-388; 390-392; 394; 396-413; 415-436; 438-441; 443-444; 446-481; 483-484
wta_rankings_83_99.csv,1986-12-21,1,540,284,256,53; 69; 75; 89; 134; 139; 144-145; 159; 169; 173; 178; 182-183; 185; 189; 195-196; 198; 201; 204; 209; 211; 221-223; 226-227; 229; 233; 239; 242-245; 248; 252; 254-257; 260-261; 265-266; 268-271; 274-275; 277; 279-280; 284-305; 307-308; 310; 312; 315-320; 324; 328-330; 333-335; 337; 339-347; 350-351; 353; 355; 357-358; 361-368; 371-372; 374; 376-379; 381-386; 388; 390-393; 395-399; 401-406; 408; 410; 412-414; 416-417; 420-427; 429-433; 435-447; 449; 451-455; 457-458; 460-468; 472-473; 475-476; 478; 481-482; 484-495; 497-513; 515-524; 526-539
wta_rankings_83_99.csv,1986-12-28,1,540,253,287,17; 22; 33; 36; 42; 47; 53; 64; 67; 69-70; 74-76; 80; 89; 105-106; 111; 120; 131-132; 134; 137; 139; 144-145; 147; 150; 159; 169; 173; 178; 182-183; 185; 189; 195-196; 198; 201; 203-204; 209; 211; 221-223; 226-227; 229; 233-234; 239; 241-245; 248; 252; 254-257; 260-261; 265-266; 268-271; 274-275; 277; 279-280; 284-305; 307-308; 310; 312; 315-321; 324; 328-331; 333-335; 337; 339-347; 349-351; 353; 355; 357-358; 361-368; 371-372; 374; 376-379; 381-386; 388-393; 395-399; 401-406; 408; 410; 412-414; 416-417; 420-433; 435-447; 449; 451-455; 457-458; 460-468; 470; 472-473; 475-478; 481-482; 484-495; 497-513; 515-524; 526-539
wta_rankings_83_99.csv,1987-01-04,1,540,253,287,17; 22; 33; 36; 42; 47; 53; 64; 67; 69-70; 74-76; 80; 89; 105-106; 111; 120; 131-132; 134; 137; 139; 144-145; 147; 150; 159; 169; 173; 178; 182-183; 185; 189; 195-196; 198; 201; 203-204; 209; 211; 221-223; 226-227; 229; 233-234; 239; 241-245; 248; 252; 254-257; 260-261; 265-266; 268-271; 274-275; 277; 279-280; 284-305; 307-308; 310; 312; 315-321; 324; 328-331; 333-335; 337; 339-347; 349-351; 353; 355; 357-358; 361-368; 371-372; 374; 376-379; 381-386; 388-393; 395-399; 401-406; 408; 410; 412-414; 416-417; 420-433; 435-447; 449; 451-455; 457-458; 460-468; 470; 472-473; 475-478; 481-482; 484-495; 497-513; 515-524; 526-539
wta_rankings_83_99.csv,1987-01-05,1,545,279,266,54; 69; 72; 74; 90; 94; 112; 121; 132; 142-143; 160; 169; 173; 176; 181; 183; 185; 188; 191; 197-198; 200; 203-204; 207; 211; 215; 222-224; 226-228; 230; 232; 234; 238; 241; 244; 246-248; 251-252; 254; 256; 258-262; 265; 268-269; 271-273; 277-278; 280-281; 285-304; 306; 309-311; 314-315; 318-323; 327-328; 330-331; 334; 337-342; 346-352; 354-355; 357; 359; 361; 364-367; 369-372; 375-376; 378-387; 389; 391-393; 395; 397-407; 409; 411-412; 414; 416-417; 420-428; 430; 432-438; 440-448; 450-454; 456; 458-462; 464-470; 472-473; 477-479; 481; 484-487; 489-501; 503-505; 507-517; 519-544
wta_rankings_83_99.csv,1987-01-12,1,545,247,298,17; 22; 33; 36; 43; 47; 54; 64; 68-70; 72; 74-76; 89-90; 94; 106; 111-112; 119; 121; 132-134; 136; 142-143; 145-146; 150; 160; 169; 173; 176; 181; 183; 185; 188; 191; 194; 197-198; 200; 203-204; 207; 211; 215; 222-224; 226-228; 230; 232; 234; 236; 238; 241; 243-244; 246-248; 251-252; 254; 256; 258-262; 265; 268-269; 271-273; 277-278; 280-281; 285-304; 306; 309-311; 314-315; 317-324; 327-328; 330-331; 333-334; 337-342; 346-352; 354-355; 357; 359; 361; 364-367; 369-372; 375-376; 378-387; 389-393; 395; 397-407; 409; 411-414; 416-417; 420-430; 432-438; 440-448; 450-454; 456; 458-462; 464-470; 472-473; 475; 477-481; 484-487; 489-501; 503-505; 507-517; 519-544
wta_rankings_83_99.csv,1987-01-19,1,544,280,264,48; 55; 60; 72; 79; 103; 119; 122; 129; 134; 139; 144; 160; 166; 175; 180; 183-184; 188; 194-196; 198; 205-207; 212-213; 217; 222; 225-229; 233; 241-244; 246-251; 253; 256-257; 259-261; 266; 270-271; 273-275; 278-286; 288; 292; 294-298; 300-302; 304-305; 307-308; 310-313; 315-316; 318-323; 327; 329-331; 333; 336; 339-342; 344; 346-352; 354-356; 358-359; 361; 363; 366-367; 369-372; 375-376; 378-381; 383-391; 393; 395-396; 398-403; 405-409; 411-416; 418-420; 422; 425-430; 432-438; 440-446; 448; 450-452; 454; 456-458; 460; 462; 464-471; 475; 477-478; 480-484; 486; 488-503; 505-517; 519-543
wta_rankings_83_99.csv,1987-01-26,1,544,248,296,18; 20; 31; 35; 43; 46; 48; 55; 58; 60; 68-70; 72-73; 79; 81; 103-104; 112; 117; 119; 122; 129; 133-136; 139; 141; 144; 149; 151; 160; 166; 175; 178; 180; 183-184; 188; 194-196; 198; 205-207; 212-213; 217; 222; 225-229; 233-234; 239; 241-244; 246-251; 253; 256-257; 259-261; 266; 270-271; 273-275; 278-286; 288; 292; 294-298; 300-302; 304-305; 307-308; 310-324; 327; 329-331; 333; 335-336; 339-342; 344; 346-352; 354-356; 358-359; 361; 363; 366-367; 369-372; 375-376; 378-381; 383-391; 393-396; 398-403; 405-409; 411-416; 418-420; 422; 425-438; 440-446; 448; 450-452; 454; 456-458; 460; 462; 464-471; 474-475; 477-478; 480-486; 488-503; 505-517; 519-543
wta_rankings_83_99.csv,1987-02-02,1,555,293,262,57-58; 79; 95; 139; 149; 152; 160; 162; 172; 176; 181; 184; 186; 190; 193-194; 200; 202; 204; 212-213; 215; 218; 220; 224-226; 230-232; 241; 244; 248; 251; 253; 256-259; 261-265; 268; 270; 274-275; 277-279; 284-298; 300; 302; 306-309; 311-312; 314-316; 318; 320-321; 326; 328-329; 331-332; 335; 337; 339; 341; 344-348; 350-356; 359; 365-367; 369-375; 378-381; 383-392; 394-395; 397-399; 402-404; 406-408; 411-416; 418-421; 423-426; 428-435; 437-442; 444; 446-452; 454-456; 458-459; 461-464; 466-467; 470-476; 479-487; 489-491; 493-505; 507-521; 523-530; 532-549; 551-554
wta_rankings_83_99.csv,1987-02-09,1,555,260,295,15; 18; 29; 34; 42; 54-55; 57-58; 63-64; 70; 78-79; 81; 95; 106-107; 120; 135; 139-140; 142; 144; 149; 151-152; 156; 160; 162; 172; 175-176; 181; 184; 186; 190; 193-194; 200; 202; 204; 212-213; 215; 218; 220; 224-226; 230-232; 234; 237; 241; 244; 248; 251; 253; 256-259; 261-266; 268; 270; 274-275; 277-279; 284-298; 300-302; 306-309; 311-316; 318; 320-321; 324; 326; 328-329; 331-332; 334-335; 337; 339; 341; 344-348; 350-356; 359; 365-367; 369-375; 378-381; 383-392; 394-395; 397-400; 402-404; 406-408; 411-416; 418-421; 423-426; 428-442; 444; 446-452; 454-456; 458-459; 461-464; 466-467; 469-476; 478-487; 489-491; 493-505; 507-521; 523-530; 532-549; 551-554
wta_rankings_83_99.csv,1987-02-16,1,556,293,263,58; 60; 82; 99; 137; 158; 164-166; 180-181; 184; 187; 189; 192; 196; 198; 201; 203-204; 213-214; 219-220; 224-225; 227; 229-231; 234; 239; 241-243; 251; 255-258; 261-262; 264-267; 269; 272; 275-276; 278-280; 284-297; 300-302; 304-305; 309-311; 313-314; 316-318; 321; 323-324; 329; 331-332; 334-335; 339; 341; 343-344; 346-349; 351-358; 365; 367-369; 372-383; 386; 388-397; 399-401; 403-404; 407-409; 411-412; 414-420; 422-425; 427-432; 434-441; 443; 446-450; 452-458; 460-464; 466-468; 470; 472; 474-481; 483; 485-490; 492-495; 497-505; 507-531; 533-536; 538-550; 552-555
wta_rankings_83_99.csv,1987-02-23,1,556,261,295,15; 20; 22; 35; 45; 50; 54; 58; 60-62; 67; 79; 81-82; 99; 105; 108; 127; 135; 137; 143-144; 146; 152-153; 157-158; 164-166; 180-181; 184; 187; 189; 192; 196; 198; 201; 203-204; 213-214; 219-220; 224-225; 227; 229-231; 234; 236; 239; 241-243; 251; 255-258; 261-267; 269; 272; 275-276; 278-280; 284-298; 300-302; 304-305; 309-311; 313-318; 321; 323-324; 327; 329; 331-332; 334-335; 338-339; 341; 343-344; 346-349; 351-358; 365; 367-369; 372-383; 386; 388-397; 399-401; 403-405; 407-409; 411-412; 414-420; 422-425; 427-432; 434-441; 443-444; 446-450; 452-458; 460-464; 466-468; 470; 472-481; 483-490; 492-495; 497-505; 507-531; 533-536; 538-550; 552-555
wta_rankings_83_99.csv,1987-03-02,1,558,296,262,62-63; 74; 97; 132; 154; 159; 161; 174-175; 180; 188; 190; 192-193; 198-200; 202; 205; 212; 215-216; 219; 222; 224-225; 227-228; 232; 234; 238; 240-241; 248; 250-252; 254-255; 258-260; 262-264; 266; 270-271; 273; 275-277; 283-295; 298-301; 303-304; 308-311; 313-315; 318; 320; 323-324; 329-330; 332-333; 336; 340; 343-351; 353-359; 364; 366-368; 372-385; 387; 389-396; 399-401; 403-404; 406; 410-411; 413-415; 417-423; 425-430; 432-435; 437; 439-442; 444-445; 448-453; 455-461; 463-467; 469-471; 474; 476-483; 485; 487; 489-493; 495-498; 500-504; 506-533; 535-538; 540-552; 554-557
wta_rankings_83_99.csv,1987-03-09,1,558,262,296,14; 18; 23; 30; 48; 54; 56; 60; 62-63; 67; 74-75; 77; 84; 97; 99; 109; 126; 131-132; 140; 148; 150; 152; 154; 159; 161; 163; 174-175; 178; 180; 188; 190; 192-193; 198-200; 202; 205; 212; 215-216; 218-219; 222; 224-225; 227-228; 232; 234; 238; 240-241; 248; 250-255; 258-264; 266; 270-271; 273; 275-277; 283-295; 298-301; 303-304; 308-311; 313-316; 318; 320; 323-324; 327; 329-330; 332-333; 336; 339-340; 343-351; 353-359; 364; 366-368; 372-385; 387; 389-397; 399-401; 403-404; 406; 408; 410-411; 413-415; 417-423; 425-430; 432-435; 437; 439-445; 447-453; 455-461; 463-467; 469-471; 474-483; 485-487; 489-493; 495-498; 500-504; 506-533; 535-538; 540-552; 554-557
wta_rankings_83_99.csv,1987-03-15,1,559,295,264,25; 38; 62-63; 77; 96; 127; 150; 157; 168; 172; 179-180; 191; 193-196; 198; 200; 203; 211-212; 215-216; 219; 224; 226-229; 233; 235; 238; 240-241; 244; 246; 250-251; 255-256; 258-260; 262-263; 265; 269-270; 273-274; 276; 278; 281-294; 296-297; 299; 303-306; 308-310; 312-313; 315-316; 318; 320; 326-327; 329-330; 335; 340; 343-350; 352-357; 362; 364-367; 371-385; 387; 389-396; 399-403; 405; 410-411; 413-415; 417-423; 425-430; 432-435; 437; 439-442; 444-445; 448-453; 455-461; 463-467; 469-471; 474; 476-483; 485; 487; 489-493; 495-500; 502-505; 507-535; 537-540; 542-554; 556-558
wta_rankings_83_99.csv,1987-03-22,1,559,261,298,14; 17; 23; 25; 28; 38; 47; 59; 61-63; 66; 77-78; 80-81; 90-91; 96; 105; 115; 127; 129; 133; 135-136; 150-151; 157; 164; 168-169; 172; 179-180; 191; 193-196; 198; 200; 203; 211-212; 215-217; 219; 224; 226-229; 233; 235; 238; 240-241; 244; 246; 250-252; 255-256; 258-263; 265; 269-270; 273-274; 276; 278; 281-294; 296-297; 299; 303-306; 308-313; 315-316; 318; 320; 324; 326-327; 329-330; 335; 339-340; 343-350; 352-357; 362; 364-367; 371-385; 387; 389-397; 399-403; 405; 407; 410-411; 413-415; 417-423; 425-430; 432-435; 437; 439-445; 447-453; 455-461; 463-467; 469-471; 474-483; 485-487; 489-493; 495-500; 502-505; 507-535; 537-540; 542-554; 556-558
wta_rankings_83_99.csv,1987-03-29,1,559,261,298,14; 17; 23; 25; 28; 38; 47; 59; 61-63; 66; 77-78; 80-81; 90-91; 96; 105; 115; 127; 129; 133; 135-136; 150-151; 157; 164; 168-169; 172; 179-180; 191; 193-196; 198; 200; 203; 211-212; 215-217; 219; 224; 226-229; 233; 235; 238; 240-241; 244; 246; 250-252; 255-256; 258-263; 265; 269-270; 273-274; 276; 278; 281-294; 296-297; 299; 303-306; 308-313; 315-316; 318; 320; 324; 326-327; 329-330; 335; 339-340; 343-350; 352-357; 362; 364-367; 371-385; 387; 389-397; 399-403; 405; 407; 410-411; 413-415; 417-423; 425-430; 432-435; 437; 439-445; 447-453; 455-461; 463-467; 469-471; 474-483; 485-487; 489-493; 495-500; 502-505; 507-535; 537-540; 542-554; 556-558
wta_rankings_83_99.csv,1987-03-30,1,567,296,271,28; 60; 64; 80; 93; 125; 136; 151; 159; 163; 168; 171; 181; 190-191; 193-195; 198; 202; 205; 211; 213; 215; 217; 220; 223-224; 228-231; 234; 236; 239-241; 244; 247; 249; 252; 254; 256-257; 260-263; 265; 267; 269; 272-273; 275; 277; 279; 281-282; 285; 287-297; 303-308; 310-314; 316-317; 319; 327-329; 332-333; 336; 341; 343-349; 351; 353-359; 361-362; 366-371; 377-387; 389-390; 392; 394-402; 404-406; 408-409; 413-414; 417; 419-420; 423-429; 431-439; 441; 443-446; 448-449; 452-461; 463-469; 471-477; 480; 482-489; 491; 493-494; 496-499; 502-505; 507-546; 548-550; 552-563; 565-566
wta_rankings_83_99.csv,1987-04-06,1,567,263,304,14; 19; 24; 26; 28; 47; 57; 60; 62; 64; 66; 75-76; 79-80; 89-90; 93; 104; 114; 125; 132-133; 136; 138; 148; 151; 159; 163; 166; 168-169; 171; 181; 190-191; 193-195; 198; 202; 205; 211; 213; 215; 217-218; 220; 223-224; 228-231; 234; 236; 239-241; 244; 247; 249; 252; 254; 256-258; 260-265; 267; 269; 272-273; 275; 277; 279; 281-282; 285; 287-297; 303-308; 310-314; 316-317; 319; 321; 325; 327-329; 332-333; 336; 340-341; 343-349; 351; 353-359; 361-362; 366-371; 377-387; 389-390; 392; 394-406; 408-409; 413-414; 416-417; 419-420; 423-429; 431-439; 441; 443-449; 451-461; 463-469; 471-477; 480-491; 493-494; 496-499; 502-505; 507-546; 548-550; 552-563; 565-566
wta_rankings_83_99.csv,1987-04-13,1,582,295,287,27; 54; 63; 80; 93; 124; 140; 156; 160; 163; 167; 174; 180; 185; 191; 193-195; 198; 201; 203; 205; 208; 215; 217-219; 222; 227-228; 230-231; 233; 238-239; 241; 243-245; 248; 252-253; 257-258; 261-264; 266; 268; 270; 274-275; 277-280; 282-285; 287; 290-293; 295-299; 304-305; 307; 310-313; 316; 318; 320-321; 323-324; 326; 328-332; 334; 337-341; 343-346; 350; 354-358; 360; 362; 364-371; 373-379; 383; 385-386; 388-390; 392-394; 397-398; 400-401; 403-407; 409-413; 416-417; 419-421; 423; 425; 428-429; 431-432; 434-442; 444-446; 448-452; 454-460; 462-463; 465-475; 477-479; 481-488; 491-494; 496-502; 504; 506; 508; 510-522; 524-549; 551-563; 565-579; 581
wta_rankings_83_99.csv,1987-04-20,1,582,263,319,14; 17; 23; 27; 31; 48; 54; 56-57; 63; 71; 75; 80; 84; 89; 93; 105-106; 115; 118; 123-124; 136-137; 140; 143; 156; 160; 163; 167-168; 171; 174; 180; 185; 191; 193-195; 198; 201; 203; 205; 208-209; 215; 217-219; 222; 227-228; 230-231; 233; 238-239; 241; 243-245; 248; 250; 252-253; 257-259; 261-264; 266; 268; 270; 274-275; 277-280; 282-285; 287; 290-293; 295-299; 301; 304-305; 307; 310-314; 316; 318; 320-321; 323-324; 326; 328-332; 334; 337-341; 343-346; 350; 353-358; 360; 362; 364-371; 373-379; 383; 385-386; 388-390; 392-394; 397-398; 400-401; 403-414; 416-421; 423; 425; 428-429; 431-432; 434-442; 444-446; 448-452; 454-463; 465-475; 477-479; 481-488; 491-502; 504; 506; 508; 510-522; 524-549; 551-563; 565-579; 581
wta_rankings_83_99.csv,1987-04-27,1,578,296,282,32; 47; 64; 68; 95; 128; 159; 164; 166-167; 171; 183; 190-192; 197-201; 203; 207; 209; 212; 217-219; 221; 229; 232; 234-236; 240-241; 243; 245-246; 248; 255-256; 258; 260-265; 267; 270; 272; 274-278; 280-284; 286-287; 291-293; 295-296; 298-299; 303-304; 308-309; 311-313; 315; 317-319; 321-322; 324; 326-328; 330; 334-335; 337-338; 344; 347-358; 360-364; 367; 369-370; 372-373; 375; 377-378; 380-382; 384-386; 389-390; 392-396; 398; 400-404; 406-407; 409-411; 413; 415-416; 420-424; 427; 429-431; 433-435; 437-443; 445-457; 459-464; 466-469; 471-475; 477-482; 484-486; 488-496; 499-500; 502; 504-509; 511-519; 521-535; 537-546; 548-560; 562-577
wta_rankings_83_99.csv,1987-05-04,1,578,262,316,14; 19; 24; 32; 39; 47-48; 51; 56; 64; 68; 76; 80; 82; 88; 91; 95; 105; 116; 122-123; 128; 132; 141; 144; 152; 159; 164; 166-167; 171; 178-179; 183; 190-192; 197-203; 207; 209; 212; 217-219; 221; 229; 232; 234-236; 240-241; 243; 245-248; 255-258; 260-265; 267; 270; 272; 274-278; 280-284; 286-287; 291-293; 295-296; 298-299; 301; 303-304; 308-309; 311-313; 315; 317-319; 321-324; 326-328; 330; 332; 334-335; 337-338; 344; 346-358; 360-364; 367; 369-370; 372-373; 375; 377-378; 380-382; 384-386; 389-390; 392-398; 400-407; 409-411; 413; 415-416; 420-424; 427; 429-435; 437-443; 445-457; 459-469; 471-475; 477-482; 484-496; 499-500; 502; 504-509; 511-519; 521-535; 537-546; 548-560; 562-577
wta_rankings_83_99.csv,1987-05-11,1,584,302,282,44; 58; 60; 101; 138; 158; 168; 172; 184; 190; 193-196; 198; 201-202; 204; 210-211; 213; 215; 218-219; 221-222; 229-230; 236; 238; 241-243; 245; 248-249; 252-253; 255; 257; 259-263; 266-269; 271; 274; 276-279; 281-283; 285-287; 289-290; 292; 296-298; 301-302; 305-309; 311-314; 317-318; 320; 323; 325; 329; 331-333; 335; 338; 340; 342-343; 348; 350; 352-354; 357-362; 364; 366-371; 373-375; 377; 379-381; 387-391; 394; 396; 398-403; 405-407; 409; 412-413; 415-416; 418; 420-421; 423; 425-427; 429-433; 435-437; 439-448; 450-469; 471-477; 479-486; 488-489; 491-501; 504-505; 508-514; 516-522; 524-536; 538-548; 551-561; 563-566; 568-583
wta_rankings_83_99.csv,1987-05-18,1,584,268,316,14; 19; 25; 39; 43-44; 56-58; 60; 83-84; 91; 93; 101; 108-109; 114; 120; 122; 138; 144; 148; 150-151; 156; 158; 168; 172; 179; 182; 184; 190; 193-196; 198; 201-202; 204; 210-211; 213; 215; 218-219; 221-222; 229-230; 236; 238; 241-243; 245; 248-249; 252-253; 255; 257-263; 266-269; 271; 274; 276-279; 281-283; 285-287; 289-290; 292; 296-298; 300-302; 304-309; 311-314; 317-318; 320; 323; 325; 328-329; 331-333; 335-336; 338; 340; 342-343; 348; 350; 352-354; 356-362; 364; 366-371; 373-375; 377; 379-381; 387-391; 394; 396; 398-403; 405-410; 412-413; 415-418; 420-421; 423; 425-427; 429-437; 439-448; 450-469; 471-477; 479-486; 488-489; 491-501; 504-505; 508-514; 516-522; 524-536; 538-548; 550-561; 563-566; 568-583
wta_rankings_83_99.csv,1987-05-25,1,586,301,285,45; 61; 63; 104; 146; 152; 167; 172; 181; 188; 190-194; 200-201; 204; 207; 210-211; 217; 219-221; 224; 231; 233; 238; 240; 243-246; 248-249; 252; 254; 258-264; 267-268; 272; 275-282; 284; 286-288; 291-292; 295-296; 298-302; 304; 306-307; 309-311; 313; 315-316; 319-320; 322-324; 326-328; 332; 334-335; 337-338; 341; 344-346; 351-353; 355; 357-364; 366; 368-371; 377-381; 383-384; 387-389; 392; 394-395; 398-404; 406-408; 410; 413-414; 416-419; 421-422; 425-427; 429-432; 434-437; 439-447; 449-468; 470-474; 476-482; 484-485; 487; 489-500; 503-506; 508; 510-516; 518-524; 526-539; 541-550; 553-563; 565-569; 571-585
wta_rankings_83_99.csv,1987-06-01,1,586,268,318,14; 22; 26; 40; 42; 45; 56; 60-61; 63; 78; 82; 85; 90; 104; 107; 118-119; 124; 127; 135; 140; 146; 148; 152; 157; 163; 167; 172; 177; 181; 185; 188; 190-194; 200-201; 204; 207; 210-211; 217; 219-221; 224; 231; 233; 238; 240; 243-246; 248-249; 252; 254; 257-264; 267-268; 272-273; 275-282; 284; 286-288; 291-292; 295-296; 298-302; 304-307; 309-311; 313; 315-316; 319-320; 322-324; 326-328; 331-332; 334-335; 337-339; 341; 344-346; 351-353; 355-364; 366; 368-371; 377-381; 383-384; 387-389; 392; 394-395; 398-404; 406-411; 413-414; 416-419; 421-422; 425-427; 429-437; 439-447; 449-468; 470-474; 476-482; 484-485; 487; 489-500; 503-506; 508; 510-516; 518-524; 526-539; 541-550; 552-563; 565-569; 571-585
wta_rankings_83_99.csv,1987-06-08,1,590,302,288,45; 59; 63; 96; 118; 153; 168; 171; 189; 192-194; 196-197; 200; 204; 206; 209; 211; 215; 217-219; 226; 231-232; 237; 239; 242-245; 247-248; 250; 254-259; 261-262; 264; 266; 268; 273; 276-281; 284-286; 288-289; 292-295; 297-302; 304-305; 307; 309-315; 317; 319; 321-323; 325-326; 328-329; 331; 333; 336; 338; 342-343; 346; 349-350; 355-357; 359-365; 367; 369-371; 373; 375; 377-379; 381-382; 385-386; 388-389; 392-393; 396-399; 401-403; 405-406; 408-409; 411; 413-415; 417; 419-420; 422; 424; 426-432; 434-436; 438-446; 448-454; 456-471; 473-477; 479-485; 487-488; 490; 492-507; 510-515; 517-519; 521-524; 526-540; 542-552; 554-567; 569; 571-574; 576-589
wta_rankings_83_99.csv,1987-06-15,1,590,269,321,13; 18; 24; 40; 45; 48; 50; 57; 59; 63; 78; 81; 85; 93; 96-97; 112-113; 117-118; 125; 127; 141; 143; 147; 153; 163; 168; 171; 176-177; 189; 192-194; 196-197; 200; 204; 206; 209; 211; 215; 217-219; 226; 231-232; 237; 239; 242-245; 247-248; 250-251; 254-259; 261-262; 264; 266; 268; 273-274; 276-281; 284-286; 288-289; 292-295; 297-302; 304-307; 309-315; 317; 319; 321-323; 325-326; 328-329; 331-333; 336; 338-339; 342-343; 346; 348-350; 355-357; 359-365; 367; 369-371; 373; 375; 377-379; 381-382; 385-386; 388-389; 392-393; 396-399; 401-406; 408-411; 413-415; 417; 419-420; 422; 424; 426-436; 438-446; 448-454; 456-471; 473-477; 479-485; 487-488; 490; 492-507; 510-515; 517-519; 521-524; 526-540; 542-567; 569; 571-574; 576-589
wta_rankings_83_99.csv,1987-06-22,1,592,301,291,45; 66; 71; 95; 124; 149; 168-169; 187; 189-191; 194-196; 199; 203; 207; 210-211; 214; 216; 218-219; 228; 232-233; 239; 241-243; 246-247; 249; 252; 254-255; 260-268; 270-271; 274-275; 279; 282-286; 288-291; 295; 298-305; 308; 310-312; 314-315; 317-319; 321; 323-324; 326-327; 329; 331-332; 334-337; 339-344; 348; 350-351; 354; 357; 360; 362; 364-367; 369-370; 372-373; 375-378; 380; 382-383; 385-387; 390-392; 395; 397-400; 402; 404-409; 411-414; 416-421; 423-424; 426-427; 429; 431; 433-438; 440-441; 443-449; 452-455; 457-469; 471-474; 476-477; 479-484; 486-490; 492-503; 506-511; 513-516; 518-524; 526-532; 534-544; 546-554; 556-571; 573-576; 578-591
wta_rankings_83_99.csv,1987-06-29,1,592,269,323,14; 17; 22; 43; 45; 47; 52; 60; 66; 71; 75; 82; 89-90; 95; 99; 106-107; 114; 124; 126-127; 140; 142; 144; 149; 162; 168-170; 173; 187; 189-191; 194-196; 199; 203; 207; 210-211; 214; 216; 218-219; 228; 232-233; 239; 241-243; 246-247; 249; 251-252; 254-255; 260-268; 270-271; 274-275; 279-280; 282-286; 288-291; 295; 298-305; 308-312; 314-315; 317-319; 321; 323-327; 329; 331-332; 334-337; 339-344; 348; 350-354; 357; 360; 362; 364-367; 369-370; 372-373; 375-378; 380; 382-383; 385-387; 390-392; 395; 397-400; 402; 404-414; 416-421; 423-424; 426-427; 429-431; 433-438; 440-441; 443-449; 452-455; 457-469; 471-474; 476-477; 479-484; 486-490; 492-503; 506-511; 513-516; 518-524; 526-532; 534-544; 546-571; 573-576; 578-591
wta_rankings_83_99.csv,1987-07-06,1,598,302,296,45; 66; 70; 85; 120; 152; 168; 183-185; 187; 189-192; 198; 203; 208; 210; 212; 214-215; 217; 221; 224; 231-232; 235; 237; 240; 242; 245; 247; 249-250; 252-253; 258-268; 273-276; 280-281; 283; 285-288; 290-291; 293; 297; 299-303; 305-307; 309; 311-312; 314-315; 319; 321; 323-326; 329-335; 337; 339; 341-342; 345-349; 352; 354; 358-359; 362; 364-366; 368-369; 371-373; 375-378; 380-381; 383; 385-389; 391-392; 396-397; 399-402; 404-405; 407; 409; 411-413; 415-418; 420-425; 427-429; 433-437; 440-442; 444-446; 448-450; 452-470; 472-473; 475-486; 488-489; 491-493; 495-506; 509-513; 515-518; 520-536; 538-549; 551-558; 560-564; 566-575; 577-581; 583-597
wta_rankings_83_99.csv,1987-07-13,1,598,270,328,14; 19; 24; 41; 44-45; 61; 64; 66; 70; 75-76; 79; 85; 96; 100; 103; 107; 117; 120-121; 123; 140; 148; 152; 158; 160; 166; 168; 174; 183-185; 187; 189-192; 198; 203; 208; 210; 212; 214-215; 217; 221; 224; 231-232; 235; 237; 239-240; 242; 245; 247; 249-250; 252-253; 258-268; 273-276; 280-283; 285-288; 290-291; 293; 297; 299-303; 305-307; 309; 311-312; 314-316; 319-321; 323-326; 329-335; 337; 339; 341-342; 344-349; 352; 354; 356; 358-359; 362; 364-366; 368-369; 371-373; 375-378; 380-381; 383; 385-389; 391-392; 396-397; 399-402; 404-407; 409; 411-418; 420-425; 427-429; 433-437; 440-442; 444-446; 448-450; 452-470; 472-473; 475-486; 488-489; 491-493; 495-506; 509-513; 515-518; 520-536; 538-549; 551-564; 566-575; 577-581; 583-597
wta_rankings_83_99.csv,1987-07-20,1,584,306,278,45; 60; 70; 88; 121; 158; 161; 175-176; 181-184; 187; 190; 194; 196; 201; 203-204; 209; 215-216; 221; 228; 233-234; 240-244; 246-248; 250-251; 253; 255-259; 261-264; 267-269; 271; 276; 278; 280; 282; 285-293; 295-296; 298; 302-303; 306; 310; 312; 314; 316; 319; 322-326; 328-330; 333; 335-337; 339-340; 342-344; 346; 349-351; 354; 357-358; 360-362; 367-370; 372-377; 379; 381-384; 386; 389-390; 392; 395-398; 400-401; 403-405; 407-409; 412-416; 418-420; 422-424; 426; 428; 430; 432-434; 436-444; 446-451; 453-456; 458-466; 468-480; 482-484; 486-487; 489-491; 493-499; 501-502; 505-506; 508; 510-514; 516-522; 524-536; 538-548; 550-553; 555-564; 566-568; 570-583
wta_rankings_83_99.csv,1987-07-27,1,584,273,311,14; 20; 24; 42; 44-45; 48; 56; 60; 70; 76; 78; 84; 88; 99; 103; 108; 119-121; 126; 143-144; 148; 154; 158; 161-162; 173-176; 181-184; 187; 190; 194; 196; 201; 203-204; 209; 215-216; 221; 226; 228; 233-234; 240-244; 246-248; 250-251; 253; 255-259; 261-264; 267-269; 271; 276; 278-280; 282; 285-293; 295-296; 298; 302-303; 306; 310; 312; 314-316; 318-319; 322-326; 328-330; 333; 335-337; 339-344; 346; 349-352; 354; 357-358; 360-362; 367-370; 372-377; 379; 381-384; 386; 389-390; 392-393; 395-398; 400-410; 412-416; 418-420; 422-424; 426; 428; 430; 432-434; 436-444; 446-451; 453-456; 458-466; 468-480; 482-484; 486-487; 489-491; 493-499; 501-502; 505-506; 508; 510-514; 516-522; 524-536; 538-548; 550-553; 555-564; 566-568; 570-583
wta_rankings_83_99.csv,1987-08-03,1,585,305,280,45; 60; 78; 87; 121; 152; 163; 170; 175-176; 179; 182-185; 190; 192; 194-195; 199; 207; 209; 216; 218-219; 230; 232; 239; 242-243; 247-248; 250-255; 257-262; 265; 267-271; 273; 275; 279-280; 283-285; 287; 289-293; 295; 297-298; 301; 304-305; 307-310; 312-313; 319; 322; 324-327; 332; 337; 339-341; 344; 346-347; 349; 351-352; 354-355; 359-362; 364-366; 369-372; 374-377; 380; 382; 384-387; 389-393; 395-398; 400-402; 404-405; 407; 410; 412-413; 415-416; 418-420; 422-425; 428; 430-434; 436-443; 445-446; 449-456; 458-484; 486-489; 491-496; 498-500; 502-503; 505-511; 513-516; 519-528; 530-540; 542-552; 554-557; 559-583
wta_rankings_83_99.csv,1987-08-10,1,585,272,313,14; 21-22; 42; 44-45; 49; 56; 60; 75; 78-79; 85; 87; 99; 102; 115; 119-121; 130; 135; 142; 149; 152; 156; 161; 163; 168; 170; 175-176; 179; 182-185; 190; 192; 194-195; 198-199; 207; 209; 216; 218-219; 229-230; 232; 239; 242-243; 247-248; 250-255; 257-262; 265; 267-271; 273; 275; 279-280; 283-285; 287; 289-293; 295; 297-298; 301; 304-305; 307-313; 319; 321-327; 331-332; 335; 337; 339-342; 344; 346-347; 349; 351-352; 354-355; 359-362; 364-366; 369-372; 374-377; 380; 382-387; 389-393; 395-398; 400-405; 407-408; 410; 412-413; 415-416; 418-420; 422-425; 428; 430-434; 436-443; 445-446; 449-456; 458-484; 486-489; 491-496; 498-500; 502-503; 505-511; 513-516; 519-528; 530-540; 542-552; 554-557; 559-583
wta_rankings_83_99.csv,1987-08-17,1,595,304,291,45; 50; 59; 76; 84; 122; 156; 163; 176-178; 184; 186-188; 193-194; 196; 198-200; 207-208; 213; 215; 217; 229; 236-237; 240-241; 245; 247; 249-250; 252-255; 257-260; 262; 265-268; 271-273; 276-278; 280; 282-283; 285-286; 288-290; 292-294; 296; 300-302; 304; 306-307; 309-310; 312-313; 317; 320-321; 324-326; 328; 332; 337-338; 340; 343-344; 346; 349-350; 352-357; 361-364; 366-367; 369; 371-375; 378; 380-384; 387-389; 391-392; 394-402; 404-405; 407-410; 412; 414-415; 417-420; 422-423; 425; 427; 429; 431-437; 439-440; 442-445; 447-452; 454; 456-465; 468-485; 487; 489-493; 495-498; 500-507; 509-510; 512-514; 516-520; 522; 524-530; 532-551; 553-556; 558-581; 583; 585-594
wta_rankings_83_99.csv,1987-08-24,1,595,271,324,15; 18; 23; 38; 41-42; 45; 50; 59; 61; 69; 76; 79; 84; 92; 101; 104; 117; 122-123; 125; 129; 131; 144; 150; 152; 156; 160; 163; 165; 176-178; 184; 186-188; 193-194; 196; 198-200; 207-208; 213; 215; 217-218; 223; 229; 236-237; 240-241; 245; 247; 249-250; 252-255; 257-260; 262; 265-268; 271-273; 276-278; 280; 282-283; 285-286; 288-290; 292-294; 296; 300-302; 304; 306-307; 309-313; 317; 320-321; 323-328; 332; 335; 337-341; 343-344; 346; 349-350; 352-357; 361-364; 366-367; 369; 371-375; 378-384; 387-389; 391-402; 404-405; 407-410; 412; 414-420; 422-423; 425; 427; 429; 431-437; 439-440; 442-445; 447-452; 454; 456-465; 468-485; 487; 489-493; 495-498; 500-507; 509-510; 512-514; 516-520; 522; 524-530; 532-551; 553-556; 558-581; 583; 585-594
wta_rankings_83_99.csv,1987-08-31,1,605,304,301,43; 45; 83; 85; 119; 163; 167; 175; 177-179; 182; 184; 187-188; 192; 195; 199-201; 205; 210; 214; 216-217; 227; 239; 241-242; 245-248; 250; 253; 255-261; 264-269; 272-274; 277-278; 280; 282; 284-285; 287; 289; 291-293; 295; 298; 300; 302-303; 305-309; 312-315; 317; 319-321; 325-326; 329-331; 335; 340; 342-343; 345; 347-348; 350; 354-355; 357-361; 365-369; 371-373; 375-376; 380-385; 387; 390-392; 394-397; 399-408; 410-413; 415-416; 419-420; 422-425; 427-428; 430; 432-433; 435-440; 442; 444-448; 451-460; 462-465; 467-476; 478-488; 490-492; 495-504; 506-514; 516-517; 519-521; 523-528; 530; 532-550; 552-557; 559-563; 565-586; 588-604
wta_rankings_83_99.csv,1987-09-07,1,605,271,334,17-18; 23; 35; 41-43; 45; 56; 65; 76; 83; 85; 91; 93; 103; 116; 119-120; 124-125; 129; 131; 143; 148; 159; 163; 167-168; 175; 177-179; 182; 184; 187-188; 192; 195; 199-201; 205; 210; 213-214; 216-217; 226-227; 239; 241-242; 245-248; 250; 253; 255-261; 264-269; 272-274; 277-278; 280; 282; 284-285; 287; 289; 291-293; 295; 298; 300; 302-303; 305-309; 311-315; 317; 319-322; 324-327; 329-331; 335; 338; 340-343; 345; 347-348; 350; 354-355; 357-361; 365-369; 371-376; 380-385; 387; 390-392; 394-408; 410-413; 415-416; 419-425; 427-428; 430; 432-433; 435-440; 442; 444-448; 451-460; 462-465; 467-476; 478-488; 490-492; 495-504; 506-514; 516-517; 519-521; 523-528; 530; 532-550; 552-557; 559-563; 565-586; 588-604
wta_rankings_83_99.csv,1987-09-14,1,605,304,301,39; 52; 81; 90; 122; 165-166; 172-173; 175-176; 178; 182; 186-188; 194; 196; 199; 202; 206-207; 214; 216; 220; 224; 236-237; 241-245; 247; 249-254; 256-257; 260-263; 265-266; 268; 270-271; 278; 280; 283-284; 286; 288-293; 296-297; 300; 302-304; 306; 309-316; 319; 322-325; 327; 330; 332; 338-339; 341; 343; 346; 348-349; 351; 354-358; 363-365; 367-368; 370-372; 375; 377-384; 386-389; 391-394; 396-403; 405; 407; 410-411; 413-414; 416; 418-420; 423; 425-429; 431-434; 436-437; 439-443; 445-448; 450-467; 469-471; 473-474; 476-482; 484-487; 489; 492-508; 510; 512-514; 516-520; 522; 524-541; 543-550; 552-556; 558-580; 582-604
wta_rankings_83_99.csv,1987-09-21,1,605,271,334,16; 18; 23; 35; 37-39; 52; 59; 66; 76; 81; 90; 94; 101; 103; 116-117; 122; 124; 128; 137; 142; 144; 150; 160; 165-166; 172-173; 175-176; 178-179; 182; 186-188; 194; 196; 199; 202; 206-207; 213-214; 216; 220; 224; 228; 236-237; 241-245; 247; 249-254; 256-257; 260-263; 265-266; 268; 270-271; 278; 280; 283-284; 286; 288-293; 296-297; 300; 302-304; 306; 308-316; 319-327; 330; 332; 335; 337-339; 341; 343; 346; 348-349; 351; 354-358; 363-365; 367-372; 375; 377-384; 386-389; 391-403; 405; 407; 410-411; 413-414; 416; 418-420; 423; 425-429; 431-434; 436-443; 445-448; 450-467; 469-471; 473-474; 476-482; 484-487; 489; 492-508; 510; 512-514; 516-520; 522; 524-541; 543-550; 552-556; 558-580; 582-604
wta_rankings_83_99.csv,1987-09-28,1,583,304,279,20; 37; 69; 78; 91; 124; 158; 165; 169; 172-173; 176; 181; 183; 185-186; 189; 194; 196; 198; 200; 203; 205; 208; 216; 221; 223-224; 233-234; 238; 240; 242-243; 246; 249-252; 254-256; 259; 261-265; 267; 271; 273; 277; 279-282; 284-286; 288-291; 296-299; 303-308; 310-314; 317-319; 321-322; 325; 327; 332; 334; 336; 341-342; 344-346; 349; 351-352; 356; 358-359; 361-365; 367-370; 372; 376; 378-379; 381; 383-389; 391-393; 395-398; 400-403; 405; 407; 409; 412-414; 416; 418-422; 424-426; 428-431; 433-452; 454-455; 457-458; 460-462; 464-468; 470-473; 475-478; 480-488; 490-491; 494-497; 499-507; 509; 511-512; 514-520; 523-534; 536; 538-547; 549-558; 560-561; 563-582
wta_rankings_83_99.csv,1987-10-05,1,583,270,313,14; 18; 20; 24; 28; 33; 36-37; 60; 65; 69; 78-79; 91-92; 99; 108; 114; 116; 122; 124; 127; 142-143; 148; 158; 164-165; 167; 169; 172-173; 176-177; 181; 183; 185-186; 189; 194; 196; 198; 200; 203; 205; 208; 215-216; 221-224; 233-234; 238; 240; 242-243; 246; 249-252; 254-257; 259; 261-265; 267; 271; 273; 277; 279-282; 284-286; 288-291; 296-299; 301; 303-308; 310-315; 317-319; 321-322; 325; 327; 329-332; 334; 336; 341-342; 344-346; 349; 351-352; 356; 358-359; 361-365; 367-370; 372; 374; 376; 378-379; 381-389; 391-393; 395-398; 400-403; 405; 407; 409; 412-414; 416; 418-422; 424-426; 428-431; 433-452; 454-455; 457-458; 460-462; 464-468; 470-473; 475-478; 480-488; 490-491; 494-497; 499-507; 509; 511-512; 514-521; 523-536; 538-547; 549-558; 560-561; 563-582
wta_rankings_83_99.csv,1987-10-12,1,564,307,257,37; 65; 97-98; 125; 152; 165; 171; 175; 177; 179; 183; 185; 188; 190; 192; 194; 196-197; 204; 207; 213; 220-221; 224; 226; 229; 231; 233-234; 238; 244-248; 255-258; 260-263; 265-266; 268; 272; 274-275; 278; 280-283; 285-288; 290; 292-294; 296; 298-299; 302; 304; 306-307; 310-311; 313-316; 318-322; 324; 327-328; 330; 337-338; 340-341; 343; 346-348; 350; 352-355; 357-358; 360-361; 365; 368-369; 371-374; 376; 378; 380; 382-383; 385-388; 390; 392-396; 398-399; 401-405; 407; 410; 415-424; 426-427; 429-431; 433-437; 439-446; 448; 450-460; 462-464; 466; 468-471; 473; 475-484; 487-489; 491-500; 502-508; 510-511; 513-518; 520-521; 523-535; 538-540; 542-548; 550-559; 562-563
wta_rankings_83_99.csv,1987-10-19,1,564,273,291,15; 18; 24; 28; 31; 37; 51; 57; 65; 72; 84; 89; 97-98; 101; 108; 112; 120; 125-126; 142; 145; 148; 152; 155; 161; 165-166; 171; 175; 177; 179; 183; 185; 188; 190; 192; 194; 196-197; 204-205; 207-208; 213; 220-221; 223-224; 226; 229; 231; 233-234; 238; 244-248; 255-258; 260-263; 265-266; 268; 272; 274-276; 278; 280-283; 285-288; 290; 292-294; 296-299; 302-304; 306-307; 310-316; 318-322; 324; 327-328; 330; 332; 335; 337-338; 340-341; 343; 346-350; 352-355; 357-358; 360-361; 365; 368-369; 371-374; 376; 378; 380; 382-383; 385-390; 392-399; 401-405; 407; 410; 415-424; 426-427; 429-431; 433-437; 439-446; 448; 450-460; 462-464; 466; 468-471; 473; 475-484; 487-489; 491-500; 502-508; 510-511; 513-518; 520-521; 523-536; 538-540; 542-548; 550-559; 562-563
wta_rankings_83_99.csv,1987-10-26,1,561,302,259,37; 69; 95-96; 132; 154-155; 169; 171; 173; 176; 179; 181; 184-185; 188; 190; 194-195; 204-205; 218-220; 222-223; 227; 230; 234; 240; 245; 248-250; 255-257; 259; 261; 263-265; 270; 272-276; 278-283; 285-286; 289-290; 292-294; 296; 298-300; 302; 305; 308-309; 312-313; 316; 318-325; 328-330; 332; 334; 337; 339-340; 343-344; 347-352; 354-355; 358-359; 361; 363; 365-366; 369; 372; 376-380; 382-384; 386; 388-389; 391-392; 395-403; 405-406; 408-410; 412-414; 417-420; 422; 424-432; 434-437; 439-443; 445-451; 453-459; 461-466; 468-474; 476-487; 489; 491-495; 497-498; 500-504; 506-510; 512-514; 516-519; 521-530; 532-534; 536-546; 548-559
wta_rankings_83_99.csv,1987-11-02,1,561,270,291,16; 18; 27-29; 37; 42; 59; 69; 74; 82; 87; 95-96; 102; 104; 115-116; 120; 132; 142; 145; 147; 154-155; 158-159; 169-171; 173; 176; 179; 181; 184-185; 188; 190; 194-195; 203-205; 209; 211; 218-220; 222-223; 227; 230; 234; 240; 245; 248-250; 255-259; 261; 263-265; 270; 272-276; 278-283; 285-286; 289-290; 292-294; 296-300; 302; 304-305; 308-309; 312-313; 315-316; 318-325; 328-330; 332; 334; 337-341; 343-344; 347-352; 354-355; 358-359; 361; 363; 365-366; 369; 372; 376-380; 382-384; 386; 388-392; 395-403; 405-406; 408-410; 412-414; 417-422; 424-432; 434-437; 439-443; 445-451; 453-459; 461-466; 468-474; 476-487; 489; 491-495; 497-498; 500-504; 506-510; 512-514; 516-519; 521-530; 532-534; 536-546; 548-559
wta_rankings_83_99.csv,1987-11-09,1,579,307,272,39; 72; 93; 96; 103; 125; 134; 157; 163; 168; 172; 174; 177; 180; 183-184; 187; 189; 193; 203-204; 210; 219; 224; 227; 229; 234; 242-243; 245; 249; 251-252; 254; 256-258; 260; 262-270; 273-274; 276-280; 282; 284; 287-289; 291-293; 295-298; 300-303; 308; 311; 313; 315-316; 318-320; 322; 328-332; 334-337; 339; 341-342; 344-345; 348; 350-352; 355-357; 359-360; 362-363; 365; 367; 371; 375-376; 378-379; 381-382; 385-386; 388-393; 395; 397-402; 404-406; 408-414; 417; 420; 423-426; 428-439; 441-445; 447-451; 454-455; 457-458; 460-464; 466-470; 472-475; 477-482; 484-488; 490-497; 499-502; 504-509; 511-516; 518-525; 529-535; 537-540; 542-551; 553-562; 564; 566-578
wta_rankings_83_99.csv,1987-11-16,1,579,274,305,17-18; 23; 28; 30; 39; 46; 55-56; 72; 83; 86; 93; 95-96; 103-104; 110; 125; 134; 143; 146; 150; 152; 157; 160; 163; 166; 168-169; 172; 174; 177; 180; 183-184; 187; 189; 193; 196; 203-204; 207; 209-210; 219; 224; 227; 229; 234; 242-243; 245; 249; 251-252; 254-258; 260; 262-270; 273-274; 276-280; 282; 284; 287-289; 291-293; 295-303; 305; 307-308; 311; 313; 315-316; 318-320; 322; 326; 328-337; 339; 341-345; 348; 350-352; 355-357; 359-360; 362-363; 365; 367; 371; 375-376; 378-379; 381-382; 385-393; 395; 397-402; 404-406; 408-414; 417-418; 420; 423-426; 428-439; 441-445; 447-451; 454-455; 457-458; 460-464; 466-470; 472-475; 477-482; 484-488; 490-497; 499-502; 504-509; 511-516; 518-525; 527; 529-535; 537-540; 542-551; 553-562; 564; 566-578
wta_rankings_83_99.csv,1987-11-23,1,617,309,308,38; 68; 95; 112; 132; 136; 156; 164; 168; 173; 177; 179-180; 183; 185; 188; 190; 192-193; 204; 206; 218; 224; 226-227; 233; 238; 241-242; 244; 249-251; 256-257; 259-267; 270-271; 273-276; 280-281; 283; 285-295; 298-301; 304-306; 308-309; 313; 316; 318-320; 323-324; 326-327; 330-332; 334-336; 338; 341; 343-344; 346; 348-351; 353; 355-357; 359; 361; 363-364; 368-369; 374; 376; 379-381; 383-384; 386-387; 389-390; 392-396; 398; 401-409; 414; 416-417; 419; 421-433; 435-440; 443-446; 449; 451-454; 456-459; 461-469; 471-472; 474-486; 489-493; 495-499; 501-506; 508-511; 513-519; 522-525; 527-533; 535-542; 545-554; 556-557; 559-587; 589-616
wta_rankings_83_99.csv,1987-11-30,1,588,274,314,16-17; 24; 29-30; 38; 45; 53; 55; 68; 82; 85; 89; 95; 97; 104-105; 112; 132; 136; 143; 146; 151-152; 156; 159; 164; 166; 168-169; 173; 177; 179-180; 183; 185; 188; 190; 192-193; 197; 204; 206; 209; 211; 218; 224; 226-227; 233; 238; 241-242; 244; 249-251; 256-267; 270-271; 273-276; 280-281; 283; 285-295; 298-302; 304-309; 311; 313; 316; 318-320; 323-324; 326-327; 330-332; 334-336; 338; 341-344; 346; 348-357; 359; 361; 363-364; 368-369; 374; 376; 379-384; 386-387; 389-390; 392-396; 398; 401-409; 412; 414; 416-417; 419; 421-433; 435-440; 443-446; 449; 451-454; 456-459; 461-469; 471-472; 474-486; 489-493; 495-499; 501-506; 508-511; 513-519; 521-525; 527-533; 535-542; 545-554; 556-557; 559-587
wta_rankings_83_99.csv,1987-12-07,1,606,309,297,38; 67; 96; 112; 132; 136; 156; 165; 167; 174; 176; 178; 181-183; 186; 189; 191; 193; 206; 211; 214; 216; 220; 228; 231; 233; 237; 243; 247-248; 250; 254-258; 262-263; 266-269; 271; 273; 275; 278-279; 281-285; 287-288; 292-301; 303-305; 307-311; 318-320; 323-325; 327; 330-331; 333-336; 339; 341-342; 344; 346-349; 351-352; 355-356; 358; 361; 364-365; 368-369; 372; 376-377; 379-380; 382-389; 392-394; 396-399; 401-411; 415-416; 418-421; 423-428; 430-432; 434-438; 440; 442-448; 451; 453-456; 458-462; 464; 466-474; 476-489; 492; 494-496; 498-501; 503-509; 511-520; 522-524; 527-530; 532-540; 543-551; 553; 555-565; 567-578; 580-605
wta_rankings_83_99.csv,1987-12-14,1,579,274,305,16-17; 24; 30-31; 38; 46; 52; 55; 67; 83; 87; 89; 96-97; 105-106; 112; 132; 136; 138; 151-152; 156; 161; 165-168; 173-174; 176; 178; 181-183; 186; 189; 191; 193; 199; 206; 210-211; 214; 216; 219-220; 228; 231; 233; 237; 243; 247-248; 250; 254-258; 262-264; 266-269; 271; 273; 275; 278-279; 281-285; 287-288; 291-305; 307-311; 314; 318-320; 323-325; 327; 330-331; 333-336; 339-342; 344; 346-349; 351-356; 358; 361; 364-365; 368-369; 372; 376-377; 379-389; 392-394; 396-399; 401-411; 415-416; 418-421; 423-428; 430-432; 434-438; 440; 442-448; 451; 453-456; 458-462; 464; 466-474; 476-489; 492-496; 498-501; 503-509; 511-524; 527-530; 532-540; 543-551; 553; 555-565; 567-578
wta_rankings_83_99.csv,1987-12-21,1,606,312,294,38; 69; 97; 110; 132; 137; 155; 164-166; 170; 176; 178; 180; 184; 186-187; 190-191; 207; 217; 219; 224-225; 229-230; 232; 236-237; 243; 245; 248-249; 251; 254-255; 259-260; 263; 266-269; 271-272; 275; 277-282; 284-285; 289-293; 295-297; 299-302; 304; 306-309; 313; 316; 320-326; 330-331; 333-335; 337; 339-340; 343-346; 351-354; 357; 359; 362-363; 365; 367-369; 371; 373; 376-377; 379-382; 384; 386-387; 389-391; 393-394; 396-398; 400-403; 405-409; 412; 414-415; 417-421; 423-428; 431-435; 437-441; 443-446; 449-458; 460; 462-468; 470-472; 474-489; 492-497; 499-500; 502-503; 505-509; 511; 513-525; 528; 531-533; 535-542; 545-553; 555; 557-568; 570; 572-581; 583-605
wta_rankings_83_99.csv,1987-12-28,1,582,277,305,16-17; 24; 30; 37-38; 45; 52; 55; 69; 87; 89; 91; 97-98; 105-106; 110; 117; 132; 137; 139; 152-153; 155; 158; 164-166; 168; 170; 176; 178; 180; 184; 186-187; 190-191; 200; 206-207; 210; 217; 219; 224-225; 228-230; 232; 236-237; 243; 245; 248-249; 251; 254-255; 259-261; 263; 266-269; 271-272; 275; 277-282; 284-285; 288-293; 295-302; 304; 306-309; 313-314; 316; 320-326; 330-331; 333-335; 337-340; 343-347; 349; 351-354; 357; 359; 362-363; 365; 367-369; 371; 373; 376-377; 379-384; 386-387; 389-391; 393-394; 396-398; 400-403; 405-409; 412; 414-415; 417-421; 423-428; 431-435; 437-441; 443-446; 449-458; 460; 462-472; 474-489; 492-497; 499-503; 505-509; 511; 513-525; 528; 531-533; 535-542; 545-553; 555; 557-568; 570; 572-581
wta_rankings_83_99.csv,1988-01-04,1,606,314,292,39; 68; 102; 111; 136; 138; 158; 163-165; 168; 178; 182; 185-186; 190-191; 206; 217; 219; 224-225; 228; 230-231; 233; 237; 242; 244-245; 248; 250; 253; 255; 258-259; 261; 263; 266-268; 271-273; 276-279; 281-283; 285; 287; 289-292; 294-295; 297-301; 303; 305-307; 311-312; 315; 318-324; 326; 329-333; 336; 338; 340; 343-346; 351-353; 356-357; 359; 361-362; 364; 366-368; 370; 372; 375-376; 378-381; 383; 385-386; 388-390; 392-393; 395-398; 400-402; 405-409; 412; 414-415; 417-421; 423-428; 431-434; 436-439; 441-444; 447-459; 461; 463-467; 469-471; 473-487; 489; 491-496; 498-499; 501-502; 504-508; 510; 512-524; 526; 528; 531-533; 535-542; 545-553; 555; 557-567; 569; 571-580; 583-605
wta_rankings_83_99.csv,1988-01-11,1,582,279,303,16-17; 24; 30; 35; 39; 44; 53; 57; 68; 85; 88; 91; 97; 100; 102; 106; 111; 115; 121; 136; 138; 152; 154; 157-158; 163-165; 167-168; 178; 182; 185-186; 190-191; 199; 206; 209; 213; 217; 219; 224-225; 228-231; 233; 237; 242; 244-245; 248; 250; 253; 255; 258-261; 263; 266-268; 270-273; 276-279; 281-283; 285; 287; 289-292; 294-301; 303; 305-307; 310-312; 315; 318-324; 326; 329-333; 336-338; 340; 343-347; 349; 351-353; 356-357; 359; 361-362; 364; 366-368; 370; 372; 375-376; 378-383; 385-386; 388-390; 392-393; 395-398; 400-402; 405-409; 412; 414-415; 417-421; 423-428; 431-434; 436-439; 441-444; 447-459; 461; 463-471; 473-487; 489; 491-496; 498-502; 504-508; 510; 512-524; 526; 528; 531-533; 535-542; 545-553; 555; 557-567; 569; 571-580
wta_rankings_83_99.csv,1988-01-18,1,611,313,298,40; 67; 112; 125; 129; 137; 157; 165-167; 171; 177-178; 180; 186; 188-189; 192; 208; 211; 215; 221; 227; 230; 236; 241; 243; 246-247; 249; 253; 255-256; 259; 261-262; 265-266; 269-272; 274; 276-279; 281; 283; 285-286; 288-290; 292-293; 295-299; 302-306; 309; 311; 314; 316-320; 322-327; 329; 332-335; 337; 339-344; 349-351; 353-354; 356; 358; 360; 362; 364-365; 369-370; 372; 374-376; 378; 380; 382; 384; 386-388; 390-392; 394-398; 400-402; 404-408; 410; 412-413; 416-421; 423-426; 429-433; 435-437; 439-442; 445-460; 462-463; 465-469; 471-487; 489-490; 493-496; 498-500; 502; 504-505; 507-510; 512-513; 515-527; 529-530; 532; 535-537; 539-545; 548-557; 559-560; 562-571; 573; 575-584; 587-610
wta_rankings_83_99.csv,1988-01-25,1,586,278,308,16-17; 23; 32; 38; 40; 44; 59; 61; 67; 89; 92; 95; 99-100; 107; 112; 116; 125; 127; 129; 137; 154-155; 157-158; 165-167; 169; 171; 177-178; 180; 186; 188-189; 192; 201; 208; 210-211; 215; 221; 227; 229-230; 236; 241-243; 246-247; 249; 253; 255-256; 258-259; 261-263; 265-266; 269-272; 274; 276-279; 281; 283; 285-286; 288-290; 292-299; 302-306; 308-309; 311; 314; 316-320; 322-327; 329; 331-335; 337; 339-345; 347; 349-351; 353-354; 356; 358; 360; 362; 364-365; 369-370; 372; 374-376; 378; 380; 382-384; 386-388; 390-392; 394-398; 400-402; 404-408; 410; 412-413; 416-421; 423-426; 429-433; 435-437; 439-442; 445-460; 462-463; 465-487; 489-490; 493-496; 498-500; 502-505; 507-510; 512-513; 515-527; 529-530; 532; 535-537; 539-545; 548-557; 559-560; 562-571; 573; 575-584
wta_rankings_83_99.csv,1988-02-01,1,614,313,301,29; 70; 114; 125-126; 136; 139; 162-163; 168-169; 171; 176-177; 180; 187; 189; 191; 193-194; 198; 207; 212; 215; 218; 224; 230; 233; 236; 240; 249-250; 253-254; 256; 260; 263; 266; 268; 270-273; 275; 277-280; 282-283; 286; 288; 290; 292; 294; 297-304; 306-308; 310; 313-314; 316-318; 320-321; 323-325; 328-332; 334; 336-338; 340-341; 344-347; 349-353; 355; 357-358; 362; 366-367; 370; 372-374; 376-378; 380; 383-384; 386-388; 390-394; 397-403; 405-407; 409-411; 413-416; 418-422; 424; 426-428; 431-436; 438-441; 443-447; 449-453; 455-456; 458-463; 465-469; 471-472; 474-475; 477-496; 498; 500; 502-506; 508-511; 513-514; 516-518; 520; 522-524; 526-530; 532-533; 536-547; 549-558; 560-563; 565-573; 575; 577-583; 585-588; 591-613
wta_rankings_83_99.csv,1988-02-08,1,590,279,311,16; 20; 23; 29; 31; 37; 43; 59; 70; 73; 88-89; 94-95; 107; 112; 114; 118; 125-126; 136; 139; 146-147; 156; 162-163; 166; 168-169; 171; 175-177; 180; 187-189; 191; 193-194; 198; 200; 205; 207; 212; 215; 218; 224; 230; 233; 236; 240; 249-250; 253-254; 256; 260; 263; 265-268; 270-273; 275; 277-280; 282-283; 286; 288; 290; 292; 294; 297-304; 306-308; 310; 312-314; 316-318; 320-321; 323-325; 328-334; 336-338; 340-341; 343-347; 349-353; 355; 357-358; 362; 366-367; 369-370; 372-374; 376-378; 380; 383-384; 386-394; 397-403; 405-407; 409-411; 413-416; 418-422; 424-428; 431-436; 438-441; 443-447; 449-453; 455-456; 458-463; 465-469; 471-475; 477-496; 498; 500; 502-506; 508-511; 513-514; 516-518; 520; 522-530; 532-533; 536-547; 549-558; 560-563; 565-573; 575; 577-583; 585-588
wta_rankings_83_99.csv,1988-02-15,1,611,313,298,25; 70; 121-122; 128; 133; 136; 166-167; 171-172; 174; 176; 179-180; 182; 193; 195-197; 201-202; 214-215; 217; 221; 227; 230-231; 237; 241; 246; 250; 256; 258; 260; 263; 265; 267; 269; 272; 274-276; 279; 281-285; 287; 290; 292; 294; 296; 298; 300-304; 307-315; 318-319; 321; 323-326; 328-329; 332-336; 339; 341; 345-357; 360-361; 364-365; 367-374; 376; 379-380; 383-386; 388; 390-392; 396-401; 405-407; 409-412; 414-415; 417-420; 422-425; 427; 429-433; 435-440; 442; 444-448; 450-452; 454-459; 461; 463-468; 470-471; 473; 475-482; 484-496; 498; 500-504; 506-511; 513-515; 517; 519-522; 524-530; 532-533; 537-546; 548-557; 559-562; 564-566; 568-569; 571; 573-580; 582-586; 588-610
wta_rankings_83_99.csv,1988-02-22,1,587,279,308,18; 22; 25; 27; 29; 39; 42; 46; 70; 72; 83; 88; 96; 99; 108; 113; 120-122; 128; 133; 136; 148; 150; 164; 166-167; 169; 171-172; 174; 176-177; 179-180; 182; 190; 193; 195-197; 201-202; 210; 212; 214-215; 217; 221; 227; 230-231; 237; 241; 246; 250; 256; 258; 260; 263; 265; 267-270; 272; 274-276; 279; 281-285; 287; 290; 292; 294; 296; 298; 300-305; 307-315; 318-319; 321; 323-326; 328-329; 332-337; 339; 341; 344-357; 360-361; 364-365; 367-374; 376-377; 379-380; 383-388; 390-392; 396-401; 405-407; 409-412; 414-415; 417-420; 422-425; 427-433; 435-440; 442; 444-448; 450-452; 454-459; 461; 463-468; 470-473; 475-482; 484-496; 498; 500-504; 506-511; 513-515; 517; 519-530; 532-533; 537-546; 548-557; 559-562; 564-566; 568-569; 571; 573-580; 582-586
wta_rankings_83_99.csv,1988-02-29,1,613,313,300,26; 68; 108; 117; 126-127; 142; 165; 168; 171; 173; 175-176; 181; 183-184; 192; 195-196; 201-202; 207; 214; 216; 220-221; 226; 231; 233; 241; 243; 248-249; 257-258; 260; 262-263; 265-266; 268; 270; 273; 276; 278-279; 284; 286-290; 292; 294; 297-298; 301-305; 307-309; 311-315; 317-321; 324-326; 328-329; 331; 333; 335-339; 343-344; 346; 349-359; 362-364; 366-367; 369; 371-376; 378; 381-382; 384-386; 388; 390-393; 396; 398-401; 403; 406-407; 409-411; 413-417; 419-422; 424-428; 431; 433-437; 439-441; 443-448; 450-453; 455-459; 461; 463-466; 469-471; 474-475; 477-480; 482-499; 501; 503-504; 506-507; 509-514; 516-520; 522-523; 525-526; 528-533; 535-536; 538-548; 550-559; 561-564; 566-571; 573; 575-580; 582-586; 588-612
wta_rankings_83_99.csv,1988-03-07,1,587,279,308,17-18; 21; 26; 29; 41; 44-45; 68; 75; 80; 88; 92; 99; 108; 110; 116-117; 120; 126-127; 142; 146; 149; 163; 165; 168-169; 171; 173; 175-176; 180-181; 183-184; 191-192; 195-196; 201-202; 207; 210; 212; 214; 216; 220-221; 226; 231; 233; 241; 243; 248-249; 257-258; 260; 262-263; 265-266; 268; 270; 272-274; 276; 278-279; 284; 286-290; 292; 294; 297-298; 301-305; 307-315; 317-321; 324-326; 328-329; 331; 333; 335-339; 341; 343-344; 346; 348-359; 362-364; 366-367; 369; 371-376; 378-379; 381-382; 384-388; 390-393; 396; 398-401; 403; 406-407; 409-411; 413-417; 419-422; 424-428; 431-437; 439-441; 443-448; 450-453; 455-459; 461; 463-466; 469-471; 474-480; 482-499; 501; 503-504; 506-507; 509-514; 516-520; 522-523; 525-533; 535-536; 538-548; 550-559; 561-564; 566-571; 573; 575-580; 582-586
wta_rankings_83_99.csv,1988-03-14,1,610,308,302,27; 72; 87; 106; 129; 137; 147-148; 165; 167; 169; 172-173; 175; 177; 181; 186; 191-192; 198; 201; 203-204; 213-214; 217; 219; 227; 231; 233; 240-241; 247; 251; 253; 256; 259-260; 262-263; 265; 267-268; 273; 276; 282; 284-289; 291; 294-295; 298-303; 305-313; 315-318; 320; 322-323; 325-326; 328; 330; 332-335; 337; 341-343; 346-351; 353-357; 360-362; 364-365; 367; 369-374; 376; 378-379; 381-383; 385; 387-389; 391; 393-397; 399-400; 402-416; 418-422; 425-426; 429-432; 434; 436-437; 440-445; 447-450; 452-456; 458; 460-464; 467-469; 471; 473-474; 476-479; 481-496; 499-500; 502-503; 505-510; 512-516; 518; 520-521; 523-528; 530-531; 533-542; 544-556; 558-561; 563-568; 570; 572-577; 579-583; 585-609
wta_rankings_83_99.csv,1988-03-21,1,584,274,310,17-18; 21; 26-27; 41; 45-46; 72-73; 77; 80; 83; 87; 94; 106; 117; 122; 126; 129; 137; 140; 143; 147-148; 161; 165; 167; 169; 172-173; 175; 177; 179; 181; 184; 186; 188; 191-192; 198; 201; 203-204; 209; 211; 213-214; 217; 219; 227; 231; 233; 240-241; 247; 251; 253; 256; 259-260; 262-263; 265; 267-269; 271; 273; 276; 282; 284-289; 291; 294-295; 298-303; 305-313; 315-318; 320-323; 325-326; 328; 330; 332-335; 337; 339; 341-343; 345-351; 353-357; 360-362; 364-365; 367; 369-374; 376-379; 381-385; 387-389; 391; 393-397; 399-400; 402-416; 418-422; 425-426; 428-432; 434; 436-437; 440-445; 447-450; 452-456; 458; 460-464; 467-469; 471; 473-479; 481-496; 499-500; 502-503; 505-510; 512-516; 518; 520-528; 530-531; 533-542; 544-556; 558-561; 563-568; 570; 572-577; 579-583
wta_rankings_83_99.csv,1988-03-28,1,620,310,310,25; 75; 88; 105; 131; 133; 135; 145; 164; 169-170; 175; 179; 181-182; 189; 191; 193; 199; 202; 204-206; 208; 219-222; 237; 239-240; 245; 248; 252; 256; 258-260; 263; 266-268; 273; 276; 283; 285-286; 291-293; 296-297; 299-303; 305; 307-308; 310-314; 316-322; 324-325; 327-334; 338; 342; 344-346; 349-350; 352-357; 359-363; 366-369; 371-373; 375-384; 387-388; 390-392; 394; 396-397; 399; 401-406; 408-420; 422; 424-428; 431-434; 436-444; 446-448; 450-451; 453-454; 456; 458-460; 462; 464-466; 468-470; 472-475; 477-479; 481-488; 490-495; 497-499; 501-504; 506-508; 510-511; 514-516; 518-524; 527-530; 532-537; 539-540; 542-553; 556-567; 569-570; 572-589; 591-619
wta_rankings_83_99.csv,1988-04-04,1,590,277,313,16; 20; 23; 25; 28; 40; 43; 48; 69; 72; 75; 77; 81; 88; 93; 105; 122; 127; 131; 133-135; 143; 145-146; 159; 164; 169-170; 175; 178-179; 181-182; 185; 188-189; 191; 193; 199; 202; 204-206; 208; 214; 216; 219-222; 237; 239-240; 245; 248; 252; 256; 258-260; 263; 265-268; 273; 276-277; 283; 285-286; 291-293; 296-297; 299-305; 307-314; 316-322; 324-325; 327-334; 338; 340; 342; 344-347; 349-350; 352-357; 359-363; 366-369; 371-373; 375-385; 387-388; 390-392; 394; 396-397; 399; 401-406; 408-420; 422; 424-428; 431-434; 436-444; 446-448; 450-451; 453-454; 456; 458-460; 462; 464-466; 468-470; 472-475; 477-488; 490-495; 497-499; 501-504; 506-508; 510-511; 514-516; 518-524; 527-537; 539-540; 542-553; 556-567; 569-570; 572-589
wta_rankings_83_99.csv,1988-04-11,1,613,309,304,24; 71; 88; 95; 110; 128; 131; 134; 142; 164; 167; 170; 172; 180; 182-183; 188; 192; 194-196; 202; 205; 207-208; 219-222; 237; 241; 250; 253; 255; 257; 263; 265-267; 270; 272-277; 283; 286; 291; 296-307; 310-320; 322-323; 326-327; 329-330; 332; 334-344; 346-349; 352-355; 357-358; 360-362; 368-380; 382; 384-386; 388-393; 396; 399-402; 405-406; 408-410; 412-413; 415; 417-418; 420; 422-431; 433-434; 436-438; 440-443; 445-450; 452; 454-455; 458-460; 463-475; 477-478; 480-485; 487-491; 494-496; 498-499; 501-503; 505-506; 508-512; 514-521; 523-530; 532-541; 543-546; 548-558; 560; 562-565; 567-581; 583-610; 612
wta_rankings_83_99.csv,1988-04-18,1,611,276,335,15; 20; 23-24; 29; 36; 42; 45; 67; 71; 75; 79; 88; 95; 98; 110; 122; 128-129; 131; 134; 140; 142-143; 149; 152; 164; 167; 170; 172; 180; 182-183; 186; 188; 191-192; 194-196; 202; 205; 207-208; 213; 216; 219-222; 232; 237; 241; 250; 253; 255; 257; 263; 265-267; 270-277; 283; 286-287; 291; 295-307; 310-320; 322-324; 326-327; 329-332; 334-344; 346-349; 352-355; 357-358; 360-362; 365-366; 368-380; 382-386; 388-393; 396; 399-402; 405-406; 408-410; 412-413; 415; 417-418; 420; 422-431; 433-434; 436-438; 440-443; 445-450; 452; 454-455; 458-460; 463-475; 477-478; 480-485; 487-491; 494-496; 498-503; 505-506; 508-512; 514-521; 523-530; 532-541; 543-546; 548-558; 560; 562-581; 583-610
wta_rankings_83_99.csv,1988-04-25,1,618,316,302,27; 90; 101; 106; 127; 132; 135; 141; 165-166; 174-175; 179-180; 182; 185-186; 190; 195; 197; 201; 209-210; 213; 221; 223-224; 229-231; 240; 242; 254; 260-262; 265-267; 272; 274-275; 278-281; 284; 287; 290-291; 298; 301; 303-304; 306-316; 318-323; 325-326; 328-329; 332-343; 345-346; 348-350; 352-355; 357-358; 360-361; 363-365; 367-371; 373-376; 378; 380-383; 385-386; 388-390; 392-394; 396; 399-408; 410; 412-414; 417; 419; 421-422; 426-427; 429-431; 434-435; 437-438; 440-441; 443-450; 452; 454-456; 459; 461-463; 465-478; 480-481; 483-487; 489-491; 493; 495-497; 499-501; 503-504; 506; 508-513; 515-518; 520-530; 533-545; 547-555; 557-560; 563-566; 568-578; 580-584; 586-612; 614; 616-617
wta_rankings_83_99.csv,1988-05-02,1,615,281,334,13; 20; 26-27; 34-36; 52; 60; 62; 65; 74; 90; 100-101; 106; 127-129; 132; 135; 140-141; 146; 150; 157; 165-166; 174-175; 179-180; 182; 185-186; 190; 192; 195-197; 201; 209-210; 213; 217-218; 221; 223-224; 229-231; 239-240; 242; 254; 260-262; 265-267; 270; 272; 274-275; 278-281; 284; 286-287; 290-291; 298; 301-304; 306-323; 325-326; 328-330; 332-343; 345-346; 348-350; 352-355; 357-358; 360-361; 363-365; 367-371; 373-376; 378-383; 385-390; 392-394; 396; 399-408; 410; 412-414; 417-422; 424; 426-427; 429-431; 434-435; 437-438; 440-441; 443-450; 452; 454-456; 459; 461-463; 465-478; 480-481; 483-487; 489-491; 493; 495-497; 499-501; 503-504; 506; 508-513; 515-518; 520-530; 533-545; 547-555; 557-560; 563-578; 580-584; 586-612; 614
wta_rankings_83_99.csv,1988-05-09,1,625,318,307,27; 90; 93; 104; 127; 131; 135; 141; 168; 172; 176-178; 182; 184-185; 191; 194; 199; 203-204; 208; 216; 219-220; 224-227; 233; 246; 251; 256; 263-264; 266; 268; 270-272; 274-278; 286; 289-291; 293; 299; 301; 304-305; 307-310; 313-317; 319-325; 327-329; 331-334; 336-337; 340-341; 343-344; 346-356; 358-371; 373-374; 376-383; 385; 387; 389; 391-393; 395-398; 401-407; 409; 411-413; 415-416; 418; 422; 424-428; 430-431; 434-435; 437-439; 441-446; 448; 450-451; 453-455; 459; 461-463; 465-466; 469-482; 484-489; 491-493; 496-502; 504-505; 507; 509-514; 516-517; 519-524; 526-530; 533; 535-548; 550-552; 554-561; 564-569; 571-575; 577-607; 609-620; 623-624
wta_rankings_83_99.csv,1988-05-16,1,622,283,339,13-14; 25; 27; 34; 36-37; 52; 60; 65; 72-73; 90; 93; 104; 106; 109; 121; 127; 131; 135; 141; 143; 153; 159; 167-168; 172; 176-178; 182; 184-185; 191; 194; 199; 203-204; 208; 212; 216; 219-221; 224-228; 233-234; 239-240; 246; 251; 256; 263-264; 266; 268; 270-272; 274-278; 286; 288-291; 293; 299; 301; 304-305; 307-310; 312-317; 319-325; 327-334; 336-337; 340-341; 343-356; 358-371; 373-383; 385; 387; 389; 391-393; 395-398; 401-407; 409-413; 415-416; 418; 421-422; 424-428; 430-431; 434-435; 437-439; 441-446; 448; 450-451; 453-455; 458-459; 461-463; 465-467; 469-482; 484-489; 491-493; 496-502; 504-505; 507; 509-514; 516-517; 519-524; 526-530; 533; 535-548; 550-552; 554-561; 564-575; 577-607; 609-620
wta_rankings_83_99.csv,1988-05-23,1,626,319,307,27; 82; 85; 91; 129; 136-137; 139; 165; 170; 177-179; 181; 184; 189; 191; 194; 203; 208; 210; 212; 219-221; 226-228; 230; 236; 247; 252; 261; 264; 267-268; 273-276; 280-284; 287-288; 293-294; 297; 303-304; 306-308; 310-312; 314-317; 320-333; 335-336; 338; 340; 342-344; 346; 349-357; 359-361; 363-384; 386-387; 389; 391; 393-395; 398-401; 403-411; 414-416; 418; 421; 424-425; 427; 429-430; 432-433; 435; 438; 440; 442-451; 453-454; 456-458; 461-464; 466; 468-480; 482-486; 488-490; 493-499; 502-503; 506-513; 515-516; 518-525; 527-531; 534; 536-550; 552-555; 557; 559-562; 565-570; 572-574; 576-608; 610-621; 624-625
wta_rankings_83_99.csv,1988-05-30,1,623,284,339,13; 16; 24; 27; 32; 38-39; 54; 56; 59; 61; 82; 85; 91; 107-108; 110; 119; 129; 136-137; 139; 151; 153; 159; 165; 170; 177-179; 181; 184; 189-191; 194; 203; 208; 210; 212; 214; 219-221; 224; 226-228; 230-231; 234; 236-237; 247; 252-253; 261; 264; 267-268; 273-276; 280-284; 287-288; 292-294; 297; 303-308; 310-312; 314-317; 319-336; 338; 340; 342-344; 346-347; 349-357; 359-361; 363-384; 386-387; 389; 391; 393-395; 398-401; 403-411; 413-416; 418; 421; 423-425; 427; 429-430; 432-433; 435; 438; 440-451; 453-454; 456-458; 461-464; 466-480; 482-486; 488-490; 493-499; 502-503; 506-513; 515-516; 518-525; 527-531; 534; 536-550; 552-555; 557; 559-562; 565-574; 576-608; 610-621
wta_rankings_83_99.csv,1988-06-06,1,616,313,303,29; 81; 85; 87; 137; 143-144; 167; 169; 181-183; 188-189; 191; 194; 197-198; 209-210; 213; 219; 223-226; 230; 233; 235; 239-240; 250; 253; 262; 265-266; 272; 275-277; 281-285; 287-289; 295-296; 299; 301; 305-310; 313; 315; 317; 319-327; 329-330; 333-337; 340; 342-345; 348-356; 358-360; 362-383; 386-393; 396; 398-400; 402-408; 410-411; 416-417; 419-422; 424; 427; 429-430; 432-433; 436; 438-442; 444-447; 449-453; 456-460; 462; 464-467; 469-472; 474-478; 480-482; 484-491; 493-499; 501-502; 504-513; 515-520; 522; 524-525; 527-539; 541-544; 546-551; 554-561; 563-565; 567-598; 600-610; 612-615
wta_rankings_83_99.csv,1988-06-13,1,611,278,333,13; 20; 25; 29; 34; 39; 43; 51; 53; 61; 79; 81; 85; 87; 100; 107; 110-111; 122; 137; 143-144; 156; 160; 167; 169; 181-183; 188-189; 191; 193-194; 197-198; 209-210; 213; 216; 218-220; 223-226; 230; 233; 235; 238-240; 250; 253; 256; 262; 265-266; 272; 275-277; 281-285; 287-290; 294-296; 299; 301; 305-310; 312-313; 315; 317-330; 333-337; 340; 342-346; 348-356; 358-360; 362-383; 386-393; 396; 398-400; 402-411; 416-417; 419-422; 424; 427; 429-430; 432-433; 436; 438-442; 444-447; 449-453; 456-472; 474-478; 480-482; 484-491; 493-499; 501-502; 504-513; 515-520; 522; 524-525; 527-539; 541-544; 546-551; 554-565; 567-598; 600-610
wta_rankings_83_99.csv,1988-06-20,1,614,317,297,26; 79; 81; 86; 136; 139-140; 167; 170; 179-180; 183; 185; 192; 196; 198; 201; 206; 211; 214; 217; 220; 225; 229-230; 232; 236-237; 239; 245; 248; 251; 253-254; 266-267; 269; 271-273; 277; 279; 282; 284-286; 288; 291-292; 294; 296; 302-304; 307; 310-314; 318-319; 322-324; 326; 328-335; 337; 339; 342; 344; 346-348; 350-354; 356-381; 383-386; 388; 390; 392-408; 410-412; 416; 418; 420; 422-423; 428-429; 431; 433; 435-439; 441-446; 449-451; 453-456; 458-459; 461-463; 465; 467-470; 472-473; 475-477; 479; 481-484; 486-490; 492-494; 496-502; 504-506; 508-515; 517-521; 523; 525-526; 528-540; 542-543; 545-549; 552-557; 559-561; 563-569; 571-607; 609-613
wta_rankings_83_99.csv,1988-06-27,1,608,282,326,19-20; 22; 26; 38; 41; 44; 49; 52; 59; 69; 79; 81; 86; 103-104; 108-109; 136; 139-140; 153; 157; 159; 167; 170; 179-180; 183; 185; 191-192; 195-196; 198; 201; 206; 210-212; 214; 217; 219-220; 225; 229-230; 232; 236-237; 239; 241; 245; 248; 251; 253-254; 263; 266-267; 269; 271-273; 277; 279; 282; 284-286; 288; 291-292; 294; 296-297; 301-304; 307; 310-314; 318-319; 322-335; 337; 339; 342-344; 346-348; 350-354; 356-381; 383-386; 388; 390; 392-408; 410-412; 416; 418; 420; 422-423; 428-429; 431; 433; 435-439; 441-446; 449-451; 453-465; 467-470; 472-473; 475-477; 479-484; 486-490; 492-494; 496-502; 504-506; 508-515; 517-521; 523; 525-526; 528-540; 542-543; 545-549; 552-561; 563-569; 571-607
wta_rankings_83_99.csv,1988-07-04,1,620,318,302,23; 76; 82; 84; 131; 139; 142; 145; 161; 174; 177; 184; 186; 192; 196; 200-201; 203; 212; 215; 219; 221; 223; 230-231; 234; 236-238; 241; 246-247; 252; 262-263; 265; 268-270; 273; 276; 278; 280-281; 284-285; 288-289; 291-292; 297; 299; 301; 304; 306; 309; 312; 314-316; 318; 320-324; 326-327; 330-331; 333-336; 338; 340-344; 346; 348-357; 359; 361-378; 380-383; 386-387; 389; 391-395; 398-402; 404-406; 408; 410-412; 416-418; 420; 423-425; 427-429; 431-432; 434; 436-437; 439-440; 443-449; 452-456; 460-461; 463-468; 470-471; 473-476; 478-482; 484-488; 490-494; 496-497; 499-509; 511-512; 514-522; 524-525; 527; 530-542; 544-550; 552-558; 560-562; 564-567; 569-574; 576-614; 616-619
wta_rankings_83_99.csv,1988-07-11,1,615,285,330,17; 20; 23-24; 39; 41; 43; 49; 52; 57; 64; 76; 82; 84; 106-107; 109; 131; 134; 139; 142; 145; 153-154; 161; 174; 177; 184; 186; 191-192; 196; 199-201; 203; 205; 208; 212; 215; 219; 221-223; 230-231; 234; 236-238; 241; 243; 246-247; 252; 254; 262-263; 265; 268-270; 273; 276; 278; 280-281; 284-285; 288-289; 291-292; 297; 299-301; 304-306; 309; 312; 314-316; 318; 320-327; 329-331; 333-336; 338; 340-346; 348-357; 359; 361-378; 380-383; 386-387; 389; 391-395; 398-402; 404-406; 408; 410-412; 416-418; 420; 423-425; 427-429; 431-432; 434; 436-437; 439-440; 443-449; 452-456; 459-461; 463-468; 470-471; 473-476; 478-482; 484-494; 496-509; 511-512; 514-522; 524-525; 527; 530-542; 544-550; 552-562; 564-567; 569-574; 576-614
wta_rankings_83_99.csv,1988-07-18,1,621,322,299,23; 76; 84-85; 115; 140; 144; 154; 174; 178-179; 181; 186; 197; 200; 203; 207; 211; 214; 217; 221; 223; 226; 228-229; 231-232; 236-239; 248; 254; 257; 269; 271-276; 278-279; 282-286; 289-290; 295-296; 299; 303-304; 310; 313-314; 317; 319-322; 324-328; 330-337; 340-341; 343-344; 346-351; 353-355; 357-367; 369-371; 373; 375-381; 383-386; 391; 393-396; 398; 400; 402-407; 409-411; 413; 415; 417-418; 420; 422-425; 427-432; 436-440; 442-443; 445-446; 448-451; 454-460; 462; 464-465; 467-480; 482-488; 490-493; 495; 498; 500-502; 504; 506-508; 511; 513; 515-523; 525; 527-538; 540-546; 548; 550-552; 554-559; 561-565; 567-575; 577-595; 597-605; 607-615; 617-620
wta_rankings_83_99.csv,1988-07-25,1,616,289,327,18; 20; 23; 27; 40-41; 49-50; 53-54; 74; 76; 81; 84-85; 107-108; 115; 135; 140; 144; 147; 152; 154; 159; 174; 177-179; 181; 186; 197-198; 200; 203; 207; 211; 214; 216-217; 221-223; 226; 228-229; 231-232; 236-239; 242; 248; 254-255; 257; 267; 269; 271-276; 278-279; 282-286; 289-290; 294-296; 299; 301; 303-304; 310; 313-314; 317; 319-337; 340-341; 343-344; 346-351; 353-355; 357-367; 369-371; 373; 375-381; 383-386; 391; 393-396; 398; 400; 402-407; 409-411; 413; 415; 417-418; 420; 422-425; 427-432; 436-440; 442-443; 445-446; 448-451; 454-462; 464-465; 467-480; 482-488; 490-495; 498; 500-502; 504; 506-508; 511; 513; 515-523; 525-538; 540-546; 548; 550-559; 561-565; 567-575; 577-595; 597-605; 607-615
wta_rankings_83_99.csv,1988-08-01,1,623,321,302,24; 76; 84; 86; 111; 113; 126; 135; 143; 176; 178; 188; 190; 192; 195-196; 205; 207; 209-210; 213-214; 216; 220; 223; 226-227; 229; 232; 238-239; 241; 243; 246-247; 252; 261; 267; 270; 274; 279; 282-283; 285-286; 288-289; 291-293; 295; 299-300; 303-305; 307; 309-311; 318; 322-328; 331-333; 335; 337-342; 344-350; 352-356; 358; 360-362; 365; 367; 369; 371-372; 374-379; 381-382; 384-386; 388; 391-394; 396-397; 399; 402; 404-416; 418-419; 421-424; 426-429; 431-432; 434-439; 441; 443; 445; 447-448; 450-453; 455-465; 467-469; 471-473; 475-484; 487; 489-490; 492-497; 499-500; 502; 505-508; 510-513; 515; 517-525; 527-531; 533-547; 549-559; 561-565; 567-568; 570-583; 585; 587-597; 599-610; 612-620; 622
wta_rankings_83_99.csv,1988-08-08,1,621,289,332,17; 19; 24; 28; 39; 42-44; 53; 55; 76; 84-86; 90; 94; 110-111; 113; 126; 135-136; 143; 157; 170; 176; 178; 185; 188; 190-192; 195-196; 205; 207; 209-210; 213-214; 216; 220; 223-224; 226-227; 229; 232-233; 238-239; 241; 243; 246-247; 250; 252; 261; 265; 267; 270; 274; 279-280; 282-286; 288-289; 291-293; 295; 298-300; 303-305; 307; 309-311; 318; 322-329; 331-335; 337-342; 344-350; 352-356; 358; 360-362; 365; 367; 369; 371-372; 374-379; 381-382; 384-386; 388; 391-394; 396-397; 399; 402; 404-416; 418-419; 421-424; 426-429; 431-432; 434-439; 441; 443; 445; 447-448; 450-453; 455-465; 467-473; 475-484; 487; 489-490; 492-500; 502; 505-513; 515; 517-525; 527-531; 533-547; 549-559; 561-565; 567-568; 570-583; 585; 587-610; 612-620
wta_rankings_83_99.csv,1988-08-15,1,650,328,322,25; 81; 83; 91; 113; 131; 138; 152; 180; 188; 194; 199; 202-203; 205; 208; 214; 216; 218-219; 223-224; 226-230; 232; 234; 236; 243; 247-249; 251-252; 257; 259; 265; 272; 276; 280; 283; 285; 287-289; 293-295; 300-303; 305-308; 311-312; 315; 319; 322; 324; 326-330; 332-334; 337-339; 341; 343-344; 346-353; 355; 357-361; 363; 365-366; 369-372; 374-375; 377; 380-383; 386-387; 389-390; 394-396; 398; 400-402; 404; 407-408; 410-416; 418-424; 426-429; 431-434; 436-444; 447-450; 452; 454-455; 457-460; 462-471; 474-488; 490; 493; 495-499; 501-504; 506-508; 510-514; 516-520; 522-524; 526-530; 532-537; 539; 541-558; 560-561; 564; 566-567; 569-572; 574-575; 577-578; 580-583; 585-597; 599-613; 615; 617-646; 648-649
wta_rankings_83_99.csv,1988-08-22,1,647,298,349,17; 22; 25; 28; 31; 40-41; 45; 50; 59; 81; 83; 91-92; 98; 113; 119-120; 131; 138; 152; 158; 180-181; 188; 194; 197-199; 202-203; 205; 208; 211; 214; 216; 218-219; 223-224; 226-230; 232; 234-236; 243; 247-249; 251-252; 254; 257; 259; 265; 272; 276; 280-281; 283-285; 287-289; 293-295; 300-303; 305-308; 311-312; 315; 319; 321-322; 324; 326-339; 341; 343-344; 346-353; 355; 357-361; 363; 365-366; 369-372; 374-375; 377; 380-383; 386-387; 389-390; 394-396; 398; 400-402; 404; 407-408; 410-416; 418-424; 426-429; 431-434; 436-444; 447-450; 452; 454-455; 457-460; 462-471; 474-488; 490; 493; 495-499; 501-508; 510-520; 522-524; 526-530; 532-537; 539; 541-558; 560-561; 564; 566-567; 569-572; 574-575; 577-578; 580-583; 585-597; 599-615; 617-646
wta_rankings_83_99.csv,1988-08-29,1,659,332,327,29; 77; 82; 88; 114; 135; 150; 184; 189-190; 192; 198-199; 205; 208; 211; 213; 218-223; 226-228; 232; 235; 238; 243; 252-254; 256; 258; 261-262; 266; 269-270; 272; 278; 280-281; 287; 289; 292-293; 295-297; 302-304; 306-308; 310-312; 322-325; 327-335; 337-338; 340-342; 344-345; 348-354; 356-359; 362-363; 368; 370-374; 378; 380-382; 384; 387-390; 392-393; 396-400; 403-405; 407-408; 413-416; 418-431; 433-434; 436-437; 439-440; 443-444; 446-456; 459-460; 462-465; 467; 469-478; 480; 482-483; 485-494; 496; 498; 500; 502-510; 512-521; 523-524; 526-528; 530-534; 536-542; 545-546; 548-551; 553-560; 562-570; 572-573; 576; 578-584; 586-587; 589-607; 609-623; 625; 627-653; 655-658
wta_rankings_83_99.csv,1988-09-05,1,654,300,354,19; 23; 28-29; 35; 42-43; 45; 51; 63; 77; 82; 88-89; 114-115; 119; 127; 135; 150; 159; 164; 174; 184; 188-190; 192; 197-199; 205; 208; 210-211; 213; 218-223; 226-228; 232; 234-235; 238; 243; 252-254; 256; 258-259; 261-262; 266; 269-270; 272; 278; 280-281; 284; 287; 289; 292-293; 295-297; 299; 302-304; 306-308; 310-312; 320-325; 327-338; 340-342; 344-345; 347-354; 356-359; 362-363; 368; 370-374; 378; 380-382; 384; 387-390; 392-393; 396-400; 403-405; 407-408; 413-416; 418-431; 433-434; 436-437; 439-440; 443-444; 446-456; 459-460; 462-465; 467; 469-478; 480-483; 485-494; 496; 498; 500; 502-521; 523-524; 526-528; 530-542; 545-546; 548-551; 553-560; 562-570; 572-573; 576; 578-584; 586-587; 589-607; 609-625; 627-653
wta_rankings_83_99.csv,1988-09-12,1,662,330,332,29; 75; 78; 82; 115; 138; 148; 183; 192; 194; 196-197; 207-208; 210-211; 216-218; 222-227; 231; 233-234; 236-237; 239; 250; 253-255; 257-258; 260; 262; 264; 270-272; 280; 282; 284; 286; 288; 291; 294; 299-301; 303-304; 307-308; 310-313; 315-318; 324; 329-337; 339-340; 342-345; 347-348; 351-359; 361-362; 364-365; 368; 371-375; 380-381; 385; 387; 389-393; 395; 397-399; 401-403; 405-408; 412; 414; 417-419; 421-423; 425-427; 429-433; 435-442; 444-449; 452-462; 464-465; 467-468; 470-473; 475-479; 481; 483-484; 488-497; 499-502; 504-506; 508-512; 514-524; 526-527; 529; 531-536; 538-545; 547-550; 552-560; 562; 565-575; 577; 579-584; 586-588; 590-625; 627; 629-645; 647-655; 657-661
wta_rankings_83_99.csv,1988-09-19,1,656,298,358,17; 24; 29; 31; 33; 39; 41-42; 53; 59; 75; 78; 82; 86; 105; 115-116; 129; 138; 145; 148; 159; 178; 183; 192-194; 196-198; 201; 207-211; 216-218; 222-227; 231; 233-234; 236-237; 239; 242; 244; 250; 253-255; 257-258; 260; 262; 264; 270-272; 280; 282; 284; 286; 288-289; 291; 294; 299-304; 307-308; 310-313; 315-319; 324; 328-337; 339-340; 342-345; 347-349; 351-359; 361-362; 364-365; 368; 371-375; 380-381; 385; 387; 389-393; 395; 397-399; 401-403; 405-408; 412; 414; 417-419; 421-423; 425-427; 429-433; 435-442; 444-449; 452-462; 464-465; 467-468; 470-473; 475-479; 481; 483-484; 487-497; 499-502; 504-506; 508-524; 526-527; 529; 531-545; 547-550; 552-560; 562; 565-575; 577; 579-584; 586-588; 590-627; 629-645; 647-655
wta_rankings_83_99.csv,1988-09-26,1,660,332,328,28; 56; 82-83; 113; 142; 150; 166; 186; 196-197; 206-208; 211-213; 215-217; 222-223; 225; 227-228; 230-231; 236-238; 244; 251-252; 254-255; 258; 261-262; 264-265; 267; 272; 275-276; 281; 283; 287; 292; 294-296; 300-304; 307-308; 312-315; 320; 322; 324; 329-336; 340-341; 343-345; 349-350; 352-354; 356; 358-362; 364-366; 368-370; 373; 375; 377-381; 383; 385-388; 390; 394-398; 400-402; 404-406; 409; 412; 416-417; 419-422; 424-426; 429-430; 432-434; 436-445; 447-451; 453-464; 466; 468-472; 474-478; 480; 482-484; 486-490; 492; 494-498; 500-503; 505-521; 523-526; 528; 530-538; 540-547; 549; 551-552; 554-556; 558-564; 566-575; 577-581; 583; 585-587; 589-623; 625; 627; 629-638; 640-642; 644-657; 659
wta_rankings_83_99.csv,1988-10-03,1,658,299,359,17; 25; 28; 33; 35; 39; 41; 45; 55-56; 78; 82-83; 88-89; 104; 113; 121; 128; 142; 150; 162; 166-167; 178; 182; 186; 189; 196-198; 206-208; 211-213; 215-217; 222-223; 225; 227-228; 230-231; 236-238; 241; 244; 251-252; 254-255; 258; 261-262; 264-265; 267; 272; 275-276; 281; 283; 287; 290; 292; 294-296; 300-304; 307-308; 311-316; 320; 322; 324; 329-336; 340-345; 349-356; 358-362; 364-366; 368-370; 373; 375; 377-381; 383; 385-388; 390-391; 394-398; 400-402; 404-406; 409; 412; 416-417; 419-422; 424-426; 429-430; 432-434; 436-445; 447-451; 453-464; 466; 468-472; 474-478; 480; 482-490; 492; 494-498; 500-503; 505-521; 523-526; 528; 530-547; 549; 551-552; 554-556; 558-564; 566-575; 577-581; 583; 585-625; 627; 629-638; 640-642; 644-657
wta_rankings_83_99.csv,1988-10-10,1,659,331,328,27; 53; 85; 98; 113; 141; 146; 151; 179; 199; 203; 206; 213-219; 221; 227-230; 232-234; 240; 243-244; 248; 252; 254; 256-258; 260; 264-266; 268-269; 274; 276; 280; 283; 285; 288; 291; 293-295; 299; 303-304; 306-308; 310; 313; 317; 320; 322-323; 326; 328-330; 334; 336-338; 340-341; 344-345; 347-349; 351; 353-355; 357; 359-360; 362-372; 374; 376; 378-379; 381; 383-389; 392; 394; 396; 399-404; 407-413; 415-416; 418; 421-423; 425-428; 432-434; 436-439; 442-449; 451; 453-456; 458-470; 472-475; 477-478; 480-483; 485-489; 491-499; 502-505; 507; 509-511; 513-524; 527-528; 530-531; 533-538; 540-545; 547-551; 553-554; 556-557; 559-566; 568-574; 576-579; 581-586; 589-591; 593-623; 625-639; 641-643; 645-658
wta_rankings_83_99.csv,1988-10-17,1,659,299,360,17; 26-27; 34; 37-38; 42; 47; 53-54; 71; 85; 90; 93; 97-98; 113; 118; 129; 141; 146; 151; 162; 173; 179-180; 186; 199; 201; 203; 206; 212-219; 221; 227-230; 232-234; 240-241; 243-244; 248; 252; 254; 256-258; 260; 264-266; 268-269; 274; 276; 280; 283; 285; 288; 291; 293-296; 299; 303-304; 306-308; 310; 313-315; 317; 320; 322-323; 326; 328-330; 334; 336-338; 340-341; 344-349; 351; 353-357; 359-372; 374; 376; 378-379; 381; 383-389; 392; 394; 396-397; 399-404; 407-413; 415-416; 418; 421-423; 425-428; 432-434; 436-439; 442-449; 451; 453-456; 458-470; 472-475; 477-478; 480-483; 485-499; 502-505; 507; 509-511; 513-524; 527-528; 530-531; 533-545; 547-551; 553-554; 556-557; 559-566; 568-574; 576-579; 581-586; 588-591; 593-639; 641-643; 645-658
wta_rankings_83_99.csv,1988-10-24,1,669,333,336,27; 53; 83; 91; 100; 118; 138; 146; 162; 180; 197; 199; 205; 212-215; 221-222; 225-229; 231; 233; 237-238; 241-243; 245-247; 254-255; 257-258; 261-262; 264; 266-269; 271; 273; 277; 279-280; 285; 294; 298; 301; 304; 307-310; 312-314; 317-318; 322; 324; 326; 328; 330-331; 333-335; 338-342; 344; 346; 349-350; 352-353; 355-356; 358; 360-362; 364; 366; 368-380; 382-383; 385-388; 390; 393; 395-396; 398-400; 402; 405-408; 411-416; 418; 420-421; 424-425; 429-431; 434; 436-439; 441-447; 449-453; 455-457; 460-465; 467-475; 477-488; 491-496; 498-504; 506-513; 515-518; 520-524; 527; 530-539; 541-542; 544-545; 547-549; 551-554; 557-560; 562; 564-570; 573-581; 583-588; 590-593; 595-598; 600-608; 610-636; 638-647; 649-653; 655-668
wta_rankings_83_99.csv,1988-10-31,1,669,302,367,16; 22; 27; 35; 38; 41; 45; 50; 53-54; 71; 83; 89; 91; 100; 112; 118-119; 130; 138; 146; 162-163; 174; 180; 183; 197; 199; 201-202; 205; 212-215; 220-222; 225-229; 231; 233-234; 237-238; 241-243; 245-247; 254-255; 257-258; 261-262; 264; 266-269; 271; 273; 277; 279-280; 285; 294; 298-299; 301; 304; 307-314; 317-318; 321-322; 324; 326; 328; 330-331; 333-335; 338-342; 344; 346; 349-350; 352-353; 355-356; 358-362; 364-366; 368-380; 382-383; 385-388; 390; 393; 395-396; 398-402; 404-408; 411-416; 418; 420-421; 424-425; 429-431; 434; 436-439; 441-447; 449-453; 455-457; 460-465; 467-475; 477-488; 491-496; 498-513; 515-518; 520-524; 527; 530-539; 541-542; 544-545; 547-549; 551-555; 557-560; 562; 564-570; 573-581; 583-588; 590-593; 595-598; 600-647; 649-653; 655-668
wta_rankings_83_99.csv,1988-11-07,1,687,338,349,27; 52; 84; 92; 122; 131; 149; 157; 182; 197; 205-206; 208; 214-216; 220-226; 230-231; 233; 237; 239-242; 244; 252; 254-256; 259-260; 262-263; 265-271; 278; 286; 292; 294; 299; 301; 303-305; 307-309; 312; 314; 316-320; 324; 327; 329-332; 334-338; 342; 346-349; 352-354; 357-358; 360-370; 374-376; 378; 380; 382-385; 388; 390; 392; 395-396; 398-405; 407-413; 415-421; 423; 426-427; 429; 431; 433-435; 437; 439-440; 443-444; 446-450; 452; 454-458; 460-463; 465-468; 470-473; 476-481; 483-486; 489-498; 501-505; 507-515; 517-519; 521-527; 530-534; 536-543; 546-548; 550; 552-555; 557-560; 562-563; 565-568; 570-581; 584; 586-591; 593-604; 606; 608-615; 618-645; 647-648; 650-657; 659-663; 665-678; 680-686
wta_rankings_83_99.csv,1988-11-14,1,687,306,381,17; 24; 27; 36; 40-41; 46; 50; 52; 56; 71; 83-84; 92; 95; 106; 116; 122; 127; 131; 149; 157; 162; 175; 178; 181-182; 197-198; 205-206; 208; 212; 214-216; 220-226; 230-233; 237; 239-242; 244; 252; 254-256; 259-260; 262-263; 265-271; 278; 286; 292; 294; 297; 299; 301; 303-309; 311-312; 314; 316-320; 324; 327; 329-332; 334-338; 342; 346-349; 352-354; 357-358; 360-370; 374-378; 380-385; 388; 390; 392; 395-396; 398-413; 415-421; 423-424; 426-427; 429; 431; 433-435; 437; 439-440; 443-444; 446-450; 452; 454-458; 460-463; 465-468; 470-473; 476-481; 483-486; 489-498; 501-505; 507-515; 517-519; 521-527; 530-534; 536-543; 546-548; 550-555; 557-560; 562-563; 565-568; 570-581; 584; 586-591; 593-606; 608-616; 618-645; 647-657; 659-663; 665-678; 680-686
wta_rankings_83_99.csv,1988-11-21,1,697,345,352,26; 54; 76; 92; 125; 130; 132; 154; 158; 189; 200; 209-212; 216; 218-219; 221-225; 231-233; 237-238; 240; 242; 245-247; 250; 255; 257-258; 260-261; 264; 267-273; 277; 287; 290-291; 294; 302-303; 306-307; 311-312; 314-317; 319-320; 322; 325; 328; 331; 333-338; 340-345; 347; 351; 353-354; 357-359; 361; 363-367; 369-371; 373-378; 381-385; 391-392; 394-396; 400; 402-403; 405-416; 418-419; 421-423; 425-427; 429-430; 432; 434; 439; 443-444; 446; 448-450; 452-460; 462-467; 469-477; 479-480; 482-483; 485-488; 490-496; 498-500; 502-509; 512-519; 522-529; 531-532; 534; 536-540; 542-543; 545-549; 551-564; 566-567; 569-571; 573-576; 578-580; 582; 584-586; 588-593; 595-599; 603-607; 609-618; 620; 622; 624-629; 631-658; 660-663; 665-672; 674-678; 680-694; 696
wta_rankings_83_99.csv,1988-11-28,1,697,312,385,16; 23; 26; 35; 41-42; 47; 51; 54; 56; 72; 76; 85; 92; 95; 106; 112; 125; 129-130; 132; 154; 158; 166; 181; 184; 188-189; 200-201; 209-212; 216-219; 221-225; 230-233; 237-238; 240; 242; 245-247; 250; 255; 257-258; 260-261; 264; 267-273; 277; 287; 290-291; 294; 299; 302-303; 306-308; 310-312; 314-317; 319-320; 322; 325; 328; 331; 333-338; 340-345; 347; 351; 353-354; 357-359; 361; 363-371; 373-378; 381-386; 388; 391-392; 394-396; 400; 402-403; 405-419; 421-423; 425-427; 429-430; 432; 434; 437; 439; 443-444; 446; 448-450; 452-460; 462-467; 469-477; 479-480; 482-483; 485-488; 490-496; 498-500; 502-509; 512-519; 522-529; 531-532; 534; 536-540; 542-543; 545-549; 551-564; 566-571; 573-576; 578-580; 582; 584-586; 588-593; 595-599; 603-607; 609-620; 622; 624-658; 660-672; 674-678; 680-694; 696
wta_rankings_83_99.csv,1988-12-05,1,699,345,354,26; 56; 76; 91; 131-132; 134; 150; 158; 190; 203; 205; 214-216; 218-219; 221-225; 227; 229; 231; 233; 239; 242-244; 246-249; 252-253; 255-256; 259; 262; 264-267; 269; 271; 275; 286-287; 289-291; 296; 304-305; 307-308; 311-313; 315; 318-319; 321; 324-326; 331; 336; 338-341; 343; 345-346; 348; 351; 353-355; 357-360; 362; 364; 366-373; 376-387; 389-392; 397; 399; 402; 404-405; 407-409; 412; 414-417; 419-421; 423-425; 427-429; 431-433; 435-436; 438; 441; 445; 447-449; 452-453; 455-456; 458-460; 462-468; 470-482; 485-490; 492-499; 501-503; 505-506; 508-511; 514; 516-524; 528-533; 535-536; 538-545; 547; 549-553; 555-570; 572-576; 578-580; 582; 584; 586-589; 591-592; 594-601; 603-608; 610-619; 621; 623-629; 631-660; 662-675; 677-681; 683-696; 698
wta_rankings_83_99.csv,1988-12-12,1,699,314,385,16; 23; 26; 32; 42-43; 47; 52; 56; 58; 72; 76; 85; 91; 95; 99; 114; 129; 131-132; 134; 150; 158; 165; 178; 185; 188; 190; 194; 203-205; 214-216; 218-219; 221-225; 227; 229; 231; 233-234; 239; 242-244; 246-249; 252-253; 255-256; 259; 262; 264-267; 269; 271; 275; 286-287; 289-291; 296; 301; 304-305; 307-308; 311-315; 318-321; 324-326; 331; 336; 338-341; 343; 345-346; 348; 351; 353-355; 357-360; 362; 364; 366-373; 375-387; 389-393; 395; 397; 399; 402; 404-405; 407-409; 412; 414-417; 419-425; 427-429; 431-433; 435-436; 438; 441; 444-445; 447-449; 452-453; 455-456; 458-460; 462-468; 470-482; 485-490; 492-499; 501-503; 505-506; 508-511; 514; 516-524; 528-533; 535-536; 538-545; 547; 549-553; 555-570; 572-576; 578-580; 582; 584; 586-589; 591-592; 594-601; 603-608; 610-621; 623-660; 662-675; 677-681; 683-696; 698
wta_rankings_83_99.csv,1988-12-19,1,711,349,362,25; 55; 76; 92; 129; 132; 136; 150; 156; 189; 204; 211; 215-217; 219-220; 222-226; 228; 230; 232; 236; 240; 243-246; 248-250; 253-254; 256-259; 262; 266-268; 270; 272; 276; 281; 288; 290-291; 295; 297-298; 301; 304; 311; 313-314; 316; 318-319; 321-323; 326-327; 330-331; 335-336; 342-346; 348-349; 352; 354; 359; 361; 363-368; 370-377; 379-385; 388-396; 398-399; 401-407; 412-415; 418; 420; 422; 424-425; 427-430; 432; 434; 436-444; 446-447; 449; 452-453; 455; 459; 461-464; 466-467; 470-472; 475-478; 480-490; 493-511; 514-521; 525-531; 534-535; 537-540; 542-543; 545-550; 553-559; 562-581; 583-590; 592-594; 596; 598-601; 603-605; 607-612; 614-617; 619-620; 622-633; 635; 637-643; 645-658; 660-670; 672; 674-685; 687-694; 696-708; 710
wta_rankings_83_99.csv,1988-12-26,1,711,316,395,16; 23; 25; 32; 42-43; 47; 52; 55; 57; 72; 76; 85; 92; 95; 100; 128-129; 132; 136; 150; 156; 166; 177; 180; 182; 186; 189; 193; 204-205; 211; 215-217; 219-220; 222-226; 228; 230; 232; 235-236; 240; 243-246; 248-250; 253-254; 256-259; 262; 266-268; 270; 272; 276; 281; 288; 290-291; 295; 297-299; 301; 304; 308; 311; 313-314; 316; 318-323; 326-327; 330-331; 335-336; 342-346; 348-349; 352; 354; 359; 361; 363-368; 370-377; 379-385; 387-396; 398-399; 401-408; 410; 412-416; 418; 420; 422; 424-425; 427-430; 432; 434-444; 446-447; 449-450; 452-453; 455; 459; 461-464; 466-467; 470-472; 475-478; 480-490; 493-511; 514-521; 525-531; 534-535; 537-540; 542-543; 545-550; 553-559; 562-581; 583-590; 592-594; 596; 598-601; 603-605; 607-612; 614-617; 619-620; 622-635; 637-658; 660-670; 672-685; 687-694; 696-708; 710
wta_rankings_83_99.csv,1989-01-02,1,713,349,364,23; 55; 76; 92; 130; 132; 136; 147; 155; 187; 203; 209; 215-219; 221; 223-226; 228-229; 231; 235-236; 239; 242-244; 246-248; 251-253; 255-256; 258; 261; 265-266; 268-269; 271; 276; 281; 288; 290-291; 295; 297-298; 300; 303; 310; 312; 314; 316; 318-319; 321-323; 326-327; 330-331; 335; 339; 342-347; 349; 351; 353; 359; 361; 363-368; 370-377; 379-385; 388-396; 398-399; 401-408; 412-415; 418; 420; 422; 424-425; 427-430; 432; 435; 437-445; 447-448; 450; 453-454; 456; 460; 462-466; 468-469; 472-475; 478-481; 483-494; 497-513; 516-523; 527-533; 536-537; 539-542; 544-545; 547-552; 554; 556-564; 567-582; 584-591; 593-594; 596; 598-602; 604-606; 608-613; 615-617; 619-621; 623-634; 636; 638-644; 646-661; 663-673; 675; 677-688; 690-697; 699-710; 712
wta_rankings_83_99.csv,1989-01-09,1,713,316,397,16; 22-23; 32; 41-42; 47; 50; 55; 57; 71; 76; 82; 92; 95; 100; 125; 130; 132; 136; 147; 155; 164; 176; 180; 187; 191; 203; 205; 209; 211-212; 215-219; 221; 223-226; 228-229; 231; 234-236; 239; 242-244; 246-248; 251-253; 255-256; 258; 261; 265-266; 268-269; 271; 276; 281; 288; 290-291; 295; 297-298; 300; 303; 307; 310; 312-314; 316; 318-323; 326-327; 330-331; 335; 339; 342-347; 349; 351; 353; 359; 361; 363-368; 370-377; 379-385; 387-396; 398-399; 401-409; 412-416; 418; 420; 422; 424-425; 427-430; 432-433; 435-445; 447-448; 450-451; 453-454; 456; 460; 462-466; 468-469; 472-475; 478-481; 483-494; 497-513; 516-523; 527-533; 536-537; 539-542; 544-545; 547-552; 554; 556-564; 567-582; 584-591; 593-594; 596; 598-602; 604-606; 608-613; 615-617; 619-621; 623-636; 638-661; 663-673; 675-688; 690-697; 699-710; 712
wta_rankings_83_99.csv,1989-01-16,1,703,345,358,24; 57; 75; 93; 95; 133; 141; 149; 158; 165; 173; 203; 208; 211; 214-218; 220-221; 223; 225; 227; 229-230; 232; 234; 237; 240-243; 245; 247; 250-256; 260; 263-265; 267; 270; 274; 280-281; 287; 289-290; 295; 297-299; 301; 304; 309; 313-314; 316; 318-319; 321; 323; 326-327; 330-331; 340-346; 348-349; 352; 355; 357; 359; 361; 363-365; 367; 369-377; 379-385; 388-396; 398-399; 401-405; 408; 410-412; 414; 416; 418; 420-422; 424-427; 429; 431; 433-436; 438-440; 442-443; 445-447; 450-451; 453; 458-459; 461-463; 465-467; 470-472; 474; 476-478; 480-490; 492; 494-510; 513-521; 525-531; 533; 535-536; 538-539; 541-543; 545-549; 551; 553-560; 563-578; 580-586; 588; 590-595; 597-599; 601-606; 608-611; 613-614; 616-618; 620-628; 630-636; 638-642; 644-653; 655-665; 667; 669-680; 682-700; 702
wta_rankings_83_99.csv,1989-01-23,1,703,312,391,17; 24-25; 30-31; 39; 48; 52; 57-58; 71; 75; 79; 83; 93; 95; 100; 130; 133; 141; 149; 158; 165-166; 173; 177; 180; 190; 203-204; 208; 210-211; 214-218; 220-221; 223; 225; 227; 229-230; 232-234; 237; 240-243; 245; 247-248; 250-256; 260; 263-265; 267; 270; 274; 280-281; 287; 289-290; 295; 297-299; 301; 304; 309-310; 313-314; 316; 318-323; 326-327; 330-331; 340-346; 348-349; 352; 355; 357; 359; 361; 363-365; 367; 369-377; 379-385; 387-396; 398-399; 401-406; 408; 410-412; 414; 416; 418; 420-422; 424-427; 429; 431-440; 442-443; 445-448; 450-451; 453; 456; 458-459; 461-463; 465-467; 470-472; 474; 476-478; 480-490; 492; 494-510; 513-521; 525-531; 533; 535-536; 538-539; 541-543; 545-549; 551; 553-560; 563-578; 580-586; 588; 590-595; 597-599; 601-606; 608-611; 613-614; 616-618; 620-628; 630-653; 655-665; 667-680; 682-700; 702
wta_rankings_83_99.csv,1989-01-30,1,704,348,356,32; 53; 72; 79; 91; 142; 148; 150; 168; 171; 182; 204; 210; 214-218; 221; 223; 225; 232-234; 236; 238; 240-241; 244; 246; 250-252; 254; 256; 259; 262-263; 266-267; 269-272; 275; 280; 286-291; 293; 297-298; 303-306; 309; 314-315; 318; 320-321; 324; 327; 329; 334-338; 340; 342; 346; 348; 350; 352; 354-356; 358-365; 367-371; 374-380; 382; 384-389; 391-392; 394-396; 398; 400; 402-406; 410-414; 416-417; 421-422; 424-426; 428; 430-431; 433-436; 438-441; 443-447; 449; 451; 458; 460-463; 465-466; 469-471; 474-475; 477-487; 489-502; 504-509; 512-520; 524-530; 533-534; 536-540; 542-547; 549; 551-560; 564-582; 584-591; 593; 595-598; 600-602; 604-611; 613-615; 617; 619-633; 635; 637-638; 640; 642-653; 655-662; 664-667; 669-670; 672-683; 685-701; 703
wta_rankings_83_99.csv,1989-02-06,1,704,316,388,16; 22; 24; 32; 34; 40; 51; 53; 59; 61; 72; 75; 79; 90-91; 95; 97; 109; 142; 148; 150; 163; 168; 171; 178; 180; 182; 192; 204-205; 210; 214-218; 221; 223; 225; 227; 232-234; 236; 238; 240-241; 244; 246; 250-252; 254; 256; 259; 262-263; 266-267; 269-272; 275; 280; 286-291; 293; 297-298; 303-306; 308-309; 313-318; 320-321; 324; 327; 329; 334-340; 342; 346; 348; 350; 352; 354-356; 358-365; 367-371; 374-380; 382-389; 391-392; 394-396; 398; 400; 402-407; 410-414; 416-417; 421-422; 424-426; 428; 430-436; 438-441; 443-449; 451; 457-458; 460-463; 465-466; 469-471; 474-475; 477-487; 489-502; 504-509; 512-520; 524-530; 533-534; 536-540; 542-547; 549; 551-560; 564-582; 584-591; 593; 595-598; 600-602; 604-611; 613-615; 617; 619-633; 635-638; 640; 642-653; 655-667; 669-683; 685-701; 703
wta_rankings_83_99.csv,1989-02-13,1,706,352,354,33; 54; 74; 80; 93; 123; 153; 158; 168; 173; 183; 193; 208; 215-218; 220-221; 224; 227; 231; 235-236; 238-240; 242; 245-246; 249; 252-253; 255; 258; 260; 262; 264-265; 267-268; 270; 272; 274; 282-283; 287-289; 291; 294; 296-298; 300; 306; 308; 310-311; 314-316; 318; 323-324; 326; 328; 330; 332-334; 338; 340-343; 345; 347-348; 350; 352-358; 360-371; 374; 377-383; 385-389; 391-393; 395-396; 398; 400-404; 408; 410-412; 414; 416-417; 421; 423-427; 429; 431-432; 434-439; 441-442; 444-445; 448-450; 452; 456; 459-460; 463-465; 467-468; 470-472; 476-492; 494-495; 497-499; 501-503; 505; 507; 509-511; 514-522; 524; 527-528; 530-535; 537-538; 540-545; 547-549; 551-554; 556-557; 559-564; 566; 568-576; 578-579; 581-583; 585; 587-591; 594; 596-604; 606-612; 614-617; 619-620; 622-635; 637-639; 641-642; 644-656; 658-665; 667-669; 671-672; 674-684; 686-703; 705
wta_rankings_83_99.csv,1989-02-20,1,706,320,386,16; 23; 25; 33; 36; 42; 50; 54; 61; 63; 74; 76; 80; 84; 93; 96; 104; 109; 123; 153; 158; 168; 170; 173; 182-183; 186; 193; 196; 208-209; 215-218; 220-221; 224; 227; 230-231; 235-236; 238-240; 242; 245-246; 249; 252-253; 255; 258; 260; 262; 264-265; 267-268; 270; 272; 274; 282-283; 287-289; 291; 294; 296-298; 300; 306-308; 310-316; 318; 321; 323-326; 328; 330; 332-334; 338; 340-343; 345; 347-348; 350; 352-358; 360-371; 374; 377-389; 391-393; 395-396; 398; 400-405; 408; 410-412; 414; 416-417; 421; 423-427; 429; 431-439; 441-442; 444-445; 448-450; 452-453; 456; 458-460; 463-465; 467-468; 470-472; 476-492; 494-495; 497-499; 501-503; 505; 507; 509-511; 514-522; 524; 527-528; 530-535; 537-538; 540-545; 547-549; 551-554; 556-557; 559-564; 566; 568-576; 578-579; 581-583; 585; 587-591; 594; 596-604; 606-612; 614-617; 619-620; 622-635; 637-642; 644-656; 658-669; 671-684; 686-703; 705
wta_rankings_83_99.csv,1989-02-27,1,708,354,354,32; 59; 82; 91; 97; 128; 155-156; 167; 170; 186; 197; 215-216; 218-219; 221; 223-224; 227; 231; 235-237; 239-243; 246-247; 250; 253; 255-256; 259-260; 262-265; 267; 269; 275; 282-283; 290-292; 294-295; 297-298; 304-305; 309; 311-312; 314; 316-317; 321-323; 325; 327; 330-331; 334; 336; 338-340; 343-344; 346-350; 352-357; 359; 361-369; 372; 375-382; 384-388; 390-393; 395-396; 398; 400-403; 405; 408-412; 414-416; 420; 423-424; 426; 428; 431-433; 435-441; 443-445; 447-450; 454-455; 457; 459; 462; 464-466; 468; 470-473; 475; 478-481; 483-491; 493-497; 499-506; 510; 512-518; 521-528; 531-532; 534-539; 542; 544-548; 550-556; 558-560; 563; 565-568; 570-571; 573; 575-584; 586-587; 589-592; 595-599; 601; 603-610; 612-617; 619-622; 624-639; 641-643; 645-646; 648-649; 651-661; 663-666; 668-670; 672-674; 676-687; 689-705; 707
wta_rankings_83_99.csv,1989-03-06,1,708,321,387,18; 23; 27; 32-33; 40; 53; 59; 62; 68; 77; 82; 84; 91; 97; 100; 106; 112; 128; 155-156; 167-168; 170; 185-186; 189; 197-198; 210; 215-216; 218-219; 221; 223-224; 227; 230-231; 235-237; 239-243; 246-247; 250; 253; 255-256; 259-260; 262-265; 267; 269; 275; 282-283; 289-292; 294-295; 297-298; 304-307; 309; 311-314; 316-317; 321-325; 327; 330-331; 334; 336; 338-340; 343-344; 346-350; 352-357; 359; 361-369; 372; 375-388; 390-393; 395-396; 398; 400-403; 405; 408-412; 414-416; 420; 423-424; 426-428; 431-441; 443-445; 447-451; 454-455; 457; 459; 461-462; 464-466; 468; 470-473; 475; 478-481; 483-491; 493-506; 510; 512-518; 521-528; 531-532; 534-539; 542; 544-548; 550-556; 558-560; 563; 565-568; 570-571; 573; 575-584; 586-587; 589-592; 595-599; 601; 603-610; 612-617; 619-622; 624-639; 641-646; 648-661; 663-666; 668-674; 676-687; 689-705; 707
wta_rankings_83_99.csv,1989-03-13,1,711,351,360,30; 60; 84; 97; 124; 136; 150; 154; 163; 178; 185; 187; 196; 213-214; 217; 219; 222; 225-226; 229-230; 233-234; 237; 239; 241-245; 247-249; 252; 254; 256; 259-261; 265; 267; 270-272; 285; 287-289; 293-294; 297-300; 302; 304; 306-307; 310; 312; 315; 317; 320-321; 324-329; 331; 333; 335; 337; 339; 344-351; 354-356; 358; 360-365; 367-373; 375-379; 382; 384-391; 393; 395-398; 400-401; 403; 405; 407-410; 412; 414-416; 418-419; 421-422; 425-426; 428-429; 431; 433; 436-437; 439-442; 444-449; 451-452; 456; 458; 460; 462; 464-465; 467-474; 476-479; 482-483; 485-487; 489-502; 504-509; 511-514; 518-521; 523-524; 526-528; 530-531; 533-538; 541-542; 544-549; 551-552; 554; 556-557; 559-565; 567-569; 571-572; 575-581; 583; 585-592; 594-597; 600-603; 605-606; 608; 610-617; 619-621; 623-625; 627-642; 644-647; 649-658; 660-662; 664-668; 670-673; 675-676; 678-686; 688-689; 691-708; 710
wta_rankings_83_99.csv,1989-03-20,1,711,318,393,18; 24-25; 30; 35; 44; 53; 60; 68; 70; 82; 84; 86; 97-98; 108; 114; 124; 136; 150; 154; 163; 167; 175; 178; 185; 187-188; 196-197; 210; 213-214; 217-219; 222; 225-226; 229-230; 232-234; 237; 239; 241-245; 247-249; 252; 254; 256-257; 259-261; 265; 267; 270-272; 285; 287-289; 293-294; 296-300; 302; 304; 306-307; 310; 312; 315; 317; 320-321; 324-331; 333; 335; 337; 339; 342; 344-351; 354-356; 358; 360-365; 367-373; 375-379; 382; 384-393; 395-398; 400-401; 403; 405; 407-410; 412; 414-416; 418-419; 421-422; 425-426; 428-429; 431; 433; 436-449; 451-453; 456; 458; 460; 462; 464-474; 476-479; 482-483; 485-487; 489-509; 511-514; 518-521; 523-524; 526-528; 530-531; 533-538; 541-542; 544-549; 551-552; 554; 556-557; 559-565; 567-569; 571-572; 575-581; 583; 585-592; 594-597; 600-603; 605-606; 608; 610-617; 619-621; 623-625; 627-642; 644-647; 649-658; 660-662; 664-673; 675-689; 691-708; 710
wta_rankings_83_99.csv,1989-03-27,1,709,348,361,33; 59; 72; 78; 90; 124; 134; 151; 165; 182; 184; 196; 207; 210; 212; 216; 218-219; 221; 225-227; 236-238; 240-242; 244; 246-248; 252-255; 257; 259-260; 262; 266; 270-271; 275; 277; 279; 282; 284; 286; 291; 294; 296-299; 306; 309-312; 314-315; 318; 320-323; 325; 327; 329-330; 332; 334-335; 339; 341-343; 345-354; 356; 360-364; 366-370; 372-373; 376-381; 383-384; 387-393; 395; 397; 399-401; 404-405; 408-409; 411-412; 414-419; 421-423; 427; 429; 431-433; 435-438; 441; 443-452; 454-458; 462; 467; 469-470; 472-475; 477-478; 480-481; 483-485; 487-498; 500-514; 516-519; 522-524; 526-528; 530; 532-536; 539; 542-546; 548; 550; 552-554; 556; 558-563; 565-566; 568; 570-577; 579; 581-596; 599-605; 607-609; 612-616; 618-620; 622-625; 627-640; 642-648; 650-661; 663-669; 671-673; 675-676; 678-679; 681-688; 690-708
wta_rankings_83_99.csv,1989-04-03,1,709,316,393,18; 23; 27; 33; 41; 43; 45; 59; 62; 64; 72; 78; 85-86; 90; 99; 104; 114; 124; 134; 151; 165-166; 175; 182; 184; 187; 196-197; 205; 207-208; 210; 212; 216; 218-221; 225-227; 233; 236-238; 240-242; 244; 246-248; 252-255; 257; 259-260; 262; 266; 270-271; 275; 277; 279; 282-284; 286; 291; 294; 296-299; 306; 309-312; 314-315; 318; 320-323; 325; 327; 329-332; 334-335; 339; 341-343; 345-354; 356; 358; 360-364; 366-370; 372-373; 376-381; 383-384; 387-395; 397; 399-401; 404-405; 408-409; 411-412; 414-419; 421-423; 427; 429; 431-433; 435-438; 441-452; 454-459; 462; 465; 467; 469-475; 477-478; 480-481; 483-485; 487-498; 500-514; 516-519; 522-524; 526-528; 530; 532-536; 539; 542-546; 548; 550; 552-556; 558-563; 565-566; 568; 570-577; 579; 581-596; 599-605; 607-609; 612-616; 618-620; 622-625; 627-640; 642-648; 650-661; 663-673; 675-679; 681-688; 690-708
wta_rankings_83_99.csv,1989-04-10,1,716,352,364,38; 57; 70; 93; 128-129; 158; 169; 183-184; 191; 206; 211-214; 216; 221; 223-224; 231; 234; 236-237; 240; 243; 245-247; 249-251; 254; 257-258; 260-261; 263; 265; 268-269; 271; 278-279; 287; 292; 294-299; 302-303; 310-312; 314-317; 321; 323-325; 327; 329-330; 332; 334-335; 338-339; 341; 343-344; 346-360; 362; 365; 367-368; 370-376; 378; 380-381; 383-384; 386; 388-389; 391-396; 398; 400-401; 403; 405-409; 413; 415-417; 419-423; 426-427; 429; 431; 433; 435-438; 440-441; 443-451; 455-458; 460; 463; 466; 469-470; 473-476; 478-479; 481-484; 487-494; 497-504; 506-516; 518; 520-522; 525-531; 533; 535-541; 543; 545; 547-549; 551; 553; 555-557; 559-560; 562-565; 567-568; 570-571; 574-581; 583; 585-601; 603-611; 614-618; 620-624; 627-630; 632-645; 647-653; 655-667; 669-671; 673-676; 678-679; 681-683; 685-687; 689-715
wta_rankings_83_99.csv,1989-04-17,1,716,321,395,19; 26-28; 38; 40; 53; 57; 64-65; 70; 92-93; 96; 99; 107; 117; 128-129; 133; 158; 161; 169; 177; 183-184; 187; 191; 204; 206-207; 211-214; 216; 219; 221; 223-224; 229; 231; 234; 236-237; 240; 243; 245-247; 249-251; 254; 257-258; 260-261; 263; 265; 268-269; 271; 278-279; 281; 287; 292; 294-300; 302-303; 310-312; 314-317; 321; 323-325; 327; 329-332; 334-335; 338-339; 341; 343-344; 346-360; 362; 365; 367-376; 378; 380-381; 383-384; 386; 388-389; 391-396; 398; 400-401; 403; 405-409; 413; 415-417; 419-423; 426-427; 429; 431; 433; 435-438; 440-451; 455-460; 463; 466-467; 469-470; 472-476; 478-479; 481-484; 487-494; 497-504; 506-516; 518; 520-522; 525-531; 533; 535-541; 543; 545; 547-549; 551; 553; 555-560; 562-565; 567-568; 570-571; 574-581; 583; 585-601; 603-611; 614-618; 620-624; 627-630; 632-645; 647-653; 655-667; 669-671; 673-679; 681-683; 685-687; 689-715
wta_rankings_83_99.csv,1989-04-24,1,719,352,367,37; 58; 73; 120; 124; 129; 161; 172; 181; 190; 192; 201; 212-216; 218; 227; 230; 234; 237; 240-242; 246; 248-249; 252; 254-255; 257; 261-262; 264-266; 270; 276; 278; 280; 287; 291; 293; 295-299; 301-303; 306; 310-312; 314-317; 322; 324-326; 328; 330; 332-333; 335-337; 340-341; 343; 345-347; 349-352; 354; 356-358; 360-361; 363-372; 374-375; 378-381; 383-384; 386-394; 396; 400-409; 411-412; 414-416; 418; 420-423; 426-427; 429; 434-435; 437-439; 441-442; 444-452; 454-459; 461; 463-465; 468-469; 472; 475-477; 481-486; 488-489; 492-496; 498-499; 502-510; 512-518; 520-521; 523-533; 536-537; 539-542; 544-545; 547; 549; 552-553; 555-556; 558; 560; 562-572; 575-579; 581-583; 586-600; 602-609; 611; 613-618; 620-624; 627-630; 632-639; 641-648; 650-655; 657-668; 670-672; 674-680; 682-685; 687-689; 691-718
wta_rankings_83_99.csv,1989-05-01,1,719,320,399,22; 25; 29-30; 37; 42; 55; 58; 64; 67; 70; 73; 84; 96; 104; 120; 122; 124; 129; 134; 156; 158; 161-162; 172; 176; 181; 187; 190; 192; 201-202; 212-216; 218-219; 227; 230; 232; 234; 237; 240-242; 246; 248-249; 252; 254-255; 257; 261-262; 264-266; 270-271; 276; 278-280; 287; 291; 293; 295-299; 301-303; 306; 310-312; 314-317; 322; 324-326; 328; 330; 332-333; 335-337; 340-341; 343-347; 349-352; 354; 356-358; 360-361; 363-372; 374-376; 378-381; 383-384; 386-394; 396; 400-409; 411-412; 414-416; 418; 420-423; 426-427; 429; 434-435; 437-439; 441-452; 454-461; 463-465; 468-470; 472; 474-477; 481-486; 488-489; 492-496; 498-499; 502-510; 512-518; 520-521; 523-533; 536-537; 539-542; 544-545; 547; 549; 552-553; 555-556; 558-560; 562-572; 575-579; 581-583; 586-600; 602-609; 611; 613-618; 620-624; 627-630; 632-648; 650-655; 657-668; 670-672; 674-680; 682-685; 687-689; 691-718
wta_rankings_83_99.csv,1989-05-08,1,729,358,371,32; 59; 76; 129; 131; 133; 155; 168; 185; 193-194; 207; 212; 214-216; 220; 225; 232; 238; 242-243; 245-246; 248-249; 251; 253-254; 259; 261; 263; 270; 272; 274-278; 280; 286; 290; 294-295; 298-301; 303; 306-307; 309; 312-314; 317; 319-321; 324; 327-328; 330; 332; 335; 337-338; 342-344; 346-348; 350-353; 355; 357; 360-366; 368-383; 386-390; 392; 396; 400; 402-408; 413-421; 424; 426-429; 431-435; 438-439; 441; 443-445; 447-454; 456-462; 465-470; 473; 475; 478-480; 482-488; 490-491; 494-503; 506-514; 516-520; 522-529; 532-536; 539; 541-542; 544-548; 551-552; 555; 559-560; 562-564; 567-570; 572-575; 577-581; 583-590; 592; 594-601; 603-607; 609-618; 621-625; 627-630; 633-636; 638-656; 658-663; 665-677; 679-682; 684-690; 692-694; 696-697; 699-708; 710-728
wta_rankings_83_99.csv,1989-05-15,1,729,327,402,25; 27; 29; 32; 35; 41; 54; 59; 69; 71; 76; 82; 90; 105-106; 117; 129; 131; 133; 141-142; 154-155; 162; 168; 185; 193-194; 201; 207; 210; 212; 214-216; 218; 220; 225; 232-233; 237-238; 242-243; 245-246; 248-249; 251; 253-254; 259; 261; 263; 270; 272; 274-278; 280-281; 286; 290-291; 294-295; 298-301; 303; 306-307; 309; 312-314; 317; 319-321; 324; 327-328; 330; 332; 335; 337-338; 340; 342-344; 346-348; 350-353; 355; 357-358; 360-366; 368-383; 386-390; 392; 396; 400; 402-408; 413-421; 424; 426-429; 431-435; 438-439; 441; 443-445; 447-454; 456-462; 464-470; 473; 475; 477-480; 482-488; 490-491; 494-503; 506-514; 516-520; 522-529; 532-536; 539; 541-542; 544-548; 551-552; 555; 559-560; 562-565; 567-570; 572-575; 577-581; 583-590; 592; 594-601; 603-607; 609-618; 621-630; 633-636; 638-656; 658-663; 665-677; 679-682; 684-690; 692-694; 696-697; 699-728
wta_rankings_83_99.csv,1989-05-22,1,730,360,370,33; 62; 76; 130; 136; 141; 156; 165; 187; 192-193; 204; 207-208; 216; 218; 224; 227-228; 239; 242-244; 246; 249-253; 256; 260; 262; 264; 272-273; 275-276; 278; 280-282; 289-290; 295-296; 299-300; 302-303; 306-308; 311; 313; 316-318; 321; 323-324; 327; 329; 332-333; 336; 338; 341; 343; 346-348; 350-352; 354-360; 363; 366-386; 388; 391-392; 394-395; 397; 400-401; 404-409; 413-419; 421-426; 429-433; 436; 439-440; 443-450; 452-458; 460-462; 464; 466-473; 476; 478; 480-481; 483; 485-491; 493; 496-504; 507-515; 517-531; 534-535; 537-538; 540-541; 543-544; 546-550; 553-554; 557; 561-562; 564-566; 569-571; 573-575; 577-581; 584-589; 591; 593-596; 598-608; 610-620; 623-627; 629-630; 632-633; 636-639; 641-657; 659-665; 667-679; 681-683; 685-691; 693-695; 697-698; 700-709; 711-729
wta_rankings_83_99.csv,1989-05-29,1,730,328,402,26; 28-29; 33; 35; 41; 54; 62-63; 68; 73; 76; 84; 109-110; 116; 118; 130; 133; 136; 141; 143; 156; 165; 187; 192-193; 204; 207-209; 211-212; 216; 218-219; 224; 227-228; 235; 238-239; 242-244; 246; 249-253; 256; 260; 262; 264; 272-273; 275-276; 278; 280-282; 286; 289-290; 295-297; 299-300; 302-303; 306-308; 311; 313; 316-318; 321; 323-324; 327; 329; 332-333; 336; 338; 341; 343-344; 346-348; 350-352; 354-360; 363-364; 366-386; 388; 391-392; 394-395; 397; 400-401; 404-409; 413-419; 421-426; 429-433; 436; 439-440; 443-458; 460-462; 464; 466-473; 476; 478-481; 483; 485-491; 493; 496-504; 507-515; 517-531; 534-535; 537-538; 540-541; 543-544; 546-550; 553-554; 557; 561-562; 564-567; 569-571; 573-575; 577-581; 584-589; 591; 593-608; 610-620; 623-630; 632-633; 636-639; 641-657; 659-665; 667-679; 681-683; 685-691; 693-695; 697-698; 700-729
wta_rankings_83_99.csv,1989-06-05,1,728,359,369,31; 59; 81; 129; 132; 152; 164; 166; 189; 192; 194; 205; 209; 212; 217; 220; 225-226; 228; 234-235; 238; 241; 243; 247-248; 250-251; 253; 255; 257; 260; 262; 265; 267-268; 272-274; 277-278; 280; 282-283; 286; 288; 296; 298-299; 302; 306-308; 310; 313; 316-320; 323; 326-328; 330; 332; 335-336; 338; 340; 342; 345; 347; 349-352; 354-356; 359-362; 364; 367; 369-383; 385-389; 391; 393-394; 396; 398; 400-401; 403; 405; 407-413; 417-423; 425-430; 433-434; 437-438; 441; 444-445; 447-464; 466-469; 471; 473-476; 478; 480-482; 484; 486-487; 489; 491-494; 496; 499-505; 508-516; 518-525; 527-534; 537; 539; 541-542; 544-545; 547-551; 554-555; 561-562; 564-567; 570-572; 574-576; 578-582; 584-588; 590; 592-596; 598-610; 612-621; 623-627; 629; 631; 633-634; 637-640; 642-657; 659-665; 667-681; 683-685; 687-693; 695-697; 699-700; 702-710; 712-727
wta_rankings_83_99.csv,1989-06-12,1,728,328,400,24; 29-31; 38; 41; 50; 59-60; 66; 73; 81; 91; 110; 114; 117-118; 129-130; 132; 143; 152; 164; 166; 189; 192; 194; 204-205; 209; 212; 214; 217; 219-220; 225-226; 228; 230; 234-235; 238-239; 241; 243; 247-248; 250-251; 253; 255; 257; 260; 262; 265; 267-268; 270; 272-274; 277-278; 280; 282-284; 286; 288; 296; 298-299; 301-302; 305-308; 310; 313; 316-320; 323; 326-328; 330; 332; 335-336; 338; 340; 342; 345; 347; 349-352; 354-356; 359-362; 364; 367; 369-389; 391; 393-394; 396; 398; 400-401; 403; 405; 407-413; 417-423; 425-430; 433-434; 437-438; 441; 444-445; 447-464; 466-469; 471; 473-476; 478; 480-482; 484-487; 489; 491-494; 496; 499-505; 508-516; 518-525; 527-534; 537; 539; 541-542; 544-545; 547-551; 554-555; 561-562; 564-568; 570-572; 574-576; 578-582; 584-588; 590; 592-610; 612-621; 623-629; 631; 633-634; 637-640; 642-657; 659-665; 667-681; 683-685; 687-693; 695-697; 699-700; 702-727
wta_rankings_83_99.csv,1989-06-19,1,733,358,375,33; 66; 70; 80; 117; 123; 161; 168; 172; 189; 196; 205; 208; 210; 213; 216; 221; 228; 233; 236; 238-239; 241-242; 244; 249-250; 252-255; 257-258; 261; 267; 270; 272; 274; 277-280; 284; 288-290; 292; 294; 296-297; 299-301; 306; 308-309; 314-315; 317-318; 320-323; 327; 331; 333; 336-337; 339; 341; 343-344; 348; 350-351; 353; 355; 357-363; 365-367; 369-381; 383; 385-389; 391-395; 397; 401-402; 405-406; 408; 411-413; 416-425; 428-432; 434; 436-438; 440; 443-445; 447-460; 462-465; 467-471; 473-478; 480-481; 483-484; 486; 488; 490-493; 496-497; 499-503; 506-511; 513; 515-522; 524-525; 527-528; 531-538; 540-541; 544; 547-548; 550; 552-553; 556-559; 561; 563; 565; 568-571; 573-575; 578-585; 587-595; 597-602; 604-608; 610-633; 635-637; 639; 641; 643; 645-647; 649-650; 652-666; 668-672; 674-683; 685-689; 691-696; 698-702; 705-714; 716-732
wta_rankings_83_99.csv,1989-06-26,1,733,326,407,25; 28; 32-33; 36; 40; 46; 59; 66-67; 70; 72; 80; 87; 90; 111; 117; 119; 122-123; 130; 137; 161; 168; 172; 189; 196; 201; 205; 208; 210; 213; 215-217; 221; 228-230; 233; 236; 238-242; 244; 249-250; 252-255; 257-258; 261; 267; 269-270; 272; 274; 277-280; 284-285; 288-290; 292; 294; 296-297; 299-301; 305-306; 308-309; 314-315; 317-318; 320-323; 327; 331-333; 336-337; 339; 341; 343-344; 348; 350-351; 353; 355; 357-363; 365-367; 369-381; 383; 385-389; 391-397; 401-402; 405-406; 408; 411-413; 416-425; 428-432; 434; 436-438; 440; 443-445; 447-460; 462-465; 467-471; 473-481; 483-484; 486; 488; 490-493; 496-497; 499-503; 506-511; 513; 515-522; 524-525; 527-528; 531-538; 540-541; 544; 547-548; 550; 552-553; 556-559; 561; 563; 565; 568-571; 573-576; 578-585; 587-595; 597-608; 610-633; 635-637; 639; 641; 643; 645-647; 649-650; 652-666; 668-683; 685-689; 691-696; 698-702; 705-732
wta_rankings_83_99.csv,1989-07-03,1,731,359,372,41; 67; 71; 111; 118; 161; 167; 171; 191; 198; 202; 206; 208; 210; 215-216; 222; 226; 235; 239-240; 242; 246; 248-250; 252-253; 256; 258-260; 262; 270; 273; 275-279; 281-283; 288-289; 291-292; 294; 298; 300; 302-303; 305; 307-308; 315; 317; 320; 322-325; 327; 330-332; 336-338; 343; 345-348; 350; 353-354; 356-357; 359-363; 365-367; 369-373; 376-381; 383-387; 389-396; 398; 401-405; 407-409; 412; 415-419; 422-423; 425-432; 434-436; 438-442; 444-451; 453-457; 459-462; 464-465; 467; 470-473; 475-478; 482-484; 486-487; 489-491; 493-499; 501-504; 507-511; 513-516; 518-519; 522-528; 531-535; 539-540; 542; 544-547; 549-552; 554-555; 558-560; 562-563; 565-567; 569; 572-575; 577-580; 583-592; 594-596; 598-602; 604-608; 610-619; 621-635; 637-640; 642; 644; 646-652; 654-656; 658-667; 669-675; 677-680; 682-689; 691; 693-699; 701-703; 706-711; 713-730
wta_rankings_83_99.csv,1989-07-10,1,731,326,405,22; 25; 32; 39; 41-42; 47; 55; 63-64; 67; 71; 84-85; 110-111; 118; 121; 125-126; 139; 161; 167; 171; 191; 198; 201-202; 206; 208; 210; 215-216; 222; 224; 226; 230; 232; 234-235; 239-240; 242; 245-246; 248-250; 252-253; 256; 258-260; 262; 269-271; 273; 275-279; 281-283; 288-289; 291-292; 294; 298; 300-303; 305; 307-308; 315; 317; 320; 322-325; 327; 329-332; 336-338; 343; 345-348; 350; 353-354; 356-357; 359-363; 365-367; 369-373; 376-381; 383-387; 389-396; 398; 401-405; 407-409; 412; 415-419; 422-423; 425-432; 434-436; 438-442; 444-451; 453-457; 459-465; 467; 470-473; 475-478; 482-487; 489-491; 493-499; 501-504; 507-511; 513-516; 518-519; 522-528; 531-535; 539-540; 542; 544-547; 549-552; 554-555; 558-560; 562-563; 565-567; 569; 572-575; 577-580; 582-592; 594-596; 598-602; 604-619; 621-640; 642; 644; 646-652; 654-656; 658-667; 669-680; 682-689; 691-699; 701-703; 706-711; 713-730
wta_rankings_83_99.csv,1989-07-17,1,726,353,373,41; 71; 77; 113; 120; 125; 160; 169; 185; 189; 196; 200; 203; 211; 215; 222; 224; 226-227; 232-235; 243; 248-249; 251; 256-257; 259; 261-262; 268-271; 276-277; 279-281; 283-284; 286; 292; 294; 296-297; 299-300; 302-304; 308-310; 316-317; 319; 321; 323-325; 328-330; 332-333; 336; 341-342; 346-350; 352; 355-360; 362-363; 365-368; 370-372; 374; 376-380; 382-383; 385-394; 397; 399-400; 402-403; 405-406; 408; 410-412; 415-419; 421-428; 430; 432-434; 436-441; 443; 446-448; 450-452; 454-466; 468-471; 474; 476; 478-479; 481-487; 490-491; 493; 495; 497; 499-501; 503; 507-520; 522-529; 531; 533-536; 539-553; 557-560; 563-566; 568-570; 572-575; 578; 580; 582; 584-585; 588-594; 596-598; 601-633; 635-636; 638-639; 641-657; 659-666; 668-675; 677-679; 681-688; 690-694; 696-703; 705; 707-718; 720-725
wta_rankings_83_99.csv,1989-07-24,1,726,320,406,19; 24; 33-34; 40-41; 44; 55; 60; 71-72; 77; 82; 90; 95; 112-113; 120; 125; 130; 132; 141; 160; 169; 185; 189; 196; 199-200; 203; 210-211; 214-215; 222; 224; 226-227; 232-235; 237; 243; 246; 248-249; 251; 256-257; 259; 261-262; 266; 268-271; 276-281; 283-284; 286; 292; 294; 296-297; 299-300; 302-304; 308-310; 312; 316-317; 319; 321-325; 327-330; 332-333; 336; 341-342; 346-350; 352; 355-360; 362-363; 365-368; 370-372; 374; 376-380; 382-383; 385-394; 397; 399-400; 402-403; 405-406; 408; 410-412; 415-419; 421-428; 430; 432-434; 436-441; 443; 446-448; 450-452; 454-471; 474; 476; 478-479; 481-487; 490-493; 495; 497; 499-501; 503; 507-520; 522-529; 531; 533-536; 539-553; 557-560; 563-566; 568-570; 572-575; 578; 580; 582; 584-586; 588-594; 596-598; 600-636; 638-639; 641-657; 659-666; 668-679; 681-694; 696-703; 705; 707-718; 720-725
wta_rankings_83_99.csv,1989-07-31,1,721,349,372,41; 71; 80; 88; 119; 125; 170-171; 173; 182; 195; 200; 207; 214; 217; 220; 224; 226-228; 232; 235-236; 239; 244; 250-251; 255; 257; 263-266; 268; 272; 274; 278-279; 281-284; 288; 291; 293; 295-297; 302; 304-306; 308; 310; 312; 314; 317-319; 322; 324; 326; 332-337; 339-341; 347-348; 351-353; 357-363; 366-371; 374-384; 386; 389-391; 393-395; 397-402; 404-405; 407; 409-412; 414-418; 420; 422-429; 431-436; 438-439; 441-451; 454-455; 457-461; 463; 465-475; 477-478; 480; 482; 484-486; 488-492; 494-495; 498-499; 501; 503; 505; 508-509; 511-516; 520-523; 525; 527-543; 545; 547-555; 557-561; 563-566; 568-569; 571; 573; 575-576; 578; 580; 582-590; 592-596; 598-624; 626-631; 633-637; 639-656; 658-661; 663-666; 668-675; 677-680; 683-688; 690-697; 699-712; 714-718; 720
wta_rankings_83_99.csv,1989-08-07,1,721,315,406,19; 22; 31; 36-37; 41; 44-45; 54; 57; 71; 73; 79-80; 84-85; 88; 119; 125; 130; 134; 158; 170-171; 173; 180; 182; 195; 200; 205; 207; 214; 217; 219-220; 224; 226-228; 232; 235-236; 239; 243-244; 250-251; 255; 257; 262-266; 268; 272; 274; 276; 278-279; 281-284; 287-288; 291; 293; 295-297; 302; 304-306; 308; 310; 312-314; 317-319; 322; 324; 326; 329; 332-337; 339-341; 343; 347-348; 351-353; 357-363; 366-371; 374-384; 386; 389-391; 393-395; 397-402; 404-405; 407; 409-412; 414-418; 420; 422-429; 431-436; 438-439; 441-451; 454-455; 457-461; 463-475; 477-478; 480; 482; 484-486; 488-492; 494-496; 498-499; 501; 503; 505; 508-509; 511-516; 520-523; 525; 527-543; 545; 547-555; 557-561; 563-566; 568-569; 571; 573; 575-576; 578; 580; 582-590; 592-624; 626-637; 639-656; 658-661; 663-688; 690-697; 699-712; 714-718; 720
wta_rankings_83_99.csv,1989-08-14,1,722,349,373,41; 66; 87; 106; 140; 152; 163; 168; 170; 175; 182; 188-189; 195; 202; 207; 217-218; 220; 225; 227; 229; 231; 233; 238; 242-243; 246; 248-249; 254; 256-257; 261-263; 270; 272; 274; 278; 280; 284; 286-287; 289-290; 292; 297; 299; 301; 303; 307; 309; 311-312; 316; 318-321; 323; 329; 331; 333-340; 342-343; 346-347; 349-352; 354-355; 357; 360-362; 364-365; 367-368; 372; 374-391; 394-396; 398-400; 402; 404-413; 415-418; 420-421; 423-426; 428; 430-436; 438-442; 444-448; 450-458; 460-462; 465-470; 473; 475; 478-479; 481-482; 484-491; 494; 497-498; 500-502; 504-508; 510-514; 516-520; 523-525; 528-536; 538-539; 541-547; 549-550; 552-556; 558; 560-561; 563-567; 569; 572; 574; 576-586; 588-592; 594-615; 617-619; 621-622; 624-632; 634-635; 637-638; 640-645; 647-659; 661-665; 667-670; 672-679; 681-684; 686-691; 693-700; 702; 704-716; 718-721
wta_rankings_83_99.csv,1989-08-21,1,722,317,405,17; 21; 28; 34; 37; 41; 44; 54-55; 59; 66; 69; 77; 87; 92; 99; 106; 128; 133; 140; 145; 152; 156; 163; 168; 170; 175; 182; 188-189; 195; 202; 207; 213; 217-218; 220; 225; 227; 229; 231; 233; 237-238; 242-243; 246; 248-249; 253-254; 256-257; 260-263; 270; 272; 274; 278; 280; 282; 284; 286-287; 289-290; 292; 297; 299; 301; 303; 307; 309; 311-312; 314-316; 318-321; 323; 329; 331; 333-340; 342-343; 346-347; 349-352; 354-355; 357; 359-362; 364-365; 367-368; 372; 374-391; 394-396; 398-400; 402; 404-413; 415-418; 420-421; 423-426; 428; 430-436; 438-442; 444-448; 450-458; 460-462; 465-470; 473; 475; 478-479; 481-482; 484-491; 494; 496-498; 500-502; 504-508; 510-514; 516-520; 523-525; 528-536; 538-539; 541-547; 549-550; 552-558; 560-561; 563-567; 569; 572; 574; 576-586; 588-592; 594-619; 621-622; 624-635; 637-638; 640-645; 647-659; 661-665; 667-691; 693-700; 702; 704-716; 718-721
wta_rankings_83_99.csv,1989-08-28,1,737,351,386,28; 64; 94; 108; 145; 151; 163; 172; 177; 182; 184; 190; 192; 196; 201; 210; 216-217; 219-220; 226; 230; 232; 234; 237-238; 243; 249; 254-256; 258; 260-262; 273; 276; 278-279; 282-283; 287; 289; 291-294; 296; 301; 303; 305-306; 308; 310; 313; 315; 318-320; 322; 325; 329-330; 332-333; 335-340; 342; 346-347; 350; 352-356; 358; 360-363; 365-367; 369; 372-375; 378; 380-382; 384-387; 389-391; 393-398; 401-403; 405-409; 411; 413-425; 427-428; 431-434; 436-445; 448-449; 451-453; 455-458; 460-463; 465-470; 472-477; 479-481; 483-485; 488; 490-493; 495-498; 500-503; 505-508; 510-512; 515-517; 519-522; 525-529; 531-541; 543-545; 547-549; 551-555; 557-559; 561-568; 570-572; 574-577; 580; 584; 587; 590-601; 603-619; 621-623; 625-632; 634-636; 638-640; 642-647; 649-652; 654-658; 660-671; 673-678; 680-684; 686-696; 698-710; 712-721; 723-736
wta_rankings_83_99.csv,1989-09-04,1,737,319,418,17; 19; 28-29; 36-37; 39; 55; 57; 62; 64; 79; 83; 94; 98; 105; 108; 130; 135; 145; 151; 153; 159; 163; 172; 177; 182; 184; 190; 192; 196; 201; 210; 213; 216-217; 219-220; 226; 230; 232; 234; 237-238; 242-244; 249; 254-258; 260-262; 270; 273; 276; 278-279; 282-283; 287; 289; 291-294; 296; 301; 303; 305-306; 308-310; 313; 315; 317-320; 322; 325; 329-330; 332-333; 335-340; 342; 346-347; 350; 352-356; 358-363; 365-367; 369; 372-375; 378; 380-382; 384-387; 389-398; 401-403; 405-409; 411; 413-425; 427-428; 431-434; 436-445; 448-449; 451-453; 455-458; 460-463; 465-470; 472-477; 479-481; 483-485; 488; 490-493; 495-498; 500-508; 510-512; 515-517; 519-522; 525-541; 543-545; 547-549; 551-555; 557-559; 561-568; 570-572; 574-577; 580; 584-585; 587; 590-601; 603-619; 621-623; 625-632; 634-640; 642-652; 654-658; 660-671; 673-678; 680-684; 686-710; 712-721; 723-736
wta_rankings_83_99.csv,1989-09-11,1,744,354,390,28; 42; 74; 103; 112; 128; 141; 173-174; 180; 186-187; 200-201; 209; 215; 218; 225; 228-231; 233-236; 244; 249-250; 255; 257-260; 262; 265; 268; 270; 278-279; 281-282; 287-291; 293; 295; 299; 305; 307; 311-312; 314; 316; 319-323; 327; 330-338; 340; 342; 345; 347; 349-350; 352; 354-355; 358-363; 368; 370-375; 377; 380-384; 386-392; 397-402; 405-406; 408-422; 424-427; 429-432; 434-442; 444; 446-447; 449-454; 457-458; 460; 462; 465-475; 477-479; 481-482; 484; 487; 489-500; 502-504; 506-509; 511-513; 515; 517-518; 520-523; 525; 527-529; 531; 533-537; 539-540; 542-553; 555-557; 559-566; 568; 570-578; 580-584; 586-588; 590-591; 594; 596-601; 603-606; 608-623; 625-630; 632-634; 636-638; 640; 642-645; 648-654; 657-660; 662-663; 665-677; 679-684; 686-690; 692-693; 695-705; 707-715; 717-726; 728-743
wta_rankings_83_99.csv,1989-09-18,1,744,321,423,17; 20; 28-29; 33; 35; 38; 42; 52; 55; 65; 74; 81; 86; 103; 109-110; 112; 128-129; 140-141; 149; 158; 173-174; 180; 186-187; 200-201; 203; 209; 212; 215; 218; 225; 228-231; 233-236; 242; 244; 248-250; 255; 257-260; 262; 265; 268; 270; 274; 278-279; 281-282; 287-291; 293; 295; 299; 303; 305; 307; 310-312; 314; 316; 319-323; 327; 330-338; 340; 342; 345; 347; 349-352; 354-355; 358-363; 368; 370-375; 377; 380-384; 386-392; 397-402; 404-406; 408-422; 424-427; 429-432; 434-442; 444; 446-447; 449-454; 457-458; 460; 462; 465-475; 477-479; 481-482; 484; 487; 489-500; 502-504; 506-513; 515; 517-518; 520-523; 525; 527-529; 531; 533-537; 539-540; 542-553; 555-557; 559-566; 568; 570-578; 580-584; 586-588; 590-591; 594; 596-601; 603-606; 608-623; 625-630; 632-634; 636-645; 648-654; 656-660; 662-663; 665-677; 679-684; 686-715; 717-726; 728-743
wta_rankings_83_99.csv,1989-09-25,1,749,358,391,32; 92; 94; 112; 130; 145; 174-176; 182; 185; 187; 194; 197; 208-209; 218; 225; 229; 231; 236; 239; 241; 243-244; 248; 253; 256; 259-261; 263; 265-266; 268-269; 273; 275-277; 281; 284-286; 292; 294; 296-297; 301-302; 308-310; 317-323; 327; 329-336; 338-343; 349-350; 353; 355-359; 361; 363-367; 369; 374-375; 377-379; 381-384; 387-390; 392-397; 399; 402-403; 405-407; 410-414; 416-423; 425-432; 434; 436-442; 444-445; 447-453; 457; 460; 462; 465-468; 470-478; 480-484; 486; 488; 490-501; 503; 505-506; 508; 510-511; 513; 515-517; 519-522; 524-525; 527-528; 530; 532-535; 537; 539-546; 548-551; 553; 555-580; 583-586; 588-590; 593-602; 604-606; 608-616; 618-622; 624-626; 629-632; 634-644; 646; 649-653; 655; 657-659; 661-663; 665-673; 675-679; 681-687; 689-693; 695; 697-707; 709-717; 719-729; 731-743; 745-748
wta_rankings_83_99.csv,1989-10-02,1,749,325,424,17; 20; 29; 32-33; 35; 37; 44; 55; 67; 84; 89; 92; 94; 108-109; 112; 129-130; 145; 158; 162-163; 174-176; 182; 185; 187; 194; 197; 200; 208-209; 211; 218; 225; 229; 231; 236; 239; 241-244; 248; 253; 256-257; 259-261; 263; 265-266; 268-269; 273; 275-277; 281; 284-286; 289; 292; 294; 296-298; 301-302; 308-311; 317-323; 327; 329-336; 338-343; 349-350; 352-353; 355-359; 361; 363-367; 369; 374-375; 377-379; 381-384; 387-390; 392-397; 399; 402-407; 410-414; 416-423; 425-432; 434; 436-442; 444-445; 447-453; 457; 460; 462; 465-468; 470-478; 480-484; 486; 488; 490-501; 503; 505-506; 508-513; 515-517; 519-522; 524-525; 527-528; 530; 532-535; 537; 539-546; 548-551; 553; 555-580; 583-586; 588-590; 593-602; 604-606; 608-616; 618-622; 624-626; 629-632; 634-644; 646; 649-655; 657-659; 661-663; 665-679; 681-687; 689-717; 719-729; 731-743; 745-748
wta_rankings_83_99.csv,1989-10-09,1,755,355,400,32; 41; 92; 95; 118; 129; 149; 175-176; 178; 182; 187-188; 200; 209; 218; 224; 226; 232; 236-237; 239; 241; 243; 245-247; 256; 258; 260-264; 266; 268; 270; 273; 275-276; 281-284; 286-287; 292; 295; 298; 300; 304; 307-308; 310; 313; 319; 321; 323-331; 333; 335-343; 346; 348-349; 351-353; 355; 357; 359; 362; 364-365; 368; 370; 372; 374-378; 380; 382; 385-386; 388; 390-394; 396; 398-401; 405-411; 413-418; 421-427; 429-438; 441; 443-444; 446; 448-449; 451-452; 454; 456-457; 461; 463-464; 466-467; 469-472; 474-483; 485-490; 493; 495-511; 513-515; 517-519; 521-528; 531-542; 544-551; 553; 555; 558; 560-573; 575-586; 589-592; 594; 596-597; 599; 601-610; 612; 614-617; 619-628; 631-638; 640-649; 652-660; 662-663; 665-670; 672-680; 682-688; 690-702; 704-708; 710-713; 715-720; 722-728; 730-742; 744-750; 752-754
wta_rankings_83_99.csv,1989-10-16,1,755,322,433,16; 20; 29; 32; 34; 36; 38; 41; 43; 50; 65; 83; 89; 92; 95; 106; 109; 118; 129; 131; 148-149; 162; 164; 175-176; 178; 182; 187-188; 200; 204; 209; 212; 218; 224; 226; 232; 236-237; 239; 241; 243-247; 256; 258-264; 266; 268; 270; 273; 275-276; 281-284; 286-287; 290; 292; 295; 297-298; 300; 304; 307-308; 310-311; 313; 319; 321; 323-331; 333; 335-343; 346; 348-353; 355; 357; 359; 362; 364-365; 368; 370; 372; 374-378; 380-382; 385-388; 390-394; 396; 398-401; 405-411; 413-418; 421-427; 429-438; 441; 443-444; 446; 448-449; 451-452; 454; 456-457; 461; 463-464; 466-467; 469-472; 474-483; 485-490; 493; 495-511; 513-519; 521-528; 531-542; 544-551; 553; 555; 558; 560-573; 575-586; 589-592; 594; 596-597; 599; 601-610; 612; 614-617; 619-628; 631-638; 640-649; 652-670; 672-680; 682-688; 690-702; 704-728; 730-742; 744-750; 752-754
wta_rankings_83_99.csv,1989-10-23,1,756,355,401,35; 87; 93; 118; 132; 149; 178-179; 189-190; 192; 204; 212; 220; 223; 226; 230-231; 235-239; 244; 247; 249; 256-258; 260-261; 263-266; 269-271; 275-276; 282; 284; 286-289; 296; 298; 301; 304; 310-311; 313; 317; 319; 321; 324; 326-327; 330-335; 337-343; 345-347; 349-350; 352-354; 356-357; 359-360; 362; 365-367; 370; 372-373; 375; 377-378; 380; 383; 386-387; 389-391; 393-394; 396-406; 408-409; 411-412; 414; 416-417; 419-420; 422-424; 426-439; 441; 443-444; 447-448; 451; 454-463; 465-466; 468; 470-485; 488-497; 499-502; 504; 506-509; 511-512; 514-526; 528-533; 535-536; 538-544; 547; 551-554; 558-565; 567-575; 577; 579-584; 587-589; 591-602; 604-606; 608-621; 623; 625-627; 629-631; 633-635; 637-641; 643; 645-653; 655-679; 681-685; 687-689; 691-693; 695-699; 701-707; 709-718; 720-727; 729-750; 752-753; 755
wta_rankings_83_99.csv,1989-10-30,1,756,323,433,17; 23-24; 29-30; 34-35; 39; 51; 66; 82; 86-87; 93; 104; 112; 118; 128; 132; 147; 149; 162; 168; 178-179; 189-190; 192; 204; 208; 212; 216; 220; 223; 226; 230-231; 235-239; 242; 244; 247; 249; 256-258; 260-261; 263-266; 269-272; 275-276; 282; 284; 286-289; 294; 296; 298; 300-301; 304; 307; 310-313; 317; 319; 321; 324; 326-327; 330-335; 337-343; 345-347; 349-350; 352-354; 356-360; 362; 365-367; 370; 372-373; 375; 377-380; 383; 386-387; 389-391; 393-394; 396-406; 408-409; 411-412; 414; 416-417; 419-420; 422-424; 426-439; 441; 443-444; 447-448; 451; 454-463; 465-466; 468; 470-485; 488-497; 499-502; 504; 506-509; 511-526; 528-533; 535-536; 538-544; 547; 551-554; 558-565; 567-575; 577; 579-584; 587-589; 591-606; 608-621; 623; 625-627; 629-631; 633-635; 637-641; 643-653; 655-679; 681-685; 687-689; 691-693; 695-699; 701-718; 720-727; 729-750; 752-755
wta_rankings_83_99.csv,1989-11-06,1,742,354,388,33; 89-90; 115; 131; 149; 177; 187-188; 192; 194; 205; 214; 227-228; 230; 232-233; 236-238; 242-243; 245-246; 250; 253-254; 257-263; 269-270; 272; 279; 281-284; 287; 290; 292-293; 295; 299; 306-308; 312-313; 318; 320-321; 325-327; 329-337; 339-343; 345; 347; 349; 351-355; 357; 360; 363-367; 370; 372-373; 375; 379-381; 383-386; 388-389; 391-397; 399-403; 405; 409-410; 414; 416; 418-425; 427-429; 431-440; 442-443; 446; 448-449; 452-455; 457-460; 462; 465-468; 470-492; 494-497; 499-505; 507; 509-510; 512-516; 518-521; 523-525; 527-530; 532-535; 537-539; 541-542; 545-548; 550-557; 559-562; 564-568; 572-574; 576-577; 579-590; 592-593; 595; 598-608; 610-616; 619-620; 622-628; 630-634; 636-637; 639-647; 649-655; 657-673; 675-678; 680-683; 685-687; 689-692; 694-699; 701-737; 739; 741
wta_rankings_83_99.csv,1989-11-13,1,742,323,419,16; 19-20; 28; 31-33; 41; 50; 66; 79; 86; 89-90; 104; 107; 115; 131; 133; 147; 149; 161; 170; 177; 187-188; 192; 194; 205; 209; 214; 217; 227-228; 230; 232-233; 236-238; 242-243; 245-246; 250; 253-254; 257-263; 266; 269-270; 272; 279; 281-284; 287; 289-293; 295; 299; 306-309; 311-313; 318; 320-321; 325-327; 329-337; 339-343; 345; 347; 349; 351-355; 357; 359-360; 363-367; 370; 372-373; 375-376; 379-381; 383-386; 388-389; 391-397; 399-403; 405; 409-410; 414; 416; 418-425; 427-429; 431-440; 442-443; 446; 448-449; 452-455; 457-460; 462; 465-468; 470-492; 494-497; 499-505; 507-510; 512-516; 518-521; 523-525; 527-530; 532-535; 537-539; 541-542; 545-548; 550-557; 559-562; 564-568; 572-574; 576-577; 579-593; 595; 598-608; 610-616; 619-620; 622-628; 630-634; 636-647; 649-655; 657-673; 675-678; 680-683; 685-687; 689-692; 694-737; 739-741
wta_rankings_83_99.csv,1989-11-20,1,749,358,391,34; 89; 109; 114; 129; 147; 177; 188-189; 191; 195; 199; 212; 215; 226; 230; 232-234; 237-240; 243-245; 247; 249-251; 254; 256-258; 260; 272-274; 280; 282-283; 285-287; 289-291; 293; 295; 302; 304; 308; 312; 318-320; 323; 327-330; 332-337; 340; 342-348; 351-354; 356-362; 365-366; 368; 371-373; 376; 378-379; 381; 383-384; 386-392; 394; 396-401; 403-405; 407; 411; 413; 416-431; 433; 436-437; 439-441; 443; 445-446; 448-449; 452-453; 455-457; 459; 461-462; 465-468; 470-471; 473-486; 488-495; 497-499; 501-508; 510-513; 515-517; 520-523; 525-537; 539-541; 543; 545-546; 550-552; 554; 556-557; 559-561; 564-575; 577-583; 585-589; 591; 593-594; 596-597; 599; 601; 603-612; 614-621; 623-631; 634-649; 651-656; 658-668; 670-671; 673-679; 681-682; 684-686; 688-689; 691-694; 696-701; 703-707; 709-714; 716-746; 748
wta_rankings_83_99.csv,1989-11-27,1,749,329,420,16; 19-21; 29; 32; 34; 40; 50; 68; 78; 83; 89; 108-109; 114-115; 129; 133; 147-148; 161; 167; 177; 188-189; 191; 194-195; 199; 212; 215; 218; 226; 230; 232-234; 237-240; 243-245; 247; 249-251; 254; 256-258; 260; 266; 272-274; 277; 280; 282-283; 285-287; 289-291; 293; 295; 297; 302; 304; 308; 310; 312; 314; 318-320; 323; 327-330; 332-337; 340; 342-348; 351-362; 364-366; 368; 371-373; 376; 378-379; 381; 383-384; 386-392; 394; 396-401; 403-405; 407; 411; 413; 416-431; 433; 436-437; 439-441; 443; 445-446; 448-449; 452-453; 455-457; 459; 461-462; 465-468; 470-471; 473-486; 488-495; 497-499; 501-508; 510-517; 520-523; 525-537; 539-541; 543; 545-546; 550-552; 554; 556-557; 559-561; 564-575; 577-583; 585-589; 591; 593-594; 596-597; 599; 601; 603-621; 623-631; 634-649; 651-656; 658-671; 673-679; 681-682; 684-686; 688-689; 691-694; 696-701; 703-707; 709-714; 716-746; 748
wta_rankings_83_99.csv,1989-12-04,1,754,364,390,34; 88; 108; 111; 129; 148; 177; 188; 190-191; 194; 197; 199; 203; 216; 218; 227-229; 233-234; 236-237; 240-241; 244; 246-247; 249; 251; 255-256; 258; 263; 265; 271; 274-275; 277; 281; 285-291; 298-299; 304-305; 309-310; 314; 317-318; 322-325; 327-331; 334; 336; 338-345; 347; 349-351; 353-362; 365; 368-369; 371; 373; 376; 378; 380-381; 384-387; 389; 391-397; 400-402; 404-406; 409-410; 412-414; 417-420; 422-424; 426-429; 431-434; 437-439; 441-446; 448; 450; 453-454; 456-457; 460-461; 463-465; 467-468; 470-471; 473-482; 484-493; 496-499; 501; 503-510; 512; 514-516; 518-519; 522-524; 526; 529-539; 541-546; 550-552; 554; 556-557; 559-560; 562-564; 566-571; 573-587; 589-590; 592-595; 597; 599-601; 603-604; 606-614; 616; 618-633; 636-646; 648-650; 652; 654-656; 658-667; 669-670; 672-674; 676-686; 688-690; 693-699; 701-705; 707-711; 713-716; 718-729; 731-743; 745; 747-751; 753
wta_rankings_83_99.csv,1989-12-11,1,754,335,419,16; 19-21; 29; 32; 34; 40; 50; 67; 78; 83; 88; 108; 111-112; 115; 129; 133; 148-149; 161; 167; 177; 188-191; 194; 197; 199; 203; 216; 218; 223; 227-229; 233-234; 236-237; 240-241; 244; 246-247; 249; 251; 254-256; 258; 263; 265; 271; 274-275; 277-278; 281; 285-291; 295; 298-299; 304-305; 307; 309-310; 313-314; 317-318; 322-325; 327-331; 334; 336; 338-345; 347; 349-363; 365; 368-369; 371; 373; 376; 378; 380-381; 384-387; 389; 391-397; 400-402; 404-406; 409-410; 412-414; 417-420; 422-424; 426-429; 431-434; 437-439; 441-446; 448; 450; 453-454; 456-457; 460-461; 463-465; 467-468; 470-471; 473-482; 484-493; 496-499; 501; 503-510; 512; 514-516; 518-519; 522-524; 526; 529-539; 541-546; 550-552; 554; 556-557; 559-560; 562-564; 566-571; 573-587; 589-590; 592-595; 597; 599-601; 603-604; 606-616; 618-633; 636-646; 648-650; 652; 654-656; 658-667; 669-674; 676-686; 688-690; 693-699; 701-705; 707-711; 713-716; 718-729; 731-745; 747-751; 753
wta_rankings_83_99.csv,1989-12-18,1,773,370,403,34; 86; 109; 112; 130; 150; 185; 197-198; 200-201; 203-204; 207; 218; 220; 226; 229; 233-236; 238; 240-242; 244; 247; 249-250; 252; 255; 259-260; 262; 267; 269; 272; 275; 277-278; 283; 286; 289-291; 293-295; 302-303; 308; 312; 315; 317; 319-320; 324; 326-330; 332; 334; 336-338; 340; 342; 344-348; 350-352; 354-357; 359-362; 365-367; 369-373; 376; 378-380; 383; 385-386; 389-391; 394-401; 403-404; 406; 409-410; 413-414; 416; 418-419; 421-427; 429-430; 432-441; 445-448; 450-452; 454-455; 457; 459-460; 463-464; 466-468; 471-472; 474-475; 477; 479; 481; 483-487; 489-491; 493-503; 505-511; 513-515; 519-523; 525-528; 530-533; 535-543; 546-556; 558-565; 569; 571-573; 576-578; 580; 582-585; 588-604; 606; 608-612; 614; 616-618; 620-628; 632-646; 648-650; 653-663; 665; 668-671; 673-683; 685-687; 689-694; 696-702; 704-707; 709-713; 715-720; 722-725; 727-730; 732-736; 739-747; 749-764; 766-770; 772
wta_rankings_83_99.csv,1989-12-25,1,773,341,432,16; 19-21; 29; 32; 34; 40; 50; 68; 78; 82; 86; 109; 112-113; 116; 130; 134; 150-151; 165; 170; 176; 185; 197-198; 200-201; 203-204; 207; 218; 220; 224; 226; 229; 233-236; 238; 240-242; 244; 247; 249-250; 252; 255; 258-260; 262; 267; 269; 272; 275; 277-278; 283; 286; 289-295; 299; 302-303; 308; 310; 312; 314-315; 317; 319-320; 324; 326-330; 332; 334; 336-338; 340; 342; 344-348; 350-352; 354-362; 365-373; 376; 378-380; 383; 385-386; 389-391; 394-401; 403-404; 406; 409-410; 413-414; 416; 418-419; 421-427; 429-430; 432-441; 445-448; 450-452; 454-455; 457; 459-460; 463-464; 466-468; 471-472; 474-475; 477; 479; 481; 483-487; 489-491; 493-503; 505-511; 513-515; 519-523; 525-528; 530-533; 535-543; 546-556; 558-565; 569; 571-573; 576-578; 580-585; 588-604; 606; 608-612; 614; 616-618; 620-629; 632-646; 648-650; 653-663; 665; 668-671; 673-683; 685-687; 689-694; 696-702; 704-707; 709-713; 715-720; 722-725; 727-730; 732-736; 738-747; 749-764; 766-770; 772
wta_rankings_83_99.csv,1990-01-01,1,773,341,432,16; 19-21; 29; 32; 34; 40; 50; 68; 78; 82; 86; 109; 112-113; 116; 130; 134; 150-151; 165; 170; 176; 185; 197-198; 200-201; 203-204; 207; 218; 220; 224; 226; 229; 233-236; 238; 240-242; 244; 247; 249-250; 252; 255; 258-260; 262; 267; 269; 272; 275; 277-278; 283; 286; 289-295; 299; 302-303; 308; 310; 312; 314-315; 317; 319-320; 324; 326-330; 332; 334; 336-338; 340; 342; 344-348; 350-352; 354-362; 365-373; 376; 378-380; 383; 385-386; 389-391; 394-401; 403-404; 406; 409-410; 413-414; 416; 418-419; 421-427; 429-430; 432-441; 445-448; 450-452; 454-455; 457; 459-460; 463-464; 466-468; 471-472; 474-475; 477; 479; 481; 483-487; 489-491; 493-503; 505-511; 513-515; 519-523; 525-528; 530-533; 535-543; 546-556; 558-565; 569; 571-573; 576-578; 580-585; 588-604; 606; 608-612; 614; 616-618; 620-629; 632-646; 648-650; 653-663; 665; 668-671; 673-683; 685-687; 689-694; 696-702; 704-707; 709-713; 715-720; 722-725; 727-730; 732-736; 738-747; 749-764; 766-770; 772
wta_rankings_83_99.csv,1990-01-08,1,773,370,403,35; 80; 88; 113; 118; 128; 149; 187; 196; 201-202; 204; 206; 208; 210; 222-223; 226; 229; 233-236; 238; 240-242; 246-247; 250; 257-260; 262; 266-269; 272; 277-278; 284; 289-295; 302-303; 308; 312-313; 316; 319; 323-327; 329-333; 335-336; 338; 340-342; 344-345; 348-352; 354; 356-360; 362; 365-367; 369-374; 377; 380-383; 388; 390-392; 395-396; 398-403; 405-407; 409; 411-412; 415; 417-420; 422-428; 430-431; 433-443; 447-449; 451-453; 456; 458; 460-461; 464-465; 467-469; 473; 475-476; 478; 480; 482; 484-489; 491-494; 496-506; 508-515; 517; 520-528; 530-534; 536-542; 545-547; 549-557; 559-566; 568; 570; 572-573; 576-578; 580; 582-585; 588-602; 604-605; 607-612; 615-617; 619-626; 630-645; 647-649; 651; 653-663; 665; 668-671; 673-683; 685-686; 688; 690-694; 696-702; 704-707; 709-711; 713-714; 716-720; 722-725; 727-731; 733-737; 739-747; 749-763; 765-769; 771-772
wta_rankings_83_99.csv,1990-01-15,1,773,341,432,16; 20-22; 29; 33; 35; 44; 49; 63; 74; 80; 88; 113-114; 117-118; 128; 141; 149-150; 163; 169-170; 187; 196; 201-202; 204; 206; 208; 210; 222-223; 226; 229; 233-236; 238; 240-242; 246-247; 250; 257-260; 262; 264; 266-269; 272; 277-278; 281; 284; 286; 289-295; 299; 302-303; 308; 310; 312-313; 315-316; 319; 323-327; 329-333; 335-336; 338; 340-342; 344-345; 348-352; 354; 356-362; 365-374; 377; 380-383; 388; 390-392; 395-396; 398-403; 405-407; 409; 411-412; 415; 417-420; 422-428; 430-431; 433-443; 447-449; 451-453; 456; 458; 460-461; 464-465; 467-469; 473; 475-476; 478; 480; 482; 484-489; 491-494; 496-506; 508-515; 517; 520-528; 530-534; 536-542; 545-547; 549-557; 559-566; 568; 570; 572-573; 576-578; 580-585; 588-602; 604-605; 607-612; 615-617; 619-627; 630-645; 647-649; 651; 653-663; 665; 668-671; 673-683; 685-688; 690-694; 696-702; 704-707; 709-714; 716-720; 722-725; 727-731; 733-737; 739-747; 749-763; 765-769; 771-772
wta_rankings_83_99.csv,1990-01-22,1,777,371,406,35; 80; 100; 114; 116; 122; 149; 155; 188; 194; 200-201; 203; 207; 209-210; 221-222; 226; 229; 233-236; 238; 240-242; 246; 248; 250; 256; 258-260; 262; 265-267; 269; 271; 276-277; 282; 287-290; 292-293; 296; 301-302; 304; 311-312; 314; 316; 319; 324-328; 330-333; 335-337; 339; 341-342; 344-345; 348-352; 354-355; 357-361; 363-364; 367-368; 370; 372-374; 376; 378; 380-383; 388-389; 391-393; 396-398; 400-402; 404; 406; 408; 410; 412-413; 416; 418-422; 424-431; 433-435; 437-449; 453-456; 459; 462-464; 467-469; 471-472; 477-478; 483-489; 491-495; 497-508; 510-518; 520-521; 524-530; 532-535; 538-547; 549-551; 553-559; 561-568; 570; 572; 574; 577-581; 583-585; 587-591; 594; 596-605; 607; 609-610; 612-617; 620-630; 634-647; 649; 651-652; 654; 656-667; 670-674; 676-687; 689-690; 692-693; 695-699; 701-706; 708-711; 713-715; 717-718; 720-723; 725-727; 729-732; 734-738; 740-748; 750-766; 768-773; 775-776
wta_rankings_83_99.csv,1990-01-29,1,777,343,434,18-19; 22-23; 30; 33; 35; 47; 50; 68; 73; 80; 100; 114-116; 119; 122; 135; 149-150; 155; 158; 165; 171; 188; 194; 200-201; 203; 207; 209-210; 221-222; 226; 229; 233-236; 238; 240-242; 246; 248; 250; 256-260; 262; 265-267; 269; 271; 276-277; 282-283; 285; 287-290; 292-293; 296; 298; 301-302; 304; 309; 311-314; 316; 319; 324-328; 330-333; 335-337; 339; 341-342; 344-345; 348-352; 354-355; 357-364; 367-370; 372-374; 376; 378; 380-383; 388-389; 391-393; 396-398; 400-402; 404; 406; 408; 410; 412-413; 416; 418-422; 424-431; 433-435; 437-449; 453-456; 459; 462-464; 467-469; 471-472; 477-478; 483-489; 491-495; 497-508; 510-518; 520-521; 524-530; 532-535; 538-547; 549-551; 553-559; 561-568; 570; 572; 574; 577-581; 583-591; 594; 596-605; 607; 609-610; 612-617; 620-631; 634-647; 649; 651-652; 654; 656-667; 670-674; 676-687; 689-690; 692-693; 695-699; 701-706; 708-711; 713-718; 720-723; 725-727; 729-732; 734-738; 740-748; 750-766; 768-773; 775-776
wta_rankings_83_99.csv,1990-02-05,1,783,372,411,43; 85; 98; 110; 114; 118; 189; 191; 194; 199; 204; 206-207; 213; 215; 223; 228; 230-231; 233; 235; 237-240; 242; 245; 247; 249; 254-255; 257; 259; 261-262; 266-268; 271; 277-280; 285; 287; 290-291; 293; 296-297; 299; 301; 303; 306-307; 310; 315-316; 322-323; 325; 328-329; 331-332; 334-337; 340-344; 346-347; 349; 351-355; 357-358; 360-361; 363; 366-368; 371-372; 374-378; 380-381; 383-384; 386-391; 394-395; 398; 400-403; 408; 411-413; 416-421; 423-430; 432-442; 446-447; 449-451; 455-457; 460-461; 463-466; 468; 471-472; 474; 476-484; 486-488; 490-494; 496-505; 508-509; 511-514; 516-517; 519-522; 525-530; 532; 534; 536-542; 544-549; 552-559; 561-563; 565-567; 569; 571; 573-574; 576-577; 579-583; 585-587; 589-593; 595-603; 605-606; 608-610; 613-616; 618-620; 622-628; 631-647; 649-650; 655-668; 670-671; 673; 676-680; 682-687; 689-691; 693; 695-696; 698-702; 704-707; 709-721; 723-728; 730-736; 738-744; 746-753; 755-771; 773-778; 780-782
wta_rankings_83_99.csv,1990-02-12,1,783,341,442,17-18; 22; 24; 31-32; 43; 46; 48; 62; 68; 75; 85; 98; 110; 114; 116; 118; 123; 145; 148; 165; 178; 189; 191; 194; 197; 199; 204; 206-207; 213; 215; 223; 228; 230-231; 233; 235; 237-240; 242; 245; 247; 249; 254-255; 257; 259; 261-263; 266-268; 271; 277-280; 284-285; 287; 290-291; 293; 296-297; 299; 301-303; 306-307; 310; 313; 315-316; 318; 322-323; 325; 328-329; 331-332; 334-337; 340-344; 346-347; 349; 351-355; 357-358; 360-363; 366-369; 371-372; 374-378; 380-381; 383-384; 386-391; 394-395; 398; 400-403; 408; 411-413; 416-421; 423-430; 432-442; 446-447; 449-451; 455-457; 460-461; 463-466; 468; 471-472; 474; 476-484; 486-488; 490-494; 496-505; 508-509; 511-514; 516-517; 519-522; 525-530; 532; 534; 536-542; 544-549; 552-563; 565-567; 569-571; 573-574; 576-577; 579-583; 585-593; 595-603; 605-606; 608-610; 613-616; 618-620; 622-629; 631-647; 649-651; 655-668; 670-673; 676-680; 682-687; 689-691; 693; 695-696; 698-702; 704-707; 709-721; 723-728; 730-736; 738-744; 746-753; 755-771; 773-778; 780-782
wta_rankings_83_99.csv,1990-02-19,1,779,372,407,40; 54; 87; 98; 117; 122; 172; 197; 200; 202; 204; 206; 212; 216-217; 221-222; 227-228; 230; 234-236; 238; 241; 243-244; 246; 249; 252-253; 255-258; 262; 267-268; 271; 274; 276-278; 284; 287-288; 291-292; 294-295; 302-303; 305; 310-311; 313-314; 318; 322; 325-326; 328-330; 332-333; 335-336; 338-342; 344; 347; 349-355; 357-358; 360-361; 364; 367; 369-371; 373-374; 376; 378; 380; 382-388; 391-395; 397-398; 401-402; 405; 407-409; 411-414; 416-419; 421; 423-427; 429-441; 445-446; 448-449; 451-452; 455-458; 460-464; 467; 469-470; 473-480; 482-487; 489-498; 500-503; 505-508; 510-512; 514-517; 521-524; 527-532; 534; 538-549; 551-559; 561-564; 567; 569-570; 572; 574-575; 578-580; 583-584; 586-590; 592-597; 599-602; 604; 606-612; 614; 616-623; 625; 627-628; 630-642; 644-645; 649-656; 658-661; 664-666; 668-669; 672-676; 678-682; 684-687; 689-690; 692-696; 698-702; 704-711; 713-715; 717-723; 725-729; 731-737; 739-747; 749-766; 768-773; 775-778
wta_rankings_83_99.csv,1990-02-26,1,779,340,439,18; 20-21; 26; 29; 31; 40; 46; 52; 54; 60; 67; 75; 83; 87; 98; 117; 121-122; 147; 152; 162; 172; 179; 195; 197; 200; 202; 204; 206; 212; 216-217; 221-222; 227-228; 230; 234-236; 238; 241; 243-244; 246; 249-250; 252-253; 255-258; 262; 267-268; 271; 274; 276-278; 282; 284; 287-288; 291-292; 294-295; 298; 302-303; 305; 307; 310-311; 313-314; 316; 318; 322; 325-326; 328-330; 332-333; 335-336; 338-342; 344; 347; 349-355; 357-361; 364-365; 367; 369-371; 373-374; 376; 378; 380; 382-388; 391-395; 397-398; 401-402; 405; 407-409; 411-414; 416-419; 421; 423-427; 429-441; 445-446; 448-449; 451-452; 455-458; 460-464; 467; 469-470; 473-480; 482-487; 489-498; 500-503; 505-508; 510-512; 514-517; 521-524; 527-532; 534; 538-549; 551-559; 561-564; 566-567; 569-570; 572; 574-576; 578-580; 583-590; 592-597; 599-602; 604; 606-612; 614; 616-625; 627-628; 630-642; 644-646; 649-656; 658-661; 664-669; 672-676; 678-682; 684-687; 689-690; 692-696; 698-702; 704-715; 717-723; 725-729; 731-737; 739-747; 749-766; 768-773; 775-778
wta_rankings_83_99.csv,1990-03-05,1,785,373,412,39; 53; 95; 115; 121; 131; 172; 192; 197; 200; 203; 214; 216-218; 220; 222; 224; 226; 229; 231; 233; 236; 240; 242; 244-246; 249; 251; 256-258; 260; 265; 268; 273-276; 282; 284; 286; 288-289; 292; 295-298; 301; 304-305; 307-310; 312; 314; 319-320; 322; 325; 328; 332-334; 336-340; 343-344; 346; 348-354; 358; 361; 366-379; 382-392; 394; 396-398; 404-406; 408-409; 411-413; 416-417; 419-421; 423-425; 427-448; 452-454; 456; 458; 461; 463-468; 470; 472-474; 476; 478-479; 481-482; 484-489; 491; 493-497; 499-503; 506-511; 513-516; 518; 520-521; 523-526; 528; 531-532; 534-535; 538-546; 548-555; 557-562; 564; 566-567; 569; 571-577; 579; 581-583; 586-592; 595-598; 600-603; 605; 607-609; 611-622; 624-627; 629; 631-633; 635-639; 641-642; 644-647; 650-651; 653-661; 663-664; 666; 668-670; 672-679; 681-686; 688-692; 694; 696; 698-700; 702-703; 705-716; 718-722; 724-725; 727-736; 738; 740-742; 744-750; 752-758; 760-772; 774-779; 781-784
wta_rankings_83_99.csv,1990-03-12,1,789,373,416,38; 46; 92; 112; 119; 171; 173; 182; 195; 198; 201; 204; 209; 215; 217-218; 221; 223; 226; 229-231; 234-235; 238; 245-246; 249-250; 253; 257; 259-260; 264; 266-267; 269; 274; 276-278; 282; 284; 286-287; 289; 293-294; 299-301; 304; 306-307; 310-313; 316; 320; 322-323; 326-327; 329; 331; 333; 335-336; 338-339; 342-344; 347-348; 351-354; 357-358; 361; 363; 366; 368-376; 379-381; 383-391; 393-395; 397-398; 400; 404; 407-411; 413; 415-416; 418-419; 421; 423-430; 432-446; 448-451; 455-456; 458-459; 461-469; 472-473; 476-487; 489; 491-498; 501-503; 506-513; 515-516; 518; 520-525; 527; 530-532; 536-540; 542-546; 548-553; 556-560; 562; 564-566; 568-570; 572-577; 579; 581-584; 587-594; 598-604; 606-607; 609-611; 613-622; 624-628; 630; 632-635; 637-643; 645-647; 649-652; 655-657; 659-667; 669; 672-673; 675-676; 678-682; 684-688; 690-695; 697; 699; 701-703; 705-707; 709-720; 722-727; 729-730; 732-743; 746-754; 756-762; 764-777; 779-784; 786-788
wta_rankings_83_99.csv,1990-03-19,1,792,376,416,38; 40; 91; 118; 123; 171; 180; 194; 197; 200; 203; 209; 215; 217-218; 222; 224-226; 231-232; 235; 237; 241; 247; 250-252; 255; 258-260; 265-267; 269; 274-276; 278; 282-284; 287-288; 290; 292; 294-295; 303-305; 307; 309; 311; 313-314; 320-321; 323-324; 327; 329-331; 333; 335-336; 339-342; 344; 346; 349-350; 352-354; 359-361; 363; 365; 368-369; 371; 373-376; 378-384; 387-392; 394-401; 405; 407-411; 414; 416; 418-421; 423-424; 426-431; 433-449; 453-456; 458-461; 463-464; 468-473; 475; 478; 480-485; 487-490; 492; 494-503; 507; 510-519; 521; 523-526; 528; 531-532; 534-535; 538-542; 544-549; 552-556; 558-559; 562-567; 569; 571-581; 583-586; 588; 590-596; 598-604; 606; 608-609; 611; 613-614; 616-619; 622-633; 635; 637-640; 642-645; 647-648; 650-651; 653-656; 659-661; 663-664; 666-672; 674-675; 678-679; 681-687; 689-693; 695-699; 701-705; 707-710; 712-723; 725-730; 732-733; 735-746; 749-757; 759-765; 767-780; 782-787; 789-791
wta_rankings_83_99.csv,1990-03-26,1,796,378,418,38; 44; 88; 117; 126; 167; 194; 199-201; 207; 214; 216-217; 222; 224-225; 231-232; 236-238; 240; 242; 247; 253-254; 256; 258; 260; 266-268; 270; 274-276; 279; 282-285; 287-288; 290; 294-295; 300; 302-303; 306-307; 309-310; 312-313; 319-320; 323; 325-326; 328; 330-332; 334; 336; 339-340; 342; 344-345; 347; 349; 351-355; 360; 362-363; 368-375; 377-379; 381-383; 386-393; 396; 398-400; 402-403; 406; 408-412; 415-417; 420-425; 427; 429-432; 434-435; 437-448; 450-454; 458-464; 467-469; 471-478; 480-481; 483; 485-489; 491-494; 496-504; 506; 511; 514-520; 522; 524-530; 533; 535-537; 540-544; 546-549; 552-556; 558-559; 563-565; 567; 569-580; 582-585; 587; 589-595; 597-603; 606; 608-613; 615-619; 621; 623-625; 627-634; 636-637; 640-651; 653-654; 656-659; 662-664; 666-675; 677-679; 682-684; 686-692; 695-698; 700-704; 706-709; 711-716; 718-727; 729-734; 736; 738-750; 753-763; 765-772; 774-787; 790-795
wta_rankings_83_99.csv,1990-04-02,1,793,377,416,39; 44; 88; 118; 127; 167; 194; 198-199; 204; 208; 211; 216; 219-220; 222-224; 229-230; 234-235; 237; 239; 242; 246; 249-250; 254; 259; 263-265; 267; 272-273; 276; 279-283; 286; 289; 291; 293-294; 296; 300-301; 303-304; 306-307; 309; 311; 318-319; 322; 324-326; 330-335; 339; 342; 344; 346; 349; 351; 353-357; 360; 363; 367-375; 377-379; 381-382; 385-391; 394; 396-397; 399-401; 403-404; 406; 408-412; 415-416; 418-422; 425; 427; 429-433; 435; 437; 439-455; 459-464; 466-469; 471-477; 479-480; 483-492; 494-502; 504-506; 511; 514-520; 522; 524-532; 534; 537; 539-540; 543-545; 547-550; 554-561; 563-564; 566-569; 571-581; 583-586; 588; 590-594; 596-599; 601-603; 606; 608-609; 611-614; 616-620; 622-625; 627-635; 637; 640-650; 652-653; 655-659; 662-664; 666-675; 677-679; 681; 683-685; 687-693; 696-699; 701-704; 706-709; 711-714; 716-726; 728-733; 735; 737-749; 752-761; 763-770; 772-785; 788-792
wta_rankings_83_99.csv,1990-04-09,1,795,380,415,39; 46; 88; 121; 129; 165; 180; 193; 196; 201; 204; 208; 212; 219-220; 223-225; 227-228; 231; 234; 239; 242-243; 246-247; 249-250; 263-265; 268; 271; 274; 278-279; 282-286; 288; 292; 295; 297-299; 306-308; 310-314; 322; 325-331; 333-336; 338; 342; 348-349; 351; 354-355; 357-359; 361-362; 364-365; 370-371; 374-378; 380-382; 384-385; 388-398; 400; 402-404; 407; 409-413; 416-419; 421-423; 425-426; 430; 432-438; 440; 443-453; 455-459; 462-467; 469-477; 479-481; 484; 486-496; 499-507; 509-511; 515; 518-525; 529-536; 538; 540-541; 544; 546-547; 549-552; 555-562; 564-566; 568-569; 571-572; 574-583; 585-589; 591; 593-596; 598-601; 603-604; 606; 608-609; 611-616; 618-621; 623-626; 628-636; 638; 641; 643-651; 653-655; 657-661; 663-665; 667-676; 678-679; 683-686; 688-694; 697-700; 702-705; 707-710; 712-715; 717-727; 729-734; 736; 738-750; 753-763; 765-772; 774-787; 790-794
wta_rankings_83_99.csv,1990-04-16,1,793,378,415,43; 46; 94; 116; 118; 134; 168; 176; 195; 201; 205-207; 216-220; 222; 225-226; 231-232; 239; 242-244; 249-250; 257; 261-262; 265; 269; 273-276; 278-279; 282; 284; 286; 295; 297-298; 302-305; 307; 309; 311-313; 315; 318; 320-321; 323; 326; 328; 331; 335-339; 342-343; 345; 349-353; 357; 359-360; 363; 365-367; 369; 371; 373; 376-378; 381-384; 387-396; 398; 400-401; 403-405; 407; 410-413; 416; 418-423; 425-427; 431; 433-440; 442; 445-459; 462-467; 469; 471-477; 479-481; 484; 486-494; 497-506; 508; 510; 513; 516-525; 529-535; 537-539; 543; 545-546; 548-551; 553-560; 562-566; 568-569; 571; 573-580; 582-585; 587; 589-593; 595; 597-604; 606; 608-614; 616-622; 624-634; 638; 640-641; 643-649; 651-652; 654-658; 660-662; 664-675; 677-679; 682; 684-688; 690-695; 698-701; 703-706; 708-712; 714-716; 718-727; 729-734; 736; 738-751; 754-765; 767-774; 776-788; 790-792
wta_rankings_83_99.csv,1990-04-23,1,790,377,413,44; 47; 49; 79; 100; 118; 135; 149; 183-184; 197; 202; 205-206; 213; 215-216; 219-220; 222; 224-225; 231-232; 235; 238; 242-244; 253; 257; 261; 263; 266-267; 269; 271; 273; 275-277; 280; 283-284; 288; 290-291; 295; 297; 299-300; 305-306; 308; 311; 313-315; 318-319; 323; 325-326; 330; 332; 334; 337-340; 344-345; 347-349; 352; 355; 357-358; 360-365; 367; 369; 372; 374; 377-381; 384-387; 389-392; 394-395; 397; 399; 401-404; 409-411; 414; 417-428; 430; 432-436; 438-441; 443; 448-458; 460-467; 470-475; 477-479; 481-482; 484-485; 488-492; 495-503; 505-506; 508-510; 514; 517-520; 522-523; 525-527; 530-535; 537-539; 543-551; 553-563; 565-570; 572-579; 581-582; 584-588; 590; 592-594; 596; 598-604; 606; 608-614; 616-618; 620-623; 625-634; 637-645; 647-648; 650-655; 657-658; 660-669; 671-672; 674-677; 681; 683-688; 690-693; 696-699; 701-703; 705-710; 712-714; 716-725; 727-733; 736-749; 752-763; 765-773; 775-786; 788-789
wta_rankings_83_99.csv,1990-04-30,1,788,374,414,42; 48; 66; 97; 118; 135; 143; 176-177; 190; 195; 197; 202; 204; 209-211; 216; 219; 221; 225; 229; 234; 238-239; 241-242; 248; 254; 260-261; 264-265; 267-271; 273; 275; 278-281; 284; 286; 288; 290; 295-296; 298; 303-304; 307-309; 311; 313-314; 316; 319; 328-329; 332-333; 335-337; 342-343; 345-346; 348; 350; 352-355; 357-359; 361-362; 364-367; 370; 373; 376-378; 380; 382; 384-391; 393; 396-400; 402; 406; 409-411; 415-428; 431-435; 437-439; 441-442; 444-450; 452-455; 457-462; 465-477; 479; 481-484; 487-489; 491-492; 494-501; 503-505; 510-511; 513-514; 516-519; 524-528; 530-531; 533; 535-536; 538; 540; 542-543; 545-562; 564-579; 581-584; 586; 588-592; 594-600; 602; 604-605; 607-612; 614-620; 622; 625-631; 633; 635-637; 639-646; 648-649; 651-656; 658-659; 661-673; 676; 678-682; 684-687; 690-693; 695-697; 700; 702-707; 709; 711-712; 714-716; 718-724; 726-732; 734-746; 749-760; 762-770; 772-787
wta_rankings_83_99.csv,1990-05-07,1,795,379,416,39; 48; 65; 97; 116; 136-137; 172; 180; 190; 194; 197; 199; 201; 215; 217-218; 220; 223; 225-226; 229; 231; 238; 241; 243-245; 248; 250; 259-260; 265; 268-271; 273-274; 277; 279; 282-283; 285; 288; 290-292; 294; 300; 304-305; 307; 311-313; 315-317; 319; 323; 326; 329; 332-333; 335-337; 340; 344-345; 347-348; 350; 352-353; 355-357; 359-360; 362-363; 365-369; 372; 375; 377-379; 382; 384; 386-387; 389-396; 398; 400; 402-404; 406; 411; 414-415; 418; 420-430; 432-438; 440; 442-443; 447-455; 458; 460-468; 471-480; 482-483; 486-487; 489-493; 495; 497-505; 507-509; 514-517; 519-521; 523-524; 526; 528-529; 531-535; 537-538; 540; 543-545; 547; 549; 551-585; 587-589; 591; 593-597; 599-604; 606-607; 609-610; 612-616; 618-625; 627; 630-636; 638; 640-642; 644; 646-654; 656-657; 659-664; 666-667; 669-678; 680-682; 685; 687-691; 693-697; 699; 701-703; 705-707; 709-714; 717-718; 720-722; 725-732; 734-740; 742-754; 757-768; 770-777; 779-790; 792-794
wta_rankings_83_99.csv,1990-05-14,1,797,378,419,38; 47; 63; 95; 117; 137; 139; 161; 179; 190; 193; 196; 198; 200; 213-214; 216; 219; 221; 224-225; 228; 234; 239-240; 243-245; 247; 251; 259-260; 264; 267; 269-271; 273; 275; 277; 279; 281-282; 284; 286; 288-290; 295; 298-299; 305-306; 311-314; 316-317; 319; 324; 330; 332-333; 335-336; 338; 340; 344-346; 348-349; 351; 353-356; 358-359; 361-362; 364-368; 371; 375; 377-379; 381; 383; 385-394; 396; 398; 400; 403-406; 411; 414-418; 422-430; 432-433; 435-439; 441; 443; 448-456; 458; 461; 463-479; 481-484; 487-492; 494; 496-504; 506-509; 513; 515-517; 519-522; 524; 526-527; 529-534; 536-537; 539; 542-544; 546-547; 549; 551-584; 586-589; 591; 593-598; 600-605; 607; 609; 611-612; 614-618; 620-624; 626-629; 632-638; 640; 642-644; 646-655; 657-659; 661-665; 667-668; 670-678; 680-682; 685; 687-691; 693-697; 699; 701-704; 706-708; 710-716; 719-720; 722-723; 725-732; 734-740; 742-755; 759-770; 772-779; 781-792; 794-796
wta_rankings_83_99.csv,1990-05-21,1,799,378,421,36; 48; 60; 97; 116; 134; 139; 162; 177; 188; 190; 200; 204; 214-216; 219; 221; 223; 226-227; 230; 232; 234; 239; 241; 243-244; 247; 255; 257; 261-262; 264-268; 271-272; 274; 276; 278; 281; 284-285; 288-289; 295-296; 300-301; 304; 310; 313; 315-316; 318-320; 327; 333; 335; 337; 339-343; 347-351; 353; 355-357; 359-360; 363; 365-368; 371; 374; 376-378; 380-381; 383-384; 386-395; 397; 403-404; 406; 408; 410; 412-414; 416-417; 420-423; 426-430; 432-435; 437-440; 442-445; 447; 450; 452; 454-458; 460; 463-469; 471-484; 487-490; 493-502; 504-507; 511; 513-515; 517-519; 521-523; 525; 527-532; 534-535; 537-539; 541-542; 544; 546-564; 566-569; 571-581; 583-587; 589-594; 596-603; 605-607; 610-611; 613-616; 618-623; 625-629; 631-637; 639; 641-643; 645-654; 656-658; 660-663; 665-666; 668-677; 679-680; 683-684; 686-690; 693-697; 700-704; 706-708; 710-716; 719-721; 723; 725-732; 734-741; 743-756; 760-772; 774-781; 783-794; 796-798
wta_rankings_83_99.csv,1990-05-28,1,802,378,424,37; 48; 63; 102; 116; 134; 140; 165; 179; 187-188; 201; 208; 213; 215-216; 218; 220; 222; 224; 227; 229; 231; 233; 237; 240; 242-243; 246; 255; 257; 261-262; 264; 267-271; 273-275; 277-278; 284-286; 289-290; 295-296; 300-301; 304; 310; 313; 315-316; 318-319; 324; 326; 329; 332; 337-341; 345-349; 352; 354-357; 359-360; 363; 365-369; 372-373; 377; 379-381; 383-384; 388; 390-398; 402; 404-405; 407-408; 410; 412-413; 415; 417; 420-422; 424-426; 429; 431; 433-437; 439-441; 443-447; 449; 452; 454-459; 462-468; 470-481; 483; 486-490; 494-502; 504-508; 514-515; 517-518; 520-521; 523-524; 526-533; 535-542; 544-545; 547-560; 562-565; 567-570; 572-581; 583-587; 589-595; 597-606; 608-610; 613-614; 616-619; 621-625; 627-631; 633-637; 639; 642-644; 646-658; 660-664; 666-677; 679-682; 685-690; 692-693; 696-699; 702-706; 708-710; 712-717; 719-722; 724; 726-735; 737-744; 746-759; 763-775; 777-784; 786-797; 799-801
wta_rankings_83_99.csv,1990-06-04,1,802,348,454,17-18; 28-29; 34; 37; 42; 44; 47-48; 62-63; 74; 79; 90; 97; 102; 116; 134; 140; 142; 149; 165; 170; 176; 179; 187-188; 201; 205; 208; 213; 215-216; 218; 220; 222; 224; 227-229; 231; 233; 237; 240; 242-243; 246; 255-257; 261-262; 264; 267-271; 273-275; 277-278; 284-286; 289-290; 295-296; 300-302; 304; 310; 313; 315-316; 318-319; 323-324; 326; 329; 332; 337-341; 343; 345-349; 352; 354-357; 359-360; 363; 365-370; 372-373; 377; 379-381; 383-385; 388; 390-398; 402; 404-405; 407-408; 410; 412-413; 415; 417; 420-427; 429; 431; 433-437; 439-441; 443-447; 449; 452; 454-459; 462-468; 470-481; 483; 486-490; 492; 494-502; 504-508; 514-515; 517-518; 520-521; 523-524; 526-533; 535-542; 544-545; 547-560; 562-565; 567-570; 572-581; 583-587; 589-595; 597-606; 608-610; 613-614; 616-619; 621-625; 627-631; 633-637; 639; 642-644; 646-658; 660-677; 679-682; 685-690; 692-693; 696-699; 702-706; 708-710; 712-717; 719-722; 724; 726-735; 737-744; 746-759; 763-775; 777-797; 799-801
wta_rankings_83_99.csv,1990-06-11,1,809,380,429,38; 44; 64; 102; 131; 138; 146; 165; 181; 189; 191; 196; 208; 212; 215-218; 222; 225-227; 231-232; 241; 243-244; 250; 255-261; 266; 270; 272-275; 277-278; 280-281; 286; 288; 290; 293; 297-298; 301-304; 306-307; 319; 322-324; 326; 328; 331; 335; 337; 343-347; 350-353; 356-361; 363-364; 366-369; 373; 376-377; 380-382; 384-386; 388; 390-391; 393-399; 402; 405; 409-410; 413; 415-416; 418-421; 423; 425; 427-429; 432-435; 438-451; 453-454; 457-461; 465-466; 468-486; 489-491; 494-495; 497-502; 504-508; 513; 515-519; 521-523; 526-528; 530-534; 536-544; 546-549; 551-557; 559-563; 565-570; 572-577; 579-586; 588-592; 594-600; 602-606; 608-610; 612-615; 617-620; 622-627; 629-637; 639; 641-643; 645; 647-663; 665-666; 668-677; 679-681; 684-687; 690; 692; 694-696; 699-703; 705-707; 709-714; 716-719; 721-729; 731-736; 738-743; 745; 747-760; 764-779; 781-786; 788-800; 803-805; 807-808
wta_rankings_83_99.csv,1990-06-18,1,808,381,427,38; 45; 62; 105; 132; 140; 146; 167; 180; 186; 190; 200; 202; 208; 214-216; 218; 220-223; 230; 241; 246; 250; 255-257; 259-261; 264; 266-267; 269; 271; 273-277; 280-281; 285; 287; 289; 292; 296-299; 304-305; 309; 311; 315; 319; 321; 324-326; 331; 333; 337; 339-340; 343-346; 348; 350-352; 354-358; 360-364; 367; 369-370; 372-373; 377-378; 380-381; 383-385; 388-389; 391-392; 394; 397-402; 404; 406; 408-409; 412; 415-416; 418-419; 421; 424-426; 428-429; 431-434; 437-441; 444-448; 450-452; 454-456; 458-459; 461-464; 468-482; 484-487; 490-494; 496-497; 500-503; 505-507; 511-512; 514-519; 521-522; 524; 526-530; 532-538; 540; 542-549; 551-552; 554-557; 560-564; 566-577; 579-584; 586-587; 589-592; 594; 596-599; 602-609; 611-616; 618-622; 624-629; 631-638; 640-642; 644; 646-663; 665-666; 668-675; 677; 679-684; 686-688; 691; 693; 695-697; 699; 701-704; 706-708; 710; 712-716; 718-723; 725-733; 735-739; 741-744; 746-747; 749-761; 763; 765-777; 779-783; 785-786; 788-801; 803-807
wta_rankings_83_99.csv,1990-06-25,1,808,382,426,38; 47; 58; 105; 133-134; 145; 165; 181; 188; 191-192; 207; 209; 213-214; 216; 218; 220-222; 224; 229; 246; 248-249; 251; 255-258; 260; 262; 264; 266; 271-273; 275-276; 278-280; 283; 286; 288; 290; 292; 294; 298-299; 302; 304; 307; 317; 319-322; 326-327; 332; 335-336; 339; 341-344; 346-348; 350-352; 355; 357-362; 365-366; 368-370; 372; 375-376; 378-380; 382; 385-389; 391; 393-394; 396-401; 404; 407-410; 412-416; 419; 421; 424; 426; 428-431; 434-436; 438-441; 443; 445; 447-448; 450-451; 453-463; 466-480; 483; 487; 489; 491-492; 496-501; 504; 506; 508-510; 512-517; 519-520; 523; 527-530; 532-545; 547-549; 551-555; 557; 559-564; 566-578; 580-584; 586; 588-589; 591-593; 595; 597-610; 612-616; 618-620; 622-628; 630-637; 639-643; 645; 647-652; 654-662; 664-665; 667-671; 673; 675-678; 680; 682; 684; 686-690; 693-696; 698-703; 706-713; 716-733; 735-739; 741-742; 744-757; 760-763; 765-771; 773-779; 781-797; 800-807
wta_rankings_83_99.csv,1990-07-02,1,808,350,458,18; 25-26; 29; 34; 38; 42; 45; 47; 53; 58; 68; 72; 77; 80; 101; 105; 122; 133-134; 145; 165; 175; 181; 184; 188; 191-192; 197; 205; 207; 209; 213-214; 216; 218; 220-222; 224; 227; 229; 246; 248-252; 255-258; 260; 262; 264; 266; 271-273; 275-276; 278-280; 283; 286; 288; 290; 292; 294; 298-299; 302; 304; 307; 310; 314; 317; 319-322; 326-327; 331-332; 335-336; 339; 341-344; 346-348; 350-352; 355; 357-362; 365-366; 368-372; 375-376; 378-382; 385-389; 391; 393-394; 396-401; 404-405; 407-410; 412-416; 419; 421; 424; 426; 428-431; 434-436; 438-441; 443; 445; 447-448; 450-451; 453-463; 466-480; 483; 487; 489; 491-494; 496-501; 504; 506; 508-510; 512-517; 519-520; 523; 527-530; 532-545; 547-549; 551-555; 557; 559-564; 566-578; 580-584; 586; 588-589; 591-593; 595; 597-610; 612-616; 618-620; 622-628; 630-637; 639-643; 645; 647-652; 654-662; 664-671; 673; 675-678; 680-682; 684; 686-690; 693-696; 698-703; 706-713; 716-733; 735-739; 741-742; 744-757; 760-763; 765-771; 773-797; 800-807
wta_rankings_83_99.csv,1990-07-09,1,788,378,410,36; 42; 58; 101; 116; 129; 140; 160; 162; 165; 181; 187; 193; 205-210; 217; 219; 221-222; 231-232; 234; 240-245; 247; 249; 253; 256; 259-261; 263-264; 266; 268; 270; 273; 277; 281-282; 285; 288; 292; 297; 303-304; 307; 309; 312; 314-315; 318; 320-321; 324-325; 328-333; 336; 338; 341; 344-346; 349-351; 354; 357; 359; 362-368; 370; 372-373; 375; 378-379; 381-390; 395-396; 398; 400-404; 408; 411; 419-421; 423-427; 429-431; 433-440; 442-445; 447-450; 452-453; 455-456; 459-462; 466-472; 474-476; 478-481; 483; 486; 488-492; 494-500; 503; 505-507; 509-514; 519; 521; 523-525; 527-530; 532-533; 535-536; 538-543; 545-552; 554-557; 559-569; 571-575; 577-579; 581-586; 588-589; 591-594; 596-609; 611-612; 614-618; 621-628; 630-633; 635; 637-651; 653-654; 657-663; 665-668; 670-673; 676-677; 679-680; 682-685; 688-692; 694-699; 702; 704-709; 711-723; 725-727; 729-733; 735; 737; 739-753; 755-757; 759-763; 765-784; 786-787
wta_rankings_83_99.csv,1990-07-16,1,795,380,415,36; 42; 51; 59; 100; 122; 133; 144; 162; 164; 181; 187; 195-196; 208; 210-212; 214; 219; 221; 225; 229; 235-238; 240; 245; 248; 250; 252; 254-259; 264; 267-268; 272-273; 275-276; 278; 288-289; 293; 296; 299; 303-304; 306; 311-314; 319; 321; 323; 325-329; 331; 333; 337-338; 341-343; 347-350; 353; 358-359; 361-363; 365-370; 372; 375; 377; 380; 382-389; 393-397; 399-402; 404-407; 410-412; 419; 421; 423; 425-427; 429-430; 432-439; 441-445; 447-449; 452-464; 466-469; 471; 474; 476; 478-483; 486-488; 490-491; 494; 496-497; 499-501; 503; 505-510; 512; 516-522; 524-526; 528-530; 533-535; 538-556; 558-568; 570; 572-574; 576-582; 584-585; 587-589; 591-592; 594-607; 609; 612-617; 619-626; 628-631; 633; 635; 637-652; 655; 657-662; 664-668; 670-674; 676; 678-679; 681; 683-685; 688; 690-691; 693-695; 697-700; 702-703; 707-730; 732-737; 739-741; 743-755; 757; 759-760; 762-767; 769-777; 779-787; 789-791; 793-794
wta_rankings_83_99.csv,1990-07-23,1,793,379,414,37; 43; 58; 103; 121; 131; 144; 160; 163; 175; 192-193; 204; 208-209; 211; 218-219; 221; 226; 230; 232-233; 235-236; 239; 241; 243; 245; 249-250; 252; 254-255; 257; 259-260; 263; 265-266; 271; 273; 276-277; 284; 286-287; 291; 293-295; 299; 303-304; 306; 308-309; 312; 315; 318-319; 324-325; 328; 331; 333-334; 340; 342-344; 347-351; 353; 355-356; 358-359; 361; 363-364; 367-372; 374-376; 379-380; 383-386; 390-399; 402; 404-406; 408-410; 421; 423-428; 430-438; 440-449; 452; 454-464; 466-468; 470-471; 475-477; 479-487; 490-491; 493-494; 497-499; 501-502; 504; 507-509; 511-513; 517-527; 529; 532-538; 540-555; 557-559; 561; 563-570; 572; 574-575; 577-579; 581-589; 591-603; 605; 608-615; 618-626; 628-633; 635-637; 639-641; 643-650; 653-654; 656; 658; 660-661; 663-666; 668-673; 677-683; 686-687; 689; 691-694; 696-699; 701-703; 705-728; 730-735; 737-738; 741-753; 755; 757-759; 761-773; 775-783; 785; 787-789; 791-792
wta_rankings_83_99.csv,1990-07-30,1,789,379,410,35; 44; 58; 105; 119; 129; 157; 159; 161; 181; 183; 198; 200-201; 203; 207; 209; 216; 218-219; 221; 230-232; 234; 236-237; 239-240; 244-245; 247; 252-253; 257-259; 261; 263; 265; 269; 271; 276-277; 280; 282-284; 286; 290-291; 295-297; 301-302; 307; 309; 314; 317-318; 321-323; 326; 328-329; 339-340; 342; 344; 347-351; 353-356; 359-361; 363-365; 367; 369; 373; 375; 377-378; 381; 383-391; 394; 396-400; 402; 406-407; 411-417; 419-422; 424-428; 430-432; 434-439; 441-442; 445-452; 454-455; 457; 460-462; 464; 469-484; 487; 489-490; 495-497; 500-502; 504; 506-507; 509-510; 513-520; 522-525; 527-529; 531; 533; 535-536; 538-555; 557; 559-560; 562-567; 569-570; 572-574; 576-588; 590-603; 605-607; 609-616; 619-622; 624-629; 631; 633; 635-637; 639; 641-642; 644-652; 654; 656; 658-660; 662-666; 668-670; 673-680; 682-683; 685; 687-688; 690-693; 695-697; 699-707; 709-723; 725-730; 733; 735-736; 738-752; 754-758; 760-771; 773-781; 783; 785-786; 788
wta_rankings_83_99.csv,1990-08-06,1,790,372,418,33; 36; 59; 100; 116; 129; 157-159; 165; 176; 192; 198; 200; 203; 207-208; 210; 217-218; 223; 226; 228; 230; 233-235; 238-241; 246-247; 249; 255; 258; 260; 262; 265-266; 270-272; 274; 277-278; 280; 282; 284; 286-287; 293-294; 299; 301; 305-306; 311; 314; 316-317; 320; 322; 324-326; 328-330; 332; 335; 339-340; 342-343; 347-351; 353-355; 357-358; 360-361; 364-368; 370-373; 377-378; 381; 383-392; 395; 397-400; 404; 406; 409-411; 413-415; 417-419; 421-426; 428-431; 433-436; 438; 441-447; 449; 451-453; 455; 457-458; 461; 463-465; 467-470; 472-474; 476-483; 485; 487-488; 490-494; 498-499; 501-502; 504; 506; 508-510; 513; 515-524; 526-529; 531; 534; 536-538; 540-546; 548-554; 556-560; 562-564; 566; 568-570; 572-576; 578-600; 603; 605-615; 617-619; 621-622; 624; 626-627; 629-631; 633-634; 637-649; 651-655; 657-658; 660-665; 667-669; 673-681; 683; 685-686; 688-689; 691-692; 694; 696-720; 722-727; 729; 731-732; 734; 736-747; 749-751; 753-764; 766-771; 773-779; 781; 783-789
wta_rankings_83_99.csv,1990-08-13,1,780,374,406,33; 36; 58; 106; 117; 124; 156-158; 172; 178; 193; 200-201; 203; 206-208; 211; 219; 224; 229; 231; 235-236; 239-241; 243; 248-250; 252-253; 260-263; 265; 272; 274-276; 278; 280-282; 286; 288; 291-292; 296; 298; 301; 307-308; 314-315; 318-323; 325-326; 328; 330; 332; 335; 338-339; 341; 343-344; 346-348; 354-357; 359-364; 367-368; 370-371; 373; 375-380; 384; 386-390; 393; 396-400; 402; 405; 407-408; 410; 412; 414; 416-426; 428-432; 435-438; 441-449; 451-458; 461-462; 464-466; 468; 471; 475-477; 479; 481-483; 485-488; 490; 492-497; 499; 501-504; 507-512; 515; 517-520; 523; 526-529; 531; 534-537; 539-549; 551-552; 555-556; 558-561; 563-569; 571-575; 577-581; 583-600; 602; 604-605; 607-613; 615-618; 620-622; 625; 627-631; 633-634; 636-646; 648-651; 653-655; 657-664; 667; 669-675; 677; 679-683; 685-687; 689-691; 693; 695-719; 721-724; 726-727; 730-740; 742-744; 746-750; 752-754; 756-758; 760-770; 772-776; 778-779
wta_rankings_83_99.csv,1990-08-20,1,787,376,411,31; 36; 60; 96; 117; 126; 151; 155; 159; 174; 177; 193; 197; 201; 204-205; 207; 209; 211; 220; 225; 231; 233-235; 237-238; 246; 248-249; 251; 254-257; 261-265; 268; 272-276; 278-279; 283-285; 290; 293; 295; 300; 302; 304; 309; 312; 317; 319-320; 322-324; 326-328; 330-331; 333-334; 336; 339; 341; 345; 347; 349-350; 354-357; 360; 362-364; 366; 369; 371-373; 375-377; 380; 383-384; 386-391; 394-395; 397-398; 400-401; 403-405; 408-409; 411; 413-417; 419-425; 428; 430-431; 433-438; 440-443; 445-456; 458-460; 463; 465-466; 471-472; 474-477; 480-481; 483-484; 486-488; 490; 492-496; 499-502; 505-510; 512; 515-516; 518-520; 522; 524-527; 529-531; 533-534; 536-538; 540; 542; 544-548; 550-553; 555-557; 559-562; 564-567; 569-574; 576-595; 597; 599-604; 607-608; 610-613; 615-616; 618-626; 629-633; 635; 637; 639; 641-651; 653-658; 660; 662-668; 670; 672; 674-679; 681; 683-685; 687-690; 693-706; 708-728; 730; 732-734; 736; 738-752; 754; 756-760; 762-767; 769-777; 779-783; 785-786
wta_rankings_83_99.csv,1990-08-27,1,787,378,409,31; 38; 96; 98; 122; 152; 158; 160; 163; 175; 179; 193; 199; 203-204; 206; 208; 211; 221; 231-232; 235-239; 246; 248-249; 251; 254-257; 260-265; 268; 271-272; 275; 277; 279-280; 284-286; 290; 293; 295-296; 300; 302; 305; 312; 314; 320; 322-324; 327-328; 330; 332-333; 335-337; 340-342; 347-348; 350-352; 355; 357-358; 361-362; 364; 366-367; 369; 371-373; 375; 377-381; 383; 385; 387-392; 396-397; 399; 401; 403-404; 406-407; 409; 411-412; 414-416; 418-420; 422-425; 427; 430-434; 436-442; 444-447; 449-459; 461; 463-466; 472-474; 476-478; 480-482; 484-489; 491; 493-496; 498-499; 502-503; 506-507; 509-516; 518; 520-522; 524-527; 529; 533-535; 537; 539-542; 544; 547-556; 558-559; 561-565; 567-569; 571-580; 582-583; 585-587; 589-592; 594-606; 609; 611-614; 616-618; 620-624; 626; 628-633; 636-639; 641-642; 645-650; 652-659; 661-662; 664-671; 673; 676-683; 686-689; 691-694; 696; 698-712; 714-730; 732; 734-736; 739-750; 753-754; 756-760; 762-767; 769-783; 785-786
wta_rankings_83_99.csv,1990-09-03,1,791,380,411,31; 38; 96; 98; 122; 152; 158; 161; 163; 175; 179; 194; 197; 201; 205-207; 209; 214; 232-233; 236-241; 247; 249; 251; 254-257; 260-265; 268; 271-272; 276-278; 282-283; 285; 289-290; 293-294; 299; 301-302; 304; 310; 312; 320; 322; 324; 326-329; 332-334; 336-337; 339; 342-343; 349-350; 352-356; 358; 360-362; 364-365; 367; 369-370; 372-374; 376-377; 379-383; 385-386; 388; 392-394; 397; 399-402; 405-407; 409-410; 412; 414-415; 417; 419; 421-423; 425-426; 428-430; 432-433; 438-444; 446-449; 451-455; 458-462; 464-468; 470; 472-474; 478-480; 482-485; 487-488; 490-491; 493-494; 496-499; 501-508; 511-512; 515; 518-525; 527; 529-530; 532; 534-538; 540; 543-545; 547; 549-552; 555-559; 561-565; 567-568; 570-575; 577-579; 581-587; 589-595; 597-600; 602-611; 614; 617-621; 623-630; 632; 634-638; 640-643; 645-646; 648-654; 656-663; 665-666; 668-674; 676; 678-679; 682-689; 692-697; 699-701; 703; 705-720; 722-736; 738; 740-742; 745-757; 759; 761-764; 767-772; 774-790
wta_rankings_83_99.csv,1990-09-10,1,799,379,420,29; 35; 48; 79; 106; 111; 121; 152; 160; 164; 166; 175; 182; 193; 197; 201; 203; 207-208; 210; 212; 232; 234-237; 239; 242; 246; 248; 250-254; 257-262; 266-267; 269-270; 273-274; 278; 280-281; 283; 286-287; 290-291; 297; 299-300; 305-306; 313; 318-319; 321; 323-324; 326-327; 331-333; 335-336; 338; 341-342; 345; 348-349; 351-353; 355; 357-361; 364-365; 369; 371; 374-377; 380-385; 387-388; 390; 394-400; 402; 404-406; 408; 410-411; 414-415; 417; 419; 421-425; 427; 430-436; 441-448; 450-453; 455-460; 463-465; 467-475; 478; 480-482; 485-489; 491; 493-496; 498-499; 501-503; 505; 507-513; 515-516; 518-519; 521; 523; 526-533; 535; 537-538; 541-550; 552-553; 555-557; 559; 562-565; 567-573; 575-578; 580; 582-584; 586-587; 589-592; 594-600; 602; 604-616; 620; 623; 625-628; 630-637; 639-643; 645; 647; 649-651; 653-659; 661-668; 670-679; 681; 683-685; 688-697; 700-705; 707-709; 711-722; 724-739; 741-746; 749-750; 753-764; 766-768; 770-773; 776-781; 783-791; 793-798
wta_rankings_83_99.csv,1990-09-17,1,803,382,421,29; 33; 48; 103; 112; 116; 152; 172-173; 178; 183-185; 191; 199; 201; 203; 205-206; 208; 225; 228; 230; 238; 240-245; 248; 252; 255-257; 260-261; 263-264; 268; 270-271; 274; 276; 279; 281-284; 286; 288; 291-293; 295; 303-305; 308; 311; 315-316; 320-321; 323-324; 326-327; 332; 334-336; 338; 341; 343-344; 346-348; 352-353; 356-362; 367-368; 370; 373-374; 376-380; 383-386; 388-392; 396-403; 405; 408; 410-412; 414-417; 419; 421; 423-430; 433; 435-437; 441-446; 449-451; 453-456; 458; 460-465; 467; 470-471; 473-476; 478-481; 484-490; 493-496; 498-499; 501-504; 506; 508-512; 514-516; 518; 520; 522; 524; 527-532; 534; 536-538; 540-548; 551-553; 555-556; 558-560; 562; 564-570; 572-576; 578-580; 582-585; 588-594; 596; 598-602; 604-611; 614; 619-622; 624; 626-633; 635; 637-641; 644; 646-647; 649-655; 657-662; 664-673; 675; 677-681; 683; 685-693; 696-700; 702-706; 708-736; 738-742; 746-748; 751-762; 764-765; 767-768; 770-774; 776-781; 783-794; 796-797; 799-802
wta_rankings_83_99.csv,1990-09-24,1,795,380,415,27; 30; 34; 53; 105; 108; 133; 149; 171-172; 176; 181-182; 185; 197-198; 200-202; 205-206; 218; 237-241; 243; 245-246; 248-249; 253; 255-257; 260-261; 263-264; 267; 269-270; 274; 277-278; 281-283; 285-287; 291; 294; 296; 298; 301; 303; 305; 307-308; 314; 317-318; 321; 323-324; 326; 332; 334-339; 341; 343-345; 347-349; 355-358; 360-362; 366-367; 370; 374-381; 383-389; 392-397; 399-401; 403-404; 407-410; 412-416; 419; 421-426; 428; 430; 432-434; 438-440; 442-444; 447-449; 451-454; 457-459; 461-463; 465; 468-469; 471; 473-475; 477; 479-480; 482-485; 487-492; 494-497; 499-502; 504; 506-510; 512; 514; 516; 518; 520; 523-529; 531-533; 535; 537-545; 547-553; 555-556; 558-559; 561; 563-571; 574-578; 580-582; 584-588; 591; 593-596; 598-602; 605-610; 616-619; 621; 623-628; 630; 632-637; 639; 642; 644-645; 647-654; 656-661; 663-671; 674-678; 681-687; 689; 691-696; 698-700; 702-729; 731-734; 736-739; 741; 744-745; 747; 749-766; 768-771; 773-778; 780-787; 789-791; 793-794
wta_rankings_83_99.csv,1990-10-01,1,799,384,415,26; 30; 34; 97; 102; 130; 135; 141; 172; 175; 185; 187; 192; 199-200; 203-205; 208; 210; 227; 231; 239; 241-242; 244; 246-249; 253; 256-257; 259-260; 262; 265; 267; 269-271; 274; 276-277; 282; 286; 289; 291-295; 299; 301-305; 309; 311; 314; 316-317; 319; 322; 324-327; 329; 334; 336-337; 339-340; 344-345; 348-349; 354-359; 361-363; 368-371; 374; 379-386; 388; 390-392; 394; 396; 398-403; 406-407; 409-415; 417-422; 424; 427-432; 434-436; 438; 440-442; 446-448; 451-452; 454-455; 457-458; 460; 462; 464-468; 471-473; 475-477; 479; 481; 483-484; 486-495; 497-498; 500-503; 505-506; 509-512; 514-516; 518; 522-524; 527-529; 531-543; 545; 547-548; 550-561; 563; 565-572; 574-577; 579-580; 582; 584-585; 588; 590-592; 594-596; 598-601; 603; 605-607; 609; 613-614; 616-617; 619; 621-627; 629-636; 638-640; 642-643; 645-654; 656-659; 662-672; 675-677; 680-683; 685-686; 688-689; 691-700; 702-713; 715-717; 719; 721-731; 733-736; 738-742; 746-748; 750-751; 753-769; 771-774; 776-782; 784-789; 791-794; 796-798
wta_rankings_83_99.csv,1990-10-08,1,806,385,421,27; 30; 34; 84; 103; 132; 137; 145; 172; 176; 186; 188; 195; 201; 203-204; 207-209; 213; 228; 232; 238; 244-245; 247; 249-251; 253; 255-257; 259-260; 264; 266; 268-271; 274; 280-281; 283-284; 286; 289; 291-293; 298-305; 308; 310; 315-316; 319-320; 323; 325; 327-328; 333; 336-339; 341; 344; 346-347; 350-351; 357-361; 363-364; 366; 368-369; 373-374; 376-377; 379; 383-386; 389-390; 392-399; 401; 403-406; 409-411; 413-418; 420-423; 425-427; 430; 432-435; 437; 439; 442-445; 449-455; 457-458; 460-462; 464-465; 467-468; 470-473; 475-479; 481; 483-484; 486-487; 491-492; 494-502; 504-505; 507-509; 511-513; 515-520; 522; 526; 529-532; 534-543; 545-550; 552; 554-558; 560-567; 569-570; 572-578; 581-585; 587; 589-590; 593; 595; 597-598; 600-601; 603-607; 609-611; 613-614; 620-624; 626-627; 629-630; 632-639; 641-648; 650-652; 654-657; 659-669; 671-672; 675-676; 678-684; 687-689; 691-695; 697-698; 700-710; 712-723; 725-726; 728-739; 741-746; 748-752; 755-757; 759-760; 762-776; 778-783; 785-791; 793-798; 800-802; 804-805
wta_rankings_83_99.csv,1990-10-15,1,808,382,426,25; 31; 33; 82; 104; 134; 139-140; 176; 182; 187-188; 194-195; 198; 203-206; 215; 229; 231; 233; 245-251; 253-256; 259; 262-263; 265-267; 270-272; 274; 279-280; 284-285; 287; 290-292; 298; 300; 302-305; 307; 311; 313; 317; 320; 322; 325-328; 330; 334; 337-339; 341; 343; 345-346; 349-351; 355; 357-363; 367; 369-371; 376-382; 384-386; 388-393; 396-400; 403-404; 406-416; 418-419; 421; 423-425; 428-430; 432; 434-440; 444-446; 451; 454-460; 462-463; 466; 469; 471-472; 475-478; 480-482; 484; 486; 488-492; 494-505; 508; 510-512; 515-521; 523; 526; 529-534; 536-541; 543-551; 553-557; 560-564; 566-567; 569-570; 572-577; 580-586; 588; 590-591; 594; 596; 598-600; 602-604; 606-611; 615-618; 620; 622; 624-631; 633-650; 652-655; 657-658; 661; 663-666; 668-677; 679-682; 684-685; 687-693; 695; 697-701; 703-708; 710-722; 724-726; 728-738; 740-742; 744-747; 749; 751-753; 755-756; 758-775; 777-784; 786-791; 793-799; 801-802; 804-805; 807
wta_rankings_83_99.csv,1990-10-22,1,818,386,432,32-33; 83; 106; 135; 139; 142; 179; 183; 187; 189; 192; 194; 196; 204; 206; 209; 214; 228; 239-240; 244-247; 249-253; 256-257; 260-263; 265; 267; 271-273; 275; 280-282; 288; 294-296; 301-303; 305-307; 309-310; 316-318; 321-323; 325-327; 330; 333; 336-337; 339; 341-343; 347; 349-350; 353; 355-358; 360-362; 366-370; 374-377; 379-381; 384-387; 390-393; 395; 397-404; 406-412; 415-417; 421-423; 426-429; 431-432; 434; 436-441; 444-448; 451; 453; 456-457; 459; 461-462; 464-465; 470-471; 473-476; 478-481; 483-486; 488-491; 493; 495-499; 501-506; 509; 511; 513-519; 521; 524; 526-529; 531-532; 534-536; 538-551; 553-556; 559-562; 564-566; 569-576; 578; 580-581; 583-586; 589-590; 592-593; 595; 597; 599-600; 603-604; 606; 608-614; 616-617; 619-620; 622-623; 625-632; 634-651; 653-654; 656-658; 660-662; 666-672; 674-681; 683-687; 689-690; 692-698; 700-701; 703; 705-710; 712-717; 719-734; 736-749; 751-754; 756-760; 763-765; 767-768; 770-787; 789-796; 798-804; 806-809; 811-812; 814-815; 817
wta_rankings_83_99.csv,1990-10-29,1,826,388,438,32-33; 81; 105; 138; 149; 155; 178-179; 183; 189-190; 193-194; 203; 207; 212; 217; 223; 235; 238; 244-246; 248-253; 255; 257-258; 261-266; 272-274; 278-279; 284; 286; 289; 291; 293; 299; 304-306; 310-313; 315; 320-321; 323-325; 327-329; 332-333; 336-338; 340; 342-344; 347; 349-350; 355-359; 361-362; 367-371; 373-374; 376-377; 380-388; 390-394; 397; 400-402; 404-405; 407-409; 411-413; 417; 420-423; 425-427; 429-430; 432-438; 440-441; 443-447; 451-452; 454; 456-457; 460-464; 466-468; 472-474; 476; 478; 480; 482-484; 486-487; 489-493; 495-499; 502-508; 511; 513-522; 524; 529-532; 534; 536-550; 553-556; 559-565; 567-571; 573-579; 581; 583-591; 594-597; 604-605; 607-608; 610-611; 613-619; 621-622; 624-625; 627; 629-635; 637-651; 653-657; 659-661; 663-665; 668-671; 673-676; 678; 680-681; 683-688; 690-693; 695-698; 700-705; 707; 709-712; 714-720; 722; 724-727; 729-733; 735-742; 745-761; 763-769; 771-772; 774-788; 790; 792-798; 800-809; 811-812; 814-815; 817-825
wta_rankings_83_99.csv,1990-11-05,1,821,389,432,32-33; 85; 88; 136; 148; 175-177; 182; 187-188; 190; 192; 200; 202; 210; 215; 222-223; 236-237; 242-243; 245-246; 248; 250-252; 254; 256-257; 259-261; 264; 266; 273-275; 278-280; 285; 289; 291; 293; 295; 299; 304-305; 308; 311; 313-314; 317; 319-325; 327-330; 333-335; 338; 342; 344-348; 351; 353-354; 359-361; 363; 365-366; 368-376; 379-386; 388-390; 392; 394; 397-398; 401-404; 406-409; 412; 414-415; 418; 421; 424-427; 430-432; 434; 437-440; 443; 445; 447-451; 453; 455-456; 458; 461; 464; 466-467; 469-473; 476-481; 483-484; 486-487; 489-490; 493-495; 497-499; 502-503; 505-513; 515; 517-523; 525-527; 530-531; 533-537; 539-543; 545-546; 548; 550-559; 561-568; 570-575; 577-579; 582-585; 587-590; 592-596; 601-602; 604-605; 609-611; 613-616; 618; 620; 622; 624; 626-632; 634-648; 650-655; 657-659; 662-664; 667-671; 673-677; 679-686; 688-691; 693-695; 697-704; 706-709; 711-716; 718; 720-722; 724; 726-728; 730-735; 738-743; 745-757; 759-764; 767-783; 785-791; 793-804; 806-807; 809-820
wta_rankings_83_99.csv,1990-11-12,1,819,386,433,30; 32; 71; 81; 84; 117; 136; 146; 175; 177-178; 180; 188-189; 191; 196; 201; 206-207; 216; 219; 226; 229; 240; 242; 244-245; 250-256; 258; 260-261; 263; 265; 271; 274-275; 278-279; 281; 283-284; 286; 291; 298-300; 303; 307-308; 310; 312-313; 316-317; 319; 322-325; 327; 329; 331-332; 334; 337; 339-344; 349-350; 352-353; 356-359; 361; 363; 366-370; 373; 375-386; 388; 390-391; 394-395; 398-402; 404; 406-409; 414; 416-417; 420; 422; 425; 427; 429-430; 432-433; 436-438; 440-441; 443; 445-450; 453; 455-456; 459-462; 465-468; 470-477; 479-481; 484; 486-487; 489-493; 495-499; 501; 503-504; 506-512; 514-517; 522-528; 530-531; 534; 536-538; 540-545; 547-548; 550; 552; 554-559; 561; 563-564; 566-568; 571-575; 577-586; 589-591; 593-596; 598-603; 605; 607-609; 611-612; 614-615; 617-621; 623-625; 627; 629-630; 632; 634-636; 638-639; 641-647; 649-652; 654; 656-658; 660-661; 663-665; 668-673; 675-677; 679-697; 699-705; 707; 709-716; 718-721; 723-724; 726-727; 729-733; 735-737; 739; 741-765; 767-771; 774-794; 796-800; 802-813; 815-818
wta_rankings_83_99.csv,1990-11-19,1,832,390,442,30-31; 71; 81; 85; 117; 136; 144; 175; 177-178; 180; 188; 193; 201-202; 207-208; 220; 225; 228; 236-238; 241; 245-246; 249-253; 256-257; 259; 261; 263-264; 274-277; 282; 284; 287; 291; 296; 298-301; 303-305; 312-313; 315; 317-324; 326; 329-332; 334; 338; 340-347; 353-355; 358-360; 362; 366; 368-371; 373; 375-383; 385-386; 390-391; 393-394; 396-400; 402; 405; 407; 410; 412-413; 416; 418; 420-422; 424; 426-428; 430-432; 434; 436-441; 443; 445-448; 450; 453-454; 456; 458; 461-464; 467-471; 474-479; 481-482; 485; 487; 489; 491-494; 496-501; 503; 505-508; 510-516; 520-521; 523-530; 532; 535-536; 538-543; 545-547; 549-550; 552; 554-556; 558-559; 562-565; 568-569; 571-572; 574; 576-578; 580-586; 588-593; 595-602; 604; 606; 608; 610-613; 616; 618-623; 625-626; 628-629; 631; 633-635; 637-640; 642; 644-648; 650-652; 654-659; 661-672; 674-676; 679-694; 696-700; 702-704; 706; 708-711; 714-719; 721-723; 725; 727-730; 732-735; 737-739; 741-754; 756-773; 775-780; 782-783; 786-805; 807-813; 815-824; 826-831
wta_rankings_83_99.csv,1990-11-26,1,832,389,443,30-31; 71; 81; 85; 117; 136; 144; 177; 179-180; 183; 186; 201; 204; 206-207; 216; 219; 225; 227; 236-237; 239; 242; 244; 247-248; 250-253; 255-256; 258; 261; 264-265; 272-275; 277; 281-282; 286; 291; 295-297; 299; 301; 304-305; 311-314; 316-322; 324; 326; 328; 331-332; 334-335; 337; 339-340; 342-345; 351-352; 354-355; 357-358; 361; 364; 366-367; 369-371; 373-382; 384-386; 389-390; 392; 394; 396-400; 402; 405-408; 410; 413-414; 416; 420-422; 424-428; 432-437; 439-440; 442-446; 449; 452-453; 456-460; 463-467; 470-473; 476-477; 480; 482-489; 491-494; 496; 499-501; 503-511; 515; 517-518; 520-524; 526-527; 530-533; 535-536; 539-541; 543-548; 550; 552-555; 557-559; 563-566; 569-570; 572-576; 578-585; 587-591; 593-600; 602; 604; 606-607; 609-611; 615-616; 618-622; 624-626; 628-629; 631; 633-635; 637-640; 642-643; 645-649; 651-653; 655-675; 678-685; 687-691; 693-700; 702-703; 705-708; 711-715; 718-720; 723; 725-728; 730-733; 735; 737-739; 741-772; 774-780; 782-783; 786-788; 790-805; 807-811; 813-822; 824-831
wta_rankings_83_99.csv,1990-12-03,1,834,394,440,30-31; 72; 83; 88; 136; 145; 171; 176; 182-183; 185; 204; 206-207; 212; 219; 223; 225; 227; 237-239; 247; 249-252; 254-256; 258; 260; 262; 264; 266; 273-277; 279; 284-285; 292; 296-298; 300; 303; 306-307; 312-317; 319-323; 325; 327; 329; 332-333; 335-336; 338-339; 341-345; 351-353; 355-358; 362; 365; 367-369; 371-374; 376-381; 383-385; 387; 390; 392; 394; 396-400; 402; 407-408; 411; 413; 416-418; 420-421; 425-426; 428-429; 431-433; 435-441; 444; 446-447; 449-454; 457; 459-460; 463-466; 469-473; 476-480; 482-483; 486-491; 493; 495-498; 500; 502-505; 507-509; 511-513; 515; 518-520; 522-523; 525-528; 530; 532-533; 535-537; 539; 541-547; 549-552; 554; 556-559; 561-562; 564-569; 571; 573-575; 577-579; 581-594; 596-598; 600-602; 604; 606-607; 609-611; 613; 615; 619; 621-625; 627-628; 630-631; 633; 635-636; 638-640; 642; 644-652; 654-666; 668-674; 677-690; 692-696; 698-701; 703-704; 706-710; 713-717; 721-723; 726; 728-731; 733-735; 737; 739-740; 742-754; 756-775; 777-783; 785-786; 788-790; 792-808; 810-814; 816-825; 827-833
wta_rankings_83_99.csv,1990-12-10,1,843,400,443,30-31; 72; 83; 88; 137; 143; 171; 173; 182-184; 204; 206-207; 212; 219; 223; 225; 227; 236-238; 248-251; 253-255; 257; 259; 261; 263; 265; 272-274; 276-278; 280; 284-285; 291; 295-297; 299; 304-306; 312-316; 318-319; 321-324; 326; 328; 330; 332-333; 335-336; 338-339; 341-346; 351-352; 354-357; 361; 364; 366; 368-369; 371-374; 376; 378-379; 381-385; 390; 392; 394-396; 398-401; 405-406; 410; 413-414; 416-417; 422-423; 425-426; 428-433; 435-442; 445-448; 450-455; 458-460; 462-463; 466; 469-474; 478-480; 482-484; 486-487; 489-498; 501; 505-508; 510-511; 513-514; 516; 518-521; 523-526; 528-533; 535; 537-538; 541-542; 544; 546; 548-556; 558-561; 563-565; 567-572; 574; 576-578; 580-596; 598-600; 602; 604-606; 608; 610; 612-613; 618; 621-622; 624-628; 630; 633; 635; 637-639; 641-644; 646-648; 650-651; 653-659; 661-665; 667-668; 670-679; 682; 684-686; 688-698; 700-701; 703-707; 709-712; 714; 716-721; 724-728; 730; 732-733; 736; 738-741; 743-745; 747; 749-752; 754-781; 783-790; 792-793; 795-797; 799-818; 820-823; 825-834; 836-842
wta_rankings_83_99.csv,1990-12-17,1,864,399,465,30-31; 71; 83; 88; 134; 143; 171; 178-180; 182; 197; 204; 208; 210; 215; 219; 221; 225; 228; 231; 239-241; 249-250; 252-253; 255-256; 258-259; 262; 264-265; 269; 274-275; 278; 282-286; 290-291; 298; 302-305; 307; 311; 316-319; 321-323; 325-328; 332; 334; 337-338; 340-343; 345; 347-353; 357-358; 360-363; 365; 367; 372-377; 379; 381-382; 385-387; 389-395; 398; 402-403; 405-407; 409-410; 413-414; 418; 420; 422-423; 427-428; 430; 432-433; 435-439; 441-450; 452-454; 456-461; 464-465; 467-468; 471-472; 476-479; 484-487; 489; 491-500; 502-505; 509-510; 512-517; 519-521; 523-524; 526-528; 530-534; 536; 538; 540-542; 545-546; 548-551; 553-554; 556-558; 560-563; 565-568; 570-572; 574-579; 581; 583; 585-586; 588; 590; 592-606; 608-611; 613; 615-616; 619-620; 623-626; 628-634; 636; 638; 640; 642-644; 646-649; 651-653; 655-656; 658-664; 666-670; 672-673; 675-677; 679-683; 686; 688-691; 694-705; 707-712; 714-717; 719; 721-725; 728-731; 733; 735-736; 739-743; 745-747; 749; 751-755; 757-789; 791-798; 800-801; 803-805; 807-824; 826-829; 831-840; 842-854; 856-863
wta_rankings_83_99.csv,1990-12-24,1,865,399,466,30-31; 71; 83; 88; 134; 143; 171; 178-180; 182; 199; 206; 210; 212; 216; 220; 222; 226; 229-230; 233; 241-243; 251; 254-255; 257-258; 260-261; 264; 266-267; 271; 276-277; 280; 284-288; 292-293; 295; 300; 303-306; 308; 312-313; 318-321; 323-325; 327-331; 335; 337; 340-342; 344-347; 349; 351-357; 361-362; 364-367; 369; 371; 376-380; 382; 384-385; 388-390; 392-397; 400; 404-405; 407-409; 411-412; 415; 419; 421; 423-424; 427; 429-430; 432; 434-435; 437-441; 443-453; 455-458; 460-465; 468-469; 471-472; 475-476; 480-483; 488-492; 494; 496-505; 507-510; 514-515; 517-521; 523-525; 527; 529-531; 533-537; 539; 541; 543-545; 548-549; 551-554; 556-557; 559-560; 562-565; 567-570; 572-574; 576-580; 582; 584; 586-587; 589; 591; 593-607; 609-612; 614; 616-617; 620-621; 624-627; 629-635; 637; 639; 641; 643-645; 647-650; 652-654; 656; 658-664; 666-670; 672-673; 675-678; 680-684; 687; 689-692; 695-707; 709-714; 716-719; 721; 723-727; 730-733; 735; 737-739; 742-745; 747-749; 751; 753-757; 759-791; 793-799; 801-802; 804-806; 808-825; 827-830; 832-841; 843-855; 857-864
wta_rankings_83_99.csv,1990-12-31,1,865,399,466,30-31; 71; 83; 88; 134; 143; 171; 178-180; 182; 199; 206; 210; 212; 216; 220; 222; 226; 229-230; 233; 241-243; 251; 254-255; 257-258; 260-261; 264; 266-267; 271; 276-277; 280; 284-288; 292-293; 295; 300; 303-306; 308; 312-313; 318-321; 323-325; 327-331; 335; 337; 340-342; 344-347; 349; 351-357; 361-362; 364-367; 369; 371; 376-380; 382; 384-385; 388-390; 392-397; 400; 404-405; 407-409; 411-412; 415; 419; 421; 423-424; 427; 429-430; 432; 434-435; 437-441; 443-453; 455-458; 460-465; 468-469; 471-472; 475-476; 480-483; 488-492; 494; 496-505; 507-510; 514-515; 517-521; 523-525; 527; 529-531; 533-537; 539; 541; 543-545; 548-549; 551-554; 556-557; 559-560; 562-565; 567-570; 572-574; 576-580; 582; 584; 586-587; 589; 591; 593-607; 609-612; 614; 616-617; 620-621; 624-627; 629-635; 637; 639; 641; 643-645; 647-650; 652-654; 656; 658-664; 666-670; 672-673; 675-678; 680-684; 687; 689-692; 695-707; 709-714; 716-719; 721; 723-727; 730-733; 735; 737-739; 742-745; 747-749; 751; 753-757; 759-791; 793-799; 801-802; 804-806; 808-825; 827-830; 832-841; 843-855; 857-864
wta_rankings_83_99.csv,1991-01-07,1,866,401,465,30; 32; 85; 90; 123; 142; 174; 178-181; 200; 205; 210; 213; 218; 220; 222; 224; 230-231; 233; 238; 241-242; 250-251; 255-256; 258-260; 262-263; 267; 271; 275; 278; 282-283; 285-287; 291-292; 294; 298; 300; 302-304; 306; 308; 311-312; 319-325; 327-331; 334; 336; 338; 341-343; 345-347; 349; 351-356; 359-360; 362-365; 368-369; 375-378; 380; 382-384; 387-389; 391-397; 400; 404-405; 407-410; 412-413; 416; 420; 422; 424-425; 428; 431-432; 434-436; 438-440; 442-444; 446-455; 457-459; 461-466; 469-470; 472-473; 475-476; 479-482; 486; 488-490; 492-502; 504; 507-510; 514-515; 517-521; 523; 525-526; 528; 530-532; 534-539; 542; 544-545; 548; 550-551; 553-554; 556-558; 560-564; 566-568; 570-573; 575-579; 581; 583; 585-586; 588; 590; 592-607; 609-610; 612; 614-615; 618-620; 623-626; 628-633; 635; 637; 639-640; 642-645; 647-650; 652-654; 656; 658-664; 666-670; 672-673; 675-678; 680-684; 686; 688; 690-692; 695-708; 710-715; 717-720; 722; 724-728; 731-734; 736; 738-740; 743-746; 748-750; 752; 754-758; 760-789; 791-797; 799-800; 802-805; 807-825; 827-831; 833-842; 844-855; 857-865
wta_rankings_83_99.csv,1991-01-14,1,867,401,466,26; 30; 81; 85; 129; 142; 173; 176; 179; 181-182; 195; 201; 204; 208; 211; 218; 221-222; 226; 232; 235-236; 240; 243; 245; 248; 255-256; 262-265; 267-268; 273-274; 277; 280-281; 285-288; 292; 294; 297; 299; 302-305; 308; 311-312; 319-324; 326-331; 334-335; 338; 340; 342-344; 346; 348; 350-355; 359-361; 363-365; 368-369; 372; 376-380; 383; 385-387; 390-391; 393-399; 401-402; 405; 409-410; 413-415; 417-418; 420; 422; 424; 426; 428; 430; 434; 436-437; 439-440; 442; 444-446; 448-451; 453-463; 465-471; 473; 475-476; 478; 480-482; 484-485; 487-488; 492; 494; 496-508; 510; 512-516; 520; 522; 524; 526-528; 530-531; 533-536; 538-542; 544; 546; 549-550; 552; 554; 556; 558-560; 562-563; 565-570; 572-575; 577-581; 583; 585-587; 589-590; 592; 594-602; 604-615; 617; 619-620; 623-626; 629-631; 633-637; 639; 642-644; 646-650; 652-655; 657-659; 661-662; 664-667; 669-672; 674-675; 677-680; 682-686; 689; 691-693; 696-701; 703-709; 711-716; 718-720; 722-727; 731-734; 736; 738-740; 743-749; 751; 753-757; 759-789; 791-797; 799-800; 802-805; 807-825; 827-841; 843-854; 856-866
wta_rankings_83_99.csv,1991-01-21,1,867,368,499,24; 26; 28; 30; 34; 42; 46; 63; 68-69; 76-77; 79; 81; 83; 85; 94-95; 104; 129; 135; 142; 173; 176; 179; 181-182; 195; 201; 204; 206; 208; 210-211; 215; 218; 220-222; 226; 232; 235-237; 240-241; 243; 245; 248; 251; 255-256; 262-268; 273-274; 277; 280-282; 285-289; 292; 294; 297; 299; 302-305; 308; 311-312; 319-324; 326-331; 334-335; 338; 340; 342-344; 346; 348; 350-355; 359-361; 363-365; 368-369; 372; 376-380; 383; 385-387; 390-391; 393-399; 401-402; 405; 409-410; 413-415; 417-418; 420; 422; 424; 426; 428; 430; 433-437; 439-440; 442; 444-446; 448-451; 453-463; 465-471; 473; 475-476; 478; 480-482; 484-485; 487-488; 492; 494; 496-508; 510; 512-516; 518; 520; 522; 524; 526-528; 530-531; 533-536; 538-542; 544; 546; 549-550; 552; 554; 556-560; 562-563; 565-570; 572-575; 577-581; 583; 585-587; 589-590; 592; 594-602; 604-615; 617; 619-620; 623-626; 629-631; 633-637; 639; 642-644; 646-650; 652-655; 657-659; 661-662; 664-667; 669-675; 677-680; 682-686; 689; 691-693; 696-701; 703-709; 711-716; 718-720; 722-727; 730-734; 736; 738-740; 743-749; 751; 753-757; 759-789; 791-797; 799-800; 802-805; 807-825; 827-841; 843-866
wta_rankings_83_99.csv,1991-01-28,1,860,401,459,29-30; 81; 89; 117; 125; 173; 178; 180; 182; 187; 197; 204; 207; 210; 213; 218; 224; 226; 230-231; 233; 238; 243; 245; 248-249; 252; 259; 261-262; 264-265; 271-273; 276-278; 283; 285; 290; 292; 294; 297; 299-303; 306; 308; 310; 312-313; 318-319; 321; 323-326; 328; 330-335; 337-339; 341; 344; 346; 348; 350-351; 355-356; 358-361; 364-365; 367-368; 371-373; 379-385; 387; 391-392; 394-395; 397; 399-401; 403-407; 410; 412; 414-415; 418-420; 423-425; 431-432; 434-436; 439-442; 444-446; 448-449; 451; 453-469; 471-472; 476-477; 479; 481-483; 485-492; 494; 498; 501-502; 504-507; 509-512; 514; 516-522; 525; 527-529; 532-540; 542-545; 547-548; 550; 552; 557-559; 561-565; 567-570; 572-574; 576-579; 581; 583-587; 589-591; 593; 595; 597-618; 620-624; 626; 628-630; 632; 634; 636-639; 641-642; 644-645; 647; 649; 651-653; 655-658; 660-662; 664; 666-669; 671-678; 681-682; 684-688; 690; 692-695; 698-707; 710-711; 713-716; 718-719; 721-725; 729-733; 735; 737-739; 741-747; 749-750; 752-758; 760-774; 776-792; 794-798; 800-801; 803-806; 808-821; 823-834; 836-847; 849-859
wta_rankings_83_99.csv,1991-02-04,1,856,401,455,29-30; 79; 81; 88; 117; 173; 179-180; 182; 187; 197; 200-201; 206; 210; 212; 216; 220; 226-227; 232-233; 236-237; 240; 245; 251; 253; 257; 261-263; 267-268; 270; 274-277; 279; 288; 290; 293; 295-296; 298; 302-305; 309; 312-313; 317; 322; 324; 326-338; 342-344; 346; 349; 351-353; 358-361; 363; 365-370; 372; 374; 379-384; 386; 390; 393-394; 396-397; 400-407; 410; 412-414; 416-417; 420-421; 426-430; 433; 437-439; 441-442; 444-445; 447-448; 450-461; 465-466; 468-472; 474-476; 479-481; 483-489; 491; 494; 496; 498-504; 506-509; 511; 513-520; 522; 524-527; 530; 532-538; 541-543; 545-546; 549; 554-557; 559-563; 565-569; 571-574; 576-579; 581-585; 587-588; 590; 592-612; 614-616; 618; 620-621; 623-626; 629; 631; 633-638; 640; 642-644; 648-651; 653-655; 657-659; 661; 663-665; 667-676; 679-681; 683-687; 690-693; 697-700; 702-705; 708-710; 712-714; 716-718; 720-729; 732-734; 736-740; 742-743; 745-750; 752-767; 769-788; 790; 792-796; 798-803; 805-816; 818-819; 821-831; 833-844; 846-855
wta_rankings_83_99.csv,1991-02-11,1,854,400,454,28; 52; 60; 76; 81; 88; 118; 174; 181-183; 193; 198; 202-203; 205; 207; 215; 218-220; 223; 229-231; 239; 241; 244; 253; 257; 262-264; 266; 268-269; 271; 275-277; 288-290; 292; 294-295; 297-299; 305-306; 310; 312-313; 319; 323; 325-339; 341; 344-346; 351; 353-356; 361-363; 365-366; 368; 370-371; 373-374; 378-383; 385; 388; 391-392; 394; 397-400; 402-407; 410; 412-413; 415; 417-418; 421-422; 424; 428-432; 434-436; 439; 442-443; 445-446; 448-450; 452-458; 460-463; 466-467; 469-471; 474-476; 479; 481-483; 485-495; 497; 499; 501-511; 513; 515-517; 519-525; 527; 529-530; 534-536; 538-539; 541-543; 545-546; 549; 553-556; 558-561; 563-565; 567-571; 573-576; 578-583; 585-586; 588; 590-604; 606-613; 615-618; 620-621; 623-625; 628; 630-631; 633-637; 639; 644-652; 654-658; 660; 662-664; 666-670; 672-675; 678; 680-684; 687-690; 694-697; 699-702; 705-707; 709-712; 714-715; 717-726; 729-732; 734-739; 741-742; 744-748; 750-762; 764-783; 785; 787-792; 794-799; 801-813; 815-816; 818-828; 830-842; 844-853
wta_rankings_83_99.csv,1991-02-18,1,861,403,458,28; 50; 66; 81; 94; 116; 119; 171; 178; 184-185; 194; 201; 204; 208-210; 214; 218; 221; 223; 229; 231-233; 244-246; 253; 255-256; 262-263; 268; 270-271; 273; 276-277; 280-282; 284; 286; 290; 297; 299-301; 303; 305-306; 311-314; 316; 319; 322; 325; 327-328; 331; 337-339; 342-349; 351-352; 355; 357-358; 360-362; 365; 367; 369; 371-376; 378-379; 383-385; 387-390; 392; 395-396; 398-399; 402; 405; 407-414; 416; 419; 421-422; 424-427; 429; 435; 437-443; 446; 448-451; 453-457; 460-461; 463-471; 473; 475; 477-482; 485-486; 489; 491; 493-498; 500; 502-503; 505; 507-514; 516-520; 522-532; 534; 536-539; 541-544; 546-548; 550; 557-558; 560-562; 564-568; 570-571; 573-576; 578-582; 584-592; 594-596; 599; 601-610; 612-623; 625-626; 628-629; 631; 633; 637-641; 643; 647-659; 661-662; 664-667; 669-675; 677-678; 682-687; 690; 692-696; 698; 701; 703-705; 707-709; 712-714; 716-717; 719; 721-722; 724-735; 737-739; 741-746; 748-750; 752-756; 758-768; 770-773; 775-793; 795; 797-800; 802-805; 807-816; 818-819; 821-831; 833-849; 851-860
wta_rankings_83_99.csv,1991-02-25,1,864,403,461,28; 47; 64; 78; 85; 112; 117; 172; 181; 187-188; 194; 201; 205; 208-210; 213; 217; 220; 226; 229-231; 233; 242; 244-245; 248; 258; 262-264; 266; 270-271; 273; 276-277; 280-282; 284; 286; 289; 292; 299-302; 304-305; 310-313; 315; 317; 319; 321; 326; 329; 331; 336; 338-340; 343; 345-352; 358-359; 361-362; 364-368; 370-371; 373-375; 377-378; 380-381; 386-390; 392-393; 397-398; 400-402; 405-406; 408-415; 417; 420; 422-424; 426-427; 433; 435-436; 439-444; 447-452; 454-458; 461; 463-471; 473; 475; 477-481; 483-484; 488; 490-491; 493-496; 498-503; 506-510; 512-513; 515-516; 518-529; 531; 533-541; 543; 545-550; 552; 555; 559; 562-570; 572-575; 577-585; 587-588; 590-593; 596-598; 600-607; 609; 611-617; 619-620; 622-623; 625; 627-628; 630; 632-634; 638-641; 643-644; 648-651; 653-660; 662-663; 665-667; 669-676; 678-679; 682-688; 690; 692; 694-699; 701; 703-705; 707-710; 712-715; 717-718; 720; 722; 724-725; 727-732; 734; 736-738; 740-745; 747-749; 751-755; 757-769; 771-775; 777-793; 795; 797-801; 803-806; 808-820; 822-823; 825-835; 837-852; 854-863
wta_rankings_83_99.csv,1991-03-04,1,861,403,458,28; 48; 67; 73; 95; 113; 171; 175; 189; 193; 195; 202; 206; 208; 211-213; 217; 220; 223; 226-227; 229-230; 238; 241-242; 244; 248; 256; 259-261; 264; 268; 270; 273; 275; 278; 280-281; 284; 286; 289; 291; 296; 300; 303-305; 310; 313-314; 316-317; 319-321; 324; 328-329; 331; 334; 338-339; 341; 343-344; 346-348; 351-353; 359; 361-367; 369; 371-374; 376-377; 379; 382-383; 385; 387; 389-391; 394-399; 401; 403-405; 407-415; 420; 422-424; 426; 428; 433; 436-437; 439-440; 442-444; 449-450; 453-458; 460-469; 471-472; 474; 476-480; 482; 484-487; 489-495; 498-502; 504-506; 508-509; 511-512; 517-519; 521-522; 524-525; 527-536; 538-542; 545; 548-553; 556-558; 560-562; 564-565; 567-569; 571-584; 586-589; 591-595; 598-604; 606-609; 612; 614-620; 622-625; 627-628; 630-631; 633; 635-636; 639-645; 649-654; 657-658; 660-665; 667-672; 674-675; 677; 679-683; 685-689; 691-698; 700; 702-704; 706-709; 712-713; 715-718; 720-723; 725; 727-732; 734-735; 737-738; 740-743; 745-746; 748-752; 754-766; 768-788; 790; 792-796; 798-799; 801-803; 805-817; 819-820; 822-834; 836-848; 850-860
wta_rankings_83_99.csv,1991-03-11,1,862,401,461,27; 64; 66-67; 75; 105; 114; 172; 186; 192-194; 204; 206; 208-209; 211-212; 217; 220; 223; 226; 228-229; 231; 238; 242; 244; 248; 251; 254; 261-262; 266-267; 269; 271-273; 277; 280; 282-283; 287; 289; 291; 293; 296; 301; 304-305; 310; 312; 314-315; 317; 319; 321; 323; 325-326; 330; 332; 335; 338-339; 341-342; 344-348; 350-351; 354-358; 363-368; 370-372; 374-375; 377-378; 382; 385-386; 388; 391; 393-394; 396-399; 401; 403; 406-409; 411; 413-418; 422-426; 433; 437-441; 444-445; 447; 450-453; 455-459; 461-462; 464; 466-474; 476-477; 479-482; 484; 487; 489-491; 494-495; 497-498; 500-502; 505-512; 515-517; 519; 521-522; 524-541; 543-545; 549-555; 557; 559-561; 564-567; 569-570; 572-574; 576-587; 589-590; 592-593; 595-601; 603-609; 612-614; 617-620; 622-625; 627-628; 630-632; 634-635; 638-645; 647-648; 652; 654-662; 664; 666-675; 677-678; 680; 682-686; 689-693; 695-701; 703; 705-709; 711-714; 716-720; 722-724; 726; 728-733; 735-736; 738-739; 741-744; 746-747; 749-752; 754-764; 766-789; 791; 793-797; 799-800; 802-803; 805-817; 819-820; 822-834; 836-848; 850-861
wta_rankings_83_99.csv,1991-03-18,1,862,365,497,27-29; 33-34; 37; 60-61; 64; 66-67; 70-71; 75; 78; 80; 83; 98; 105; 110; 114; 148; 172; 186; 190; 192-194; 196; 204; 206; 208-209; 211-212; 215; 217; 220; 223; 226; 228-231; 234; 238; 242; 244; 246; 248-249; 251; 254; 259; 261-262; 265-267; 269; 271-273; 277-278; 280; 282-283; 285; 287; 289; 291; 293; 296-297; 301; 304-305; 310; 312; 314-315; 317; 319; 321; 323; 325-326; 330; 332-333; 335; 338-339; 341-342; 344-348; 350-351; 354-358; 363-368; 370-372; 374-375; 377-378; 381-382; 385-386; 388; 391; 393-394; 396-399; 401; 403; 406-409; 411; 413-418; 422-427; 433; 437-440; 442; 444-445; 447; 450-453; 455-459; 461-462; 464; 466-474; 476-477; 479-482; 484; 487; 489-491; 494-495; 497-498; 500-502; 505-512; 514-517; 519; 521-522; 524-541; 543-546; 549-555; 557; 559-561; 564-567; 569-570; 572-574; 576-587; 589-590; 592-593; 595-601; 603-609; 612-614; 617-620; 622-625; 627-628; 630-632; 634-635; 638-645; 647-648; 652-662; 664; 666-675; 677-678; 680; 682-686; 689-693; 695-701; 703; 705-709; 711-714; 716-720; 722-724; 726; 728-733; 735-736; 738-744; 746-747; 749-752; 754-764; 766-791; 793-797; 799-800; 802-803; 805-817; 819-820; 822-834; 836-861
wta_rankings_83_99.csv,1991-03-25,1,836,398,438,29; 62; 68; 74; 112; 122; 172; 182; 188; 190-191; 207; 209-211; 213-215; 219; 221-222; 224; 229; 232; 234; 239; 246-247; 255; 257; 261-262; 265; 268-270; 274-275; 277; 279-280; 283; 285-286; 292; 295-296; 300-301; 305; 307; 310; 312; 315-318; 320; 323-324; 329; 333; 336-337; 339-340; 342-345; 348-349; 352; 354-357; 359; 361-364; 366-369; 372-376; 378; 381; 385; 387-388; 390-391; 393-394; 396; 398-399; 401-402; 405-407; 409-410; 412-416; 419-421; 423; 426; 429; 433-434; 436-438; 440; 442-445; 450; 453; 455-459; 461-466; 468; 471-479; 481; 483-487; 490-493; 496-497; 499-500; 502-506; 508-510; 512-513; 516; 518-536; 538-543; 545; 548-549; 551-553; 555-558; 560; 562-566; 568-569; 571-583; 585; 587-588; 590-602; 605-606; 609-612; 614-615; 617-618; 620-621; 623; 625; 627; 629-632; 634-638; 640; 643; 645-646; 648-649; 651-654; 656; 658-664; 666-670; 672-673; 675-681; 683-686; 688-692; 694; 696-700; 702-706; 708-711; 713-716; 719-725; 727-728; 730-732; 734-737; 739-740; 742-743; 745-755; 757-778; 780-781; 783-788; 790-791; 793-805; 807-808; 810-821; 823-835
wta_rankings_83_99.csv,1991-04-01,1,834,395,439,27; 59; 66; 76; 111; 121; 173; 180; 183; 191-192; 197; 209-210; 212; 214; 216; 220; 222-225; 231; 233; 237; 241; 248-249; 251; 257; 261-262; 265; 267-268; 270; 274-275; 277; 279; 282; 284-287; 293; 296; 299; 302; 306-308; 310; 313; 315-317; 319; 321; 325; 333-336; 340-344; 346-348; 351; 354-358; 361; 363-367; 369-370; 373-376; 378; 380; 387-388; 390-396; 398; 400-401; 404-406; 408-409; 411-418; 421; 424; 428; 432; 434-436; 438-441; 445-446; 451; 454; 457-462; 464-470; 472-478; 480-485; 487; 490-492; 495-498; 500-502; 504-508; 510-511; 514; 516-540; 542-547; 549; 553; 555-557; 559-563; 565-571; 573-584; 586; 588; 590-591; 593-603; 606-607; 609; 611-615; 617-618; 620-621; 623-624; 626-627; 630-634; 636-639; 641; 644-649; 651-652; 654; 656-658; 660-662; 664-670; 672-673; 675-678; 680; 682-690; 692; 694-698; 701-704; 706-711; 713-717; 719-726; 728-729; 731-732; 734-737; 739; 741-742; 744-757; 759-778; 780-786; 788-789; 791-805; 807-808; 810-819; 821-833
wta_rankings_83_99.csv,1991-04-08,1,834,395,439,27; 60; 65; 74; 118; 120; 174; 182-183; 188; 191; 198; 210-211; 213; 215; 219-220; 222; 224-226; 231; 233; 239; 244; 248; 252; 255; 259; 261; 263; 265-266; 268-269; 271; 274-275; 278; 280; 284; 286-289; 295; 297; 303; 305; 307; 309-310; 312-313; 315; 318; 322-323; 326; 328; 330; 335-336; 339-343; 346-347; 349; 354-358; 360; 362-366; 368; 370-371; 374-382; 388; 390-391; 393-396; 398-402; 404; 408-411; 413-419; 424; 427; 433-434; 436-437; 439-444; 448; 450; 453; 455; 457; 460-461; 463-468; 470-473; 475-476; 478-481; 485-488; 490-492; 495-498; 500-502; 504-507; 509-512; 514-515; 518-521; 523-542; 544; 546-548; 552-556; 558-562; 564-570; 572-574; 576-579; 581-588; 590-591; 593-599; 601-608; 610; 612-616; 618-621; 623-624; 626; 629; 632-636; 638-645; 647-649; 652-653; 655-657; 659-665; 667; 669-671; 673-674; 677-679; 681-692; 694; 696-700; 703-706; 708-714; 716-720; 723-731; 733-734; 736-737; 739-742; 744; 746-758; 760-779; 781-789; 791-803; 805; 807-808; 810-817; 819-833
wta_rankings_83_99.csv,1991-04-15,1,836,398,438,37; 56; 65; 75; 103; 119; 164; 180; 186; 191; 194; 201; 212-214; 216; 218; 221; 223-225; 233; 239; 242; 244; 247; 249; 254-255; 257-258; 261; 263-266; 268-269; 275; 277; 279; 282-283; 287; 291-292; 294; 301-302; 308; 310-311; 313-317; 319; 322; 324-325; 327-328; 332-333; 338; 340-341; 346-348; 350-352; 356-362; 364; 366-370; 372; 374-378; 381; 383-384; 388-390; 392; 394-398; 403-404; 406; 408; 410; 413-416; 418-422; 424; 427; 429; 436-438; 440-448; 452; 455-456; 458-459; 462-463; 466-471; 473; 475-483; 485-486; 489-491; 493-495; 497; 499-501; 503; 505; 507-514; 516-517; 520; 523-524; 526-535; 537-545; 547-550; 552; 554-555; 557-559; 561-566; 569-578; 580; 582-591; 593-599; 601-603; 605-611; 613; 615-616; 618-619; 621; 623; 625-627; 629-631; 633; 637; 640-644; 646-652; 654-655; 658; 660-661; 663-671; 673; 675-677; 679-680; 682-687; 689-695; 697-699; 701-702; 704-706; 708-710; 712-719; 721-724; 726-734; 736-737; 739-741; 743-745; 747; 749-760; 762-779; 781-789; 791-804; 806; 808-810; 812-820; 822-835
wta_rankings_83_99.csv,1991-04-22,1,836,401,435,52; 55; 72; 78; 89; 129; 162; 173; 187; 190; 193; 205; 212; 214; 217; 219; 224-227; 230; 234-235; 238; 243; 245-246; 248; 250-251; 256-257; 259; 262-263; 265; 267; 271-272; 274; 276; 280; 282; 286; 290-291; 293; 295; 301; 307; 311-312; 314-315; 317; 319-321; 324; 328-329; 335-337; 340-341; 344; 346; 348; 351-352; 354-356; 359-361; 363-364; 367-372; 375-377; 379-381; 383-384; 386; 388-391; 394; 396; 398; 400-402; 404-407; 409; 412-414; 416-421; 425; 429; 432-433; 436-438; 440-441; 444; 447-452; 455; 457; 459-463; 466-467; 469-473; 475-481; 483-485; 487-488; 490-491; 493-494; 497-500; 502; 504-513; 515; 517; 520; 523-524; 526-527; 529-534; 537-543; 545-550; 552; 554-556; 558-560; 562-567; 570-580; 583-590; 592; 594; 596-598; 600; 602-604; 606-613; 615-616; 620-623; 625; 627-631; 634-638; 640-641; 643-647; 649-652; 654; 656-659; 663-664; 666-669; 671-676; 678-682; 684-686; 688-690; 693-700; 702-706; 708-711; 713-717; 719-721; 723; 725-734; 736; 738-744; 746; 748-759; 761-778; 780-781; 783-789; 791-804; 806; 808-810; 812-820; 822-835
wta_rankings_83_99.csv,1991-04-29,1,845,401,444,50; 54; 56; 74; 78; 88; 132; 145; 163; 189; 191; 195; 204; 208; 217-218; 222; 227-229; 231-233; 235; 240; 243; 248; 250-253; 258-261; 264; 268; 271; 274-275; 279-280; 282-284; 290; 295; 297; 300; 303; 305; 309-312; 314; 316; 318; 321; 325-326; 328-330; 332; 335; 338-339; 344-346; 351; 354-355; 357; 359; 361-362; 365-366; 368-369; 371-373; 375; 377; 379-380; 383-389; 391-392; 394; 396; 398; 400-401; 403-408; 410-412; 415; 417-418; 420-424; 428; 431; 434-436; 438-442; 444; 446-447; 449; 451-454; 456-457; 462; 465-466; 468; 471-480; 482-488; 490-493; 495-496; 498; 501; 504-513; 515-517; 519-521; 523-524; 527; 530-531; 534-535; 537-541; 544-549; 551-557; 559-565; 568-571; 573-583; 586; 588-596; 598; 601-604; 606-607; 609-617; 619-620; 624-628; 630; 632-635; 638-641; 643; 645-646; 648-653; 655-656; 658; 660-662; 666-667; 669-672; 674-679; 681-685; 687-693; 697-703; 705-709; 711-715; 717-723; 725-726; 728-740; 743-750; 752-763; 765; 767-783; 785-787; 789-798; 800-812; 814; 816-818; 820-827; 829-844
wta_rankings_83_99.csv,1991-05-06,1,830,399,431,51; 57; 71; 77; 88; 138; 142; 155; 188; 193-194; 199-200; 210; 216; 225-227; 229-231; 233; 240-241; 245; 247-249; 254-256; 258-259; 262; 266; 271-273; 276-277; 280-283; 291; 294; 296; 299-300; 303; 305; 309-311; 315; 317; 320; 324-326; 328; 331-333; 337; 339-340; 345-347; 352; 355-356; 358-361; 365-366; 368-373; 375-376; 378; 380; 382-383; 385-387; 389; 391; 394; 396-397; 399-403; 405-409; 411; 414-417; 419-421; 423-424; 429-430; 432; 435-436; 439-445; 447-451; 457-458; 461-462; 464-465; 468-475; 477-482; 485; 487-490; 492-494; 496-499; 502-504; 506-507; 509-521; 523; 525-527; 529; 531-532; 535-536; 539; 541-547; 549; 551-554; 556-561; 563-567; 570-572; 574-582; 584-585; 587-598; 600; 602; 604-606; 608-609; 611-615; 617-618; 620; 624-627; 629-633; 635-638; 640-643; 645-647; 651-655; 657-658; 660; 662-664; 668; 670-679; 681-686; 688; 690-695; 698-706; 708-714; 716-721; 723-728; 730-731; 733-743; 745; 747-755; 757-761; 763-770; 772-788; 790-792; 794-801; 803-813; 815; 817-819; 821-829
wta_rankings_83_99.csv,1991-05-13,1,848,398,450,52; 57; 70; 79; 90; 143-144; 155; 187; 193-194; 200-201; 210-211; 217; 223-224; 229; 231; 233; 237; 240-241; 244; 246-248; 252; 254-256; 259; 263; 267; 271; 273; 275; 278-279; 282-285; 287; 293; 295; 297; 301; 304; 306; 308; 311; 313-314; 316; 318; 321; 324; 326-327; 332-334; 336; 340-341; 345-347; 352-354; 357-359; 361; 363; 366; 368-369; 371-379; 381; 383-384; 386; 388; 390; 392-393; 396; 398; 400-405; 407-408; 410; 413-417; 419-423; 428-429; 431-432; 435-437; 439-440; 442; 444-452; 454; 459; 461; 463-464; 466; 469-472; 474-478; 480; 482-486; 489; 491-492; 494-497; 499-502; 504-506; 508-510; 512-522; 525-527; 529-531; 534-535; 537-538; 541; 543-550; 553-556; 558-564; 566-570; 573-575; 577-579; 581-587; 589-590; 592-593; 595-602; 604; 606-613; 615-618; 620-622; 624-625; 627; 629; 631-640; 642-643; 645-648; 650; 652-653; 656-659; 661; 663; 666-668; 670; 673-683; 685-690; 692-698; 703-708; 710-724; 726-730; 732-743; 746-756; 758-763; 765-771; 773-788; 790-792; 794-802; 804-815; 817; 819-821; 823-833; 835-847
wta_rankings_83_99.csv,1991-05-20,1,848,406,442,50; 54; 76; 81; 87; 143; 145; 157; 164; 190; 196; 198; 202; 212-213; 215; 218; 225-226; 234; 238; 240; 245-251; 254; 257-258; 260; 263; 266-267; 269; 272; 274; 276-277; 281-282; 284; 286; 292; 295; 297; 300; 306-308; 311; 313; 315-316; 321; 326; 329-331; 334-336; 339-340; 342; 345-347; 349; 351; 353; 355; 357; 361; 363-367; 369-375; 377-379; 382; 386; 388; 391-392; 394; 397; 399; 402-408; 412; 414; 416-423; 427; 429-433; 436-439; 441-443; 445-446; 448-449; 451-458; 466; 470; 472-473; 476-479; 481-485; 489; 491-495; 497; 499-502; 504-512; 515; 517-525; 527; 529-533; 535-536; 539-541; 544; 547-556; 558; 560-568; 570-571; 573; 575; 579-587; 589-590; 592-593; 595-596; 598-605; 607-608; 610-616; 618-623; 625; 627-628; 630; 633-639; 642; 644-647; 649-650; 654-662; 664-665; 667-668; 670-673; 677-685; 687-693; 695-703; 705; 709; 711-713; 715-725; 727-733; 735-745; 747-756; 758-765; 767-774; 776-785; 787-795; 797-799; 801-806; 808-816; 818; 820-823; 825-831; 833-847
wta_rankings_83_99.csv,1991-05-27,1,838,406,432,35; 46; 55; 57; 88; 129; 150; 161; 166; 189; 193; 195; 201-202; 212; 216-217; 225-227; 235-236; 239; 245-246; 248-250; 253; 256-257; 259; 261; 263; 265; 267; 272; 274; 276-277; 280-281; 283; 285; 289-290; 292; 295; 297; 300; 303-304; 308; 311; 315; 318-319; 321; 324; 326; 329-330; 334-335; 338; 341; 343-344; 346; 349-350; 352; 356; 358; 361; 363-368; 370-373; 375-378; 381; 384; 387; 389; 392; 395-396; 398-399; 401-402; 404-407; 409-411; 415; 417; 419; 421-426; 429; 431-434; 437-442; 444-449; 451; 453-456; 458; 460; 464; 466-467; 472; 474-479; 481; 483-485; 487; 490; 492-513; 517-522; 524-526; 528-538; 540-541; 543; 545; 548; 550; 552; 554-558; 560-563; 566-569; 571; 574-576; 580-586; 588-597; 599-600; 602-612; 616-622; 624-628; 630; 632-634; 636; 639-644; 646-649; 653; 655-662; 667-669; 671-673; 677-687; 689-692; 694-705; 707; 710-716; 718-719; 721-722; 724-729; 731-737; 739-747; 749-754; 756-757; 759-766; 768-776; 778-781; 783-786; 788-797; 799-801; 803-811; 813-822; 824; 826-828; 830-837
wta_rankings_83_99.csv,1991-05-28,1,839,400,439,35; 46; 55; 57; 88; 129; 150; 161; 166; 189; 193; 195; 201-202; 212; 216-217; 225-227; 235-236; 239; 245-246; 248-250; 253; 256-257; 259; 261-263; 265; 267; 272; 274; 276-277; 280-281; 283; 285; 289-290; 292; 295; 297; 300; 303-305; 308; 311; 315; 318-319; 321; 324; 326; 329-330; 334-335; 338; 341; 343-344; 346; 349-350; 352; 356; 358; 361; 363-368; 370-373; 375-378; 381; 384; 387; 389; 392; 395-396; 398-399; 401-407; 409-411; 415; 417; 419; 421-426; 429; 431-434; 437-442; 444-449; 451; 453-456; 458; 460; 464; 466-467; 472; 474-479; 481; 483-485; 487; 490; 492-513; 517-522; 524-526; 528-538; 540-541; 543; 545; 548; 550; 552; 554-558; 560-563; 566-569; 571; 574-576; 580-586; 588-597; 599-600; 602-612; 616-622; 624-628; 630-636; 639-644; 646-649; 653; 655-662; 667-669; 671-673; 677-687; 689-692; 694-705; 707; 710-716; 718-719; 721-722; 724-729; 731-732; 734-748; 750-755; 757-758; 760-767; 769-777; 779-782; 784-787; 789-802; 804-812; 814-823; 825; 827-829; 831-838
wta_rankings_83_99.csv,1991-06-04,1,839,367,472,25-26; 35-36; 41; 46; 49-50; 55; 57; 65; 77; 79-81; 88; 109; 119; 129; 134; 150; 157; 161; 165-166; 189; 193; 195; 201-203; 212; 216-218; 223-227; 235-236; 239; 245-246; 248-250; 253; 256-257; 259-263; 265; 267; 272; 274; 276-277; 280-281; 283; 285; 289-290; 292; 294-295; 297; 300; 302-305; 308; 311; 315; 318-319; 321; 324; 326; 329-330; 332; 334-335; 338-339; 341; 343-344; 346; 349-350; 352; 356; 358; 361; 363-368; 370-373; 375-378; 381; 384; 387; 389; 392; 395-396; 398-399; 401-411; 415; 417; 419; 421-426; 429; 431-434; 437-442; 444-449; 451; 453-456; 458; 460; 464; 466-467; 472; 474-479; 481; 483-485; 487; 490; 492-513; 517-522; 524-526; 528-538; 540-541; 543; 545; 548; 550; 552; 554-563; 565-571; 574-576; 580-586; 588-597; 599-600; 602-612; 616-622; 624-628; 630-636; 639-644; 646-649; 653; 655-662; 664; 667-669; 671-674; 677-687; 689-692; 694-705; 707; 710-716; 718-719; 721-729; 731-732; 734-748; 750-755; 757-758; 760-777; 779-782; 784-787; 789-802; 804-812; 814-823; 825; 827-829; 831-838
wta_rankings_83_99.csv,1991-06-10,1,854,410,444,28; 42; 47; 62; 98; 148; 159; 163; 170; 186-187; 198; 203; 207; 213; 215; 218; 225; 229-231; 234-235; 237; 241; 249-252; 254-256; 258-259; 261; 265; 269; 271-272; 275; 278; 282; 284-287; 289-290; 293-294; 296-297; 302; 305; 307-308; 311; 315; 319; 321-323; 328-329; 333-334; 337-338; 341-342; 344; 346; 350; 352; 356-357; 360; 367; 369; 371; 375-378; 380-385; 387-388; 390; 393; 398; 400-403; 405-407; 409; 411-412; 415-417; 419-421; 424-431; 434-435; 437-444; 446; 448-450; 452-453; 456; 458-462; 470-471; 473; 477-480; 482; 485-490; 492-494; 496-501; 503; 505-515; 519-528; 530; 532-541; 543-544; 546; 548; 550; 552-553; 556-560; 562-564; 566-569; 572-573; 575-576; 579-580; 582-587; 589-595; 597-604; 606-607; 609-612; 614-615; 617-619; 621-626; 628; 630-634; 636; 638-644; 646-649; 651; 653; 657-659; 661-666; 669-671; 673-675; 677-680; 682; 684-692; 694-696; 698-700; 702-708; 710-711; 715-723; 725-728; 730-737; 739-741; 744-746; 748-755; 757-759; 761-769; 771-772; 774-779; 781-782; 784-797; 799-813; 815-819; 821-822; 824-826; 828-840; 842-846; 848-853
wta_rankings_83_99.csv,1991-06-17,1,857,407,450,31; 41; 47; 63; 98; 146; 158; 164; 168; 188-189; 197-198; 203; 211; 213-214; 225-226; 231-235; 241; 245; 248-249; 251; 253; 257-258; 260; 262-263; 268-269; 273; 275-276; 281-283; 286-290; 293-295; 297; 300; 304-305; 311; 315; 317-318; 320; 323-324; 327-328; 330; 335-337; 339-341; 343; 346; 354-355; 358-359; 364-365; 369-371; 373; 377-385; 388; 390; 398; 400-402; 404; 406-410; 413-415; 419; 421; 423-424; 427; 429-430; 432-435; 437-442; 444-445; 447; 449-458; 460-461; 466; 471-472; 475-479; 481-482; 487-492; 494-498; 500-506; 508; 510-519; 522-523; 526-533; 536-543; 545-546; 548-549; 551; 553-554; 556-559; 561-566; 568-569; 571-575; 577; 580-585; 587-593; 595-596; 598-604; 606-607; 609-611; 613-615; 617-619; 621-627; 629; 631-638; 640-641; 643-649; 651-654; 656-657; 659-661; 664-665; 667-668; 670-672; 674-676; 678-681; 683; 685-694; 696-698; 701-702; 704-708; 710; 714-724; 726-730; 732-739; 741-744; 746-749; 751-758; 760-764; 766-775; 777-779; 781-785; 787-797; 799-814; 816-825; 827-830; 833-844; 846-849; 851-856
wta_rankings_83_99.csv,1991-06-24,1,862,408,454,29; 43; 47; 64; 97; 147; 159; 165; 172; 191-192; 201-203; 205; 209; 213-214; 223; 228-229; 234-236; 238; 240; 242; 247; 250-251; 254-256; 260-262; 264-265; 271; 273; 280-282; 288; 291-295; 297-299; 306-308; 313; 317; 319; 321; 324-325; 327-328; 331; 334; 337-339; 341-343; 348; 350; 354; 357-358; 361; 363-366; 369; 375-376; 379; 382; 384-392; 395; 397; 400; 402-405; 407; 409; 411-414; 417; 419; 421-423; 425; 428; 430-432; 435-439; 441-442; 444-448; 450; 452-458; 460-461; 464-466; 469; 475-476; 478-480; 482-483; 490-493; 495-499; 501-503; 505-507; 509-522; 526; 528-537; 540-550; 553; 557; 559-568; 570-572; 574-578; 580; 583-589; 591-592; 594-600; 602-609; 611-614; 616-618; 620-622; 624-625; 627-632; 634; 636-642; 644-645; 647-651; 653-656; 658-661; 665-667; 669-673; 675-678; 680-683; 685-691; 693-698; 700-701; 703-709; 711-713; 717-718; 720-724; 726-731; 733-738; 740-745; 747-749; 751-752; 754-757; 759-766; 768-773; 775-781; 783-785; 787-794; 796-805; 807-818; 820-829; 831-835; 837-849; 851-854; 856-860
wta_rankings_83_99.csv,1991-07-01,1,862,369,493,26-27; 29; 36; 39; 43; 47; 54; 64; 74; 76; 79-80; 84; 87; 97; 114; 119-120; 128; 147; 159; 165-166; 172; 191-192; 199; 201-203; 205; 209; 213-214; 223; 225-229; 234-236; 238; 240; 242; 247; 250-251; 254-256; 260-262; 264-265; 269; 271; 273; 278; 280-282; 288; 291-295; 297-299; 306-309; 313; 316-317; 319; 321; 324-325; 327-328; 331; 334; 337-343; 348; 350; 354; 357-358; 361; 363-366; 369; 375-376; 379; 382; 384-392; 395; 397; 400; 402-405; 407-409; 411-414; 417; 419-423; 425; 428; 430-432; 435-439; 441-442; 444-448; 450; 452-458; 460-461; 464-466; 469; 475-476; 478-480; 482-483; 490-493; 495-503; 505-507; 509-522; 526; 528-537; 540-550; 553; 557; 559-572; 574-580; 583-589; 591-592; 594-609; 611-614; 616-618; 620-622; 624-625; 627-632; 634-642; 644-645; 647-651; 653-656; 658-661; 665-667; 669-673; 675-683; 685-691; 693-698; 700-701; 703-709; 711-713; 716-718; 720-731; 733-738; 740-745; 747-749; 751-752; 754-757; 759-766; 768-773; 775-781; 783-785; 787-818; 820-835; 837-854; 856-860
wta_rankings_83_99.csv,1991-07-08,1,876,410,466,28; 41-42; 60; 64; 102; 151; 159-160; 179; 185; 190; 197; 201-202; 205-207; 222-224; 226; 232-233; 235-236; 238; 240; 242-243; 251-252; 255; 262; 264; 267; 269; 271-272; 276-277; 281; 289-293; 295-297; 299; 301; 303-305; 307; 310; 312; 314-315; 319-320; 323; 327; 331-333; 339; 343-344; 346-349; 353; 355-357; 362-363; 367; 370; 374; 376-378; 381-383; 385-386; 388-390; 392-397; 400-402; 404-405; 407-408; 414-415; 417-420; 422-423; 425; 427; 429-431; 435-436; 440-442; 445-446; 449-451; 454-461; 463; 465-471; 475; 477-480; 483-484; 486-487; 489-493; 496; 498-500; 503-506; 508-512; 514-519; 521-523; 525-530; 532; 534-538; 541-542; 544-553; 555; 557; 560-561; 563-565; 567-577; 579-584; 589-590; 592-593; 595-599; 601-606; 608-615; 617-619; 621-623; 625-631; 633-636; 638; 640-646; 648-654; 656-659; 661-663; 665; 668-670; 672-675; 677-687; 689-692; 694-704; 706-708; 710-715; 717-720; 722-723; 726; 729-739; 741; 743-744; 746-747; 749-751; 754-758; 760-761; 763; 765-774; 776; 778-780; 782-790; 792-794; 796-805; 807-819; 821-834; 836-837; 839-842; 844-852; 854-860; 862-863; 865-867; 869-875
wta_rankings_83_99.csv,1991-07-15,1,876,412,464,28; 43-44; 60; 100; 148; 159; 177; 184; 189; 192; 202-203; 206-207; 214; 216; 218; 220-222; 227-230; 232; 238; 240; 242; 249; 251-252; 258; 262-263; 265; 269; 271-272; 277; 289-293; 295-297; 299; 302-304; 308-310; 312; 314-316; 320; 322-323; 328; 331; 333; 335; 338-339; 341; 345-346; 350-351; 353; 356; 358-362; 367-368; 376; 378; 380-382; 384-386; 388-389; 391-393; 395-401; 404-405; 407-409; 415-416; 418; 420; 422-425; 427-428; 430; 432-434; 437-438; 441-442; 446-450; 453-454; 456-465; 467-470; 473; 477-480; 482; 484; 489-497; 501; 503-504; 506; 508-515; 517-523; 525-526; 529-533; 535; 537-538; 540-541; 543; 547-558; 561; 563; 565-579; 581-586; 590-591; 593-595; 597-598; 600-615; 617-620; 622; 624; 626; 628-631; 633-634; 636-640; 642; 644-649; 651-654; 656; 658-669; 671; 674-680; 682-690; 692-693; 695-712; 714; 716-720; 723; 725; 727-728; 730-736; 738-741; 743; 745-747; 749-754; 756-757; 759-761; 763-764; 766; 768-771; 773-777; 779; 781-783; 785-796; 798-805; 807-819; 821-832; 834-841; 843-846; 848-853; 855-862; 864-865; 867-869; 871-875
wta_rankings_83_99.csv,1991-07-22,1,879,415,464,27; 42; 45; 60; 99; 151; 158; 179; 184; 189; 191; 202-203; 206; 208-209; 211; 215; 218-222; 229-230; 232; 237; 241; 246-247; 250; 252; 261-262; 267; 269-270; 273; 284; 289-292; 294; 296; 298; 300; 302-303; 305; 307; 309-310; 312-313; 315-317; 319; 321-322; 328-331; 337-338; 340; 343; 348-350; 353-355; 357-358; 361-363; 365; 371; 376; 378-381; 383; 385-388; 390-395; 398-399; 401-409; 414; 416; 419; 422-423; 425; 427-428; 430; 433-437; 441; 443; 446-451; 453; 456; 458-464; 466; 468-469; 471-473; 475-477; 480; 482; 484; 488; 490-498; 500; 502-505; 507; 509; 513-517; 519-521; 523-526; 528; 530-537; 540-543; 545-554; 556; 559-565; 567-568; 570-581; 583-584; 586; 589-590; 592-595; 597; 599-603; 605-615; 617-621; 624; 626; 628; 630-636; 638-641; 643; 645; 647-649; 651-655; 657-658; 660-665; 667-668; 670-672; 675-679; 681-689; 691; 693-709; 711-717; 720; 723-725; 727-729; 731-742; 744; 746-747; 749-753; 755-761; 763-765; 767; 770-778; 780; 783; 785-786; 788-795; 797-813; 815-816; 818-824; 826-831; 833-834; 836-840; 842-852; 854-860; 862-864; 866-870; 872-878
wta_rankings_83_99.csv,1991-07-29,1,870,416,454,27; 41; 44; 60; 101; 148; 159; 180; 185; 187; 189; 191; 203; 206-207; 210-212; 214; 218; 221; 225-226; 233-234; 237-238; 242-244; 253; 257; 259; 266; 268-269; 273-275; 284; 288; 292; 294-296; 298-299; 301-302; 304; 306; 312; 314-317; 319-322; 324; 328-329; 333-336; 340-341; 346-348; 351; 353; 357-358; 360; 363; 365-367; 369-370; 372-373; 378; 381; 383-384; 386; 388-390; 392-394; 397-401; 404-408; 411; 413-414; 419; 423; 425-426; 431; 433-434; 436; 439-444; 449-459; 461-462; 466-467; 469-471; 473-475; 478; 480-485; 489-493; 496; 498-506; 508-511; 513-514; 517-519; 521-524; 527-530; 532-535; 537-538; 540; 543-546; 548-549; 551-558; 560; 563-572; 574-575; 577-578; 580-586; 588; 590; 592-593; 595; 597-599; 602-604; 606-615; 617-625; 627-629; 631-633; 635-643; 645; 647-652; 654-656; 658; 660; 662; 664-667; 669-670; 672-674; 677; 679-681; 683-695; 698; 700-704; 706-714; 716-717; 719; 721-729; 732-746; 748; 750-755; 757-768; 770-772; 774; 777-785; 787; 789-790; 792-794; 796-803; 805-819; 821-822; 824-826; 828-833; 835; 837; 839-844; 846-855; 857; 859-869
wta_rankings_83_99.csv,1991-08-05,1,856,414,442,35; 39; 44; 51; 102; 145; 156; 163; 176; 182; 187-188; 192; 196; 200; 202; 209; 212; 214-216; 221-222; 224; 228; 231; 234; 237-238; 241; 250; 254; 258; 262-263; 265; 270; 272; 274; 276; 280; 286; 289-290; 293-294; 298; 300-302; 304; 306-307; 312; 314; 316-320; 327; 329-331; 333-335; 339-340; 344-347; 350; 352; 354-355; 358; 361; 363-364; 366-367; 369; 373-376; 378; 381; 384; 388-389; 391-393; 395; 397-400; 403-407; 409-411; 413; 420; 423-424; 426-427; 430; 433-439; 443-445; 450-452; 454-455; 457; 460-463; 465-469; 471-472; 475-476; 478-482; 485; 489-494; 498-506; 508-512; 514-516; 519-522; 524-525; 527-531; 533-534; 536-537; 539; 541; 543; 545-548; 550-551; 554; 556-557; 559-561; 564-568; 570-572; 574-577; 579-588; 590-592; 594; 596; 598-601; 604-606; 608-628; 630-639; 642-645; 647-651; 653; 655; 657; 659-661; 663-667; 670; 672-675; 677-692; 694; 696-697; 699-702; 705-711; 713-714; 716-718; 720-727; 729-744; 746; 748-750; 752-757; 759-765; 767-770; 772-773; 775-786; 789-792; 794-795; 798-805; 807-813; 815-819; 821; 823-824; 826-832; 834-836; 838-841; 843-850; 852-853; 855
wta_rankings_83_99.csv,1991-08-12,1,889,412,477,35-36; 48; 54; 131; 136; 140; 170; 177; 186-187; 189; 192; 202; 207; 210-211; 214; 216; 224-225; 227; 231; 234; 238; 240; 243; 245-246; 250; 252; 257-258; 263; 265-266; 269-270; 272-273; 279; 281-282; 284; 286; 291; 294; 297; 300; 302; 305-308; 310; 312; 314-318; 322-325; 328; 330; 333; 337-341; 348-349; 351-353; 358; 361; 363; 366-368; 372-376; 378-381; 383; 386; 388; 391-392; 394-395; 398; 401; 403-404; 406-408; 410-412; 414-416; 418; 424; 426-427; 429; 432-434; 436; 438-441; 445-446; 448; 452-456; 458-460; 463-464; 466-468; 470-471; 474-475; 477-479; 482-483; 485; 488; 490-492; 494; 496-503; 505; 507-509; 512-513; 516-518; 520; 523-525; 527; 529; 531-532; 534-535; 537-538; 540-545; 547-548; 550-551; 553; 555-558; 560-566; 569-574; 576-590; 592-595; 597-600; 604-610; 612-624; 627-632; 634-642; 646-657; 659-662; 664; 666; 668-670; 672; 674-678; 680; 682-698; 700; 702-705; 707-708; 710-716; 718-719; 721-722; 725-740; 742-749; 752-754; 756-758; 760-763; 765-768; 770-773; 775-778; 780-788; 790-792; 794-797; 799-810; 812-817; 819-824; 826-827; 830-831; 833-841; 843-848; 850-859; 861-862; 864-888
wta_rankings_83_99.csv,1991-08-19,1,901,412,489,37-38; 50; 55; 142-143; 150; 169; 181; 186; 190; 192; 195; 198; 207; 209-210; 214; 218; 225-226; 229-230; 234; 237; 239-241; 245; 249-250; 252; 257-258; 261; 263-264; 271-272; 276; 280-281; 284; 286; 290; 292; 295; 300; 302; 304; 306-310; 313; 315-317; 319-326; 329-330; 332; 336; 338; 340; 342; 345-346; 350; 352; 360; 362; 365-366; 368-369; 371-373; 375-376; 378-380; 384-385; 387; 390-391; 393-394; 398-399; 401-402; 405; 407; 409; 411; 413-415; 417-418; 420; 422; 424; 426-428; 432; 436-437; 440-443; 445; 448-453; 455-457; 461-463; 465; 467-469; 471-474; 476-477; 479; 482-485; 487-488; 492-499; 501; 504-507; 510; 512-515; 517-521; 525; 527-530; 532-533; 535-539; 541-542; 544-548; 551; 553; 556-559; 561-562; 564-570; 572-576; 578-586; 588-592; 594-599; 602; 604-612; 614-622; 624-628; 630-635; 637; 639-644; 647; 649-654; 656-659; 661-669; 671; 673; 675-678; 681-683; 686-701; 703-704; 706-710; 712-718; 720-722; 724-725; 727-745; 747-753; 755; 757-759; 761-763; 765-767; 769-773; 775-778; 780-782; 784-792; 794; 796-798; 800-801; 803-811; 813-821; 823-827; 829-831; 833-834; 836-846; 848-857; 859-862; 864-865; 867-894; 896-900
wta_rankings_83_99.csv,1991-08-26,1,908,414,494,36-37; 49; 56; 143; 145; 152; 163; 181; 191; 194; 196-197; 199; 208; 210-211; 216; 221-222; 224; 228-229; 235-237; 240; 242; 244; 249-252; 257; 262; 264-265; 268; 271; 280-282; 284-285; 287-288; 290; 293-294; 296-297; 302; 305-306; 308-309; 311; 314-318; 320; 322-328; 330; 333; 340; 342-344; 346; 348; 352; 354; 362; 364; 368; 370; 372-375; 377; 379-382; 385-387; 389; 393-395; 397; 400-405; 407; 409; 411; 413; 415-417; 419; 421; 424; 426; 428-432; 434; 437-439; 442-443; 445-447; 449-452; 454; 456; 460-464; 467; 469; 471-472; 474-475; 478-480; 483-484; 486-489; 491-493; 497-503; 506-512; 514; 516-520; 522-525; 529; 531-535; 538-540; 542-544; 548; 550-552; 554-558; 560-565; 568-569; 571; 573-577; 579-581; 583-593; 595-598; 601-604; 606; 608-612; 614-619; 621-632; 634-637; 640-645; 647-652; 654; 656-657; 659-660; 662-671; 673; 675-679; 682-688; 691-703; 705-706; 708-712; 714-718; 720; 722-726; 728-730; 732-743; 745-751; 753-762; 764-768; 770; 772-774; 776-778; 780-782; 784-786; 788-792; 794-805; 808-810; 812-813; 815-820; 822; 824-827; 829-835; 837-839; 841-842; 844-845; 847-850; 852-855; 857-866; 868-871; 873-901; 903-907
wta_rankings_83_99.csv,1991-09-02,1,908,372,536,25; 28; 36-38; 45; 48-49; 56; 67; 75; 83; 87-88; 111; 114; 130; 136; 143; 145; 147; 152; 163; 166; 181; 190-191; 194; 196-197; 199; 208; 210-211; 216; 220-222; 224; 228-229; 235-237; 240; 242; 244; 249-252; 256-257; 262-265; 268; 271; 276; 280-285; 287-288; 290; 293-294; 296-298; 302; 304-306; 308-309; 311; 314-318; 320; 322-328; 330; 333; 340; 342-344; 346; 348; 351-352; 354; 362; 364; 368; 370; 372-375; 377; 379-382; 385-387; 389; 393-395; 397; 400-405; 407; 409; 411; 413; 415-417; 419; 421; 424; 426-432; 434; 437-439; 442-443; 445-447; 449-452; 454; 456; 460-464; 467-469; 471-475; 478-480; 483-484; 486-489; 491-494; 497-503; 506-512; 514; 516-520; 522-525; 529; 531-535; 538-540; 542-544; 548-552; 554-558; 560-565; 568-569; 571; 573-577; 579-581; 583-593; 595-599; 601-604; 606; 608-619; 621-632; 634-637; 640-645; 647-654; 656-657; 659-660; 662-671; 673; 675-680; 682-688; 691-706; 708-712; 714-718; 720-726; 728-730; 732-751; 753-768; 770; 772-774; 776-778; 780-786; 788-792; 794-805; 808-810; 812-820; 822; 824-827; 829-835; 837-839; 841-842; 844-845; 847-850; 852-866; 868-901; 903-907
wta_rankings_83_99.csv,1991-09-09,1,925,423,502,35; 37; 53; 58; 137; 139; 172; 184; 188; 191; 196; 201; 206; 208; 210-212; 215; 223-224; 226; 229-230; 233; 235; 237; 240; 246-248; 251; 257; 264-265; 272-273; 275; 277-278; 281-284; 286; 289; 292; 295; 299-301; 303-304; 308; 311-313; 315; 319-322; 324-333; 335; 339; 343-344; 347; 349-350; 354; 362-363; 365; 369; 371; 373-375; 377-379; 382-384; 388-390; 392-393; 396-397; 399; 404-405; 407-409; 413; 415-416; 418-419; 422-423; 426-428; 430-436; 439-440; 442-447; 449; 452; 455-456; 458; 460-461; 464; 466-467; 469-471; 473; 475-477; 479; 481-484; 486-488; 490; 492; 494-497; 500-502; 504-506; 508-509; 511-520; 522; 524-525; 528-529; 531; 533-540; 542; 544-545; 548-549; 552-553; 555-557; 561-564; 566-568; 571-572; 574-576; 579-581; 583; 585-601; 603-607; 610-614; 616-617; 619-620; 622-624; 627-646; 649-652; 655-657; 659-664; 667-679; 681-682; 684-688; 691-694; 698-714; 716-717; 719-721; 723-727; 729; 731-734; 737; 739-742; 744-745; 747-764; 766-767; 769-770; 772-780; 782-783; 785-787; 789-792; 794-797; 799-802; 804-810; 812-815; 817-819; 821-823; 825-830; 832; 835-837; 839-846; 848; 850-851; 853-873; 875-878; 880-896; 898; 900-911; 913-918; 920-924
wta_rankings_83_99.csv,1991-09-16,1,933,423,510,33; 36; 51; 57; 137; 139; 173; 177; 184; 193; 197; 200; 203; 205; 208-209; 211; 213; 217-218; 224; 227; 229; 237-238; 247-252; 255; 260-261; 267-268; 274-275; 277-278; 283-285; 288-291; 293-294; 296; 300; 304; 307; 309-312; 314-316; 320-322; 324-330; 333; 337-338; 342; 344-345; 347-348; 350; 356-357; 363; 366-367; 369; 371; 373-375; 377-378; 380-382; 387; 389; 391-393; 395; 398; 401; 404-406; 408; 411; 413; 416; 418-419; 421; 424-429; 431; 433-434; 436-437; 439-441; 443-448; 450; 453; 456; 458-459; 461; 463-464; 466; 468-470; 472-473; 475-477; 479-485; 487; 489; 492-493; 495; 498-499; 501-504; 506-518; 521-523; 528-530; 532-533; 535-536; 538; 540-546; 548; 550-551; 553; 555-556; 558-559; 561-562; 565; 568-569; 571-574; 576-580; 582-587; 589-593; 595; 597-598; 600-602; 604-605; 607-610; 613; 615-623; 625-631; 633-637; 639-652; 655-659; 662; 664-669; 671; 673-684; 686-690; 692-694; 696; 698-699; 701; 704; 706-713; 715-720; 722-725; 727-732; 734-744; 746-747; 749; 751-757; 759-768; 770-771; 773; 775-785; 787-789; 791-794; 796-798; 800-801; 803-805; 807-810; 812-815; 817-818; 820-825; 827-828; 830-841; 843; 846-847; 849-858; 860; 862-881; 883-886; 888-904; 906; 908-918; 920-927; 929-932
wta_rankings_83_99.csv,1991-09-23,1,935,425,510,33; 35; 54; 58; 140; 154; 173; 175; 183; 194; 197; 199; 202; 204; 207-208; 210; 214; 219-220; 225; 228; 231; 237; 245; 247; 249-253; 256; 260-261; 265; 268; 270; 274-275; 277-278; 282-283; 286; 288-293; 296; 303; 307; 309-312; 314-315; 321-323; 325-332; 335; 340-341; 343-345; 349; 353; 357; 364; 366-371; 373-374; 377-379; 381; 383; 387; 389-390; 392-394; 396; 399; 403-404; 406; 409; 411-412; 415; 417-421; 425-429; 431-432; 434; 436-437; 439-440; 442-448; 451; 454-455; 458-459; 462-463; 465-466; 468; 470-472; 474-475; 477-480; 482-485; 487; 489; 491-492; 495; 497-503; 505-506; 508-517; 520-522; 527-529; 532-533; 535-536; 538-541; 543-545; 547; 550; 553-555; 557; 559-560; 563; 565-566; 568; 570; 572-573; 575-577; 579-581; 583-587; 589-595; 597-600; 602-604; 606-609; 612-613; 615; 617-624; 626-632; 634-641; 643-651; 653; 655-658; 660-661; 663-669; 671; 674; 676-680; 682-684; 686-697; 699-702; 704; 706; 708-716; 718-721; 723-725; 727-731; 733-740; 742; 744-746; 748-749; 751-772; 774-775; 777; 779-782; 784-790; 792-798; 800-802; 804-805; 808-815; 817-821; 824-825; 827-831; 833-846; 848; 851-853; 855-863; 865; 867-885; 887-890; 892-909; 912-920; 922-928; 930-934
wta_rankings_83_99.csv,1991-09-30,1,944,424,520,35; 38; 54; 61; 122; 137; 152; 175-176; 179; 184; 195; 198; 201; 203-204; 210; 212; 214; 217; 222; 224; 226-227; 233; 239-240; 249; 251-256; 262; 265; 267-268; 271-274; 276; 278-279; 282; 288-289; 293-295; 297-298; 305; 308-309; 311-315; 317; 319-320; 327-328; 330-332; 334-336; 339; 341; 343-344; 347-348; 352-353; 355; 363-364; 366; 369-375; 377; 385-386; 391-392; 394-396; 398; 400; 403-405; 407-409; 411-413; 417-419; 421-424; 426-428; 430-431; 433-437; 441-442; 444-446; 448-451; 454-455; 457; 459-460; 462-463; 466-467; 469-472; 474; 476; 478-479; 481-483; 485-488; 491; 493; 495-497; 499-500; 502; 504-507; 509-516; 518-521; 523-525; 528-530; 534-537; 539; 541-542; 544; 546-549; 551-552; 554; 560; 562-563; 565-566; 568-569; 573; 575-576; 578-581; 583-588; 590-592; 594-599; 601; 603-606; 609; 611; 613-616; 618-622; 624-633; 635-642; 644-646; 648-653; 655-659; 661; 663-665; 667-670; 672-673; 675-676; 678-682; 685-688; 690-705; 707; 709-711; 713-724; 726-729; 731-733; 735-741; 743-744; 746-749; 751-752; 755-756; 758; 761-770; 772-782; 784-786; 788-791; 793-797; 799-805; 807-812; 814-816; 818-829; 831-837; 839; 841-845; 847; 849-863; 865-867; 869-870; 872-878; 880-902; 904-905; 907-921; 924-931; 933-938; 940-943
wta_rankings_83_99.csv,1991-10-07,1,945,429,516,35; 41; 54; 63; 123; 140; 151; 167; 170; 179; 185; 192; 195; 197; 203; 205; 208; 211; 214; 218; 221; 223; 225-226; 231; 238-239; 241; 245; 253-254; 256-258; 265-268; 270; 272-274; 276; 278-279; 286; 288-290; 296; 298; 300-301; 304; 306; 309-310; 313-315; 317-318; 320; 322-323; 330; 332-335; 337-339; 342-343; 345; 348-349; 351-353; 363; 367-369; 373-380; 387-389; 393; 395-396; 401; 403-404; 407; 410-411; 413-419; 423; 425-426; 428-429; 431-437; 439; 441-442; 445-446; 448-455; 459-460; 462-464; 466-467; 471-474; 476; 478-480; 482-485; 487-489; 491; 494; 497-502; 505-510; 512-518; 520-521; 523-524; 527; 530-531; 533; 535; 537-541; 543; 545; 548-549; 551-552; 555; 559; 561-562; 565; 567-569; 571; 573-576; 579; 581; 583-585; 587-593; 595-596; 598-599; 601-605; 607-610; 612-613; 615; 617-621; 623-628; 631-635; 637-642; 644-645; 647-655; 657-663; 665-670; 672-673; 675-679; 681-682; 684-692; 694-709; 711-713; 715-716; 718-728; 730-732; 734; 736-739; 741; 743-749; 752-755; 757; 760-770; 773-783; 785; 787-788; 790-793; 795-802; 804-807; 809-811; 813-815; 817-825; 827-833; 835; 837-843; 845; 848-854; 856-866; 868-869; 871-878; 880-902; 904; 906; 908-922; 925-930; 932-938; 940-944
wta_rankings_83_99.csv,1991-10-14,1,945,432,513,35; 41; 54; 64; 122; 138; 150; 168; 171-172; 180; 182; 185; 193; 197; 201; 207; 211; 213; 218; 222; 224-225; 231; 237-239; 241; 243; 253-256; 263-265; 267-269; 271; 273-274; 278; 280; 286-291; 298-300; 303; 305; 309-311; 314; 317-318; 320; 322-325; 331-333; 335-337; 340; 342-343; 347-352; 362-364; 369-370; 374-380; 386; 388; 392; 394; 396; 398; 401-403; 405; 408; 410; 412; 414-418; 424-427; 429; 431-432; 434-438; 440-441; 443-444; 447-453; 455-456; 460-462; 464-466; 468-469; 471-474; 476; 478-480; 482-483; 486; 488-493; 496-497; 499-502; 504-507; 510-514; 516-520; 522; 527; 529-532; 534-538; 540; 542; 544; 546-547; 549-551; 556; 561-562; 565-566; 568-573; 576; 578-582; 584-590; 592-593; 595-597; 599-604; 607; 609-612; 615; 617; 619-621; 623-628; 631-632; 634-637; 640-645; 647; 649-660; 662-667; 670-671; 673-676; 678-679; 681; 683-691; 693-711; 714-724; 726-731; 733; 735-736; 738-739; 741; 743-749; 752-754; 756-757; 760-769; 772-782; 784-785; 787-791; 793-801; 803-806; 808-809; 811-812; 814-816; 818-826; 828-834; 836-843; 845; 847-866; 868-869; 871-873; 875-879; 881-883; 885-901; 903-904; 906; 908-922; 925-930; 932-938; 940-944
wta_rankings_83_99.csv,1991-10-21,1,946,435,511,32; 38; 55; 64; 88; 136; 147; 164; 166; 172; 180; 182; 184; 191; 196; 199; 207; 209-210; 217; 224-226; 230; 236-238; 240; 244; 253-256; 262-265; 268-269; 271; 273-274; 278; 280-281; 286-287; 289; 291; 293-297; 303; 305; 310-313; 316; 319; 321-324; 331-332; 335-336; 338; 341-342; 344-345; 349-354; 358; 361; 368; 371; 373-374; 377-382; 388; 391; 394; 396-397; 399; 401; 403; 405; 408; 411-412; 415-419; 423; 425-426; 429-432; 434; 436-439; 441-442; 444-445; 448-454; 456-457; 460-461; 463-464; 466-467; 469; 471-472; 475; 477; 479-481; 483-488; 490-492; 494-495; 497-500; 502-507; 511-513; 515-517; 519-520; 522-524; 526; 529; 531-533; 535-538; 540; 542; 544-550; 554; 556; 559; 561; 563-564; 566; 568; 570-572; 574; 576-581; 583-586; 588; 591-593; 595; 597; 599-603; 605-609; 611; 613; 615; 617-618; 620-626; 630-631; 633-640; 642-643; 645-656; 658; 660-663; 667-668; 670-671; 673-675; 677; 679-684; 686; 688-690; 692-709; 711-722; 725-731; 733-734; 736-740; 742-743; 745-750; 753-755; 757; 760-766; 768-769; 772-781; 783-784; 786-799; 801-805; 807-811; 813-815; 817-825; 827-832; 834-845; 848; 850-853; 855; 857-864; 866; 868-869; 871-873; 875-879; 881-905; 907; 909-925; 928-933; 935-939; 941-945
wta_rankings_83_99.csv,1991-10-28,1,952,440,512,33; 35; 52; 63; 130; 147; 162-163; 171; 177; 182-183; 194; 198; 201; 203; 206; 222-226; 229; 239-240; 242-243; 250; 252; 254-255; 259; 262-264; 266; 268; 271-272; 274-275; 277-279; 285; 287; 289-290; 293-295; 302-306; 308; 310-311; 316; 318-319; 327-328; 331; 335-337; 339-340; 343-344; 347-350; 352; 356; 362; 365-368; 374-380; 386-387; 392; 394; 397-398; 400; 402; 404-405; 407; 409; 412-415; 417-418; 422; 424-426; 428-431; 435-438; 441-444; 450-452; 454-455; 457-461; 463-470; 472; 475-477; 479; 483-484; 486-490; 494; 496-498; 500-506; 509-516; 518-522; 524-526; 528; 530-531; 535; 537; 539; 541; 546-553; 556; 558-559; 563; 566-568; 570-572; 575-583; 585-589; 591; 593-594; 596; 598; 600-604; 606-612; 614-616; 618-620; 622-628; 631; 633; 635-637; 639-643; 645-646; 648-650; 652; 655-657; 659; 661-662; 664-665; 667; 669-671; 673-675; 677-678; 680-681; 683-690; 692-695; 697-709; 711-721; 724-732; 734-737; 739-744; 746-750; 753-759; 761-762; 764-766; 769; 771-778; 780-782; 784-786; 789-797; 799; 801-802; 804; 806-814; 816-826; 828-832; 834-835; 837-848; 851; 853-870; 872-874; 876-878; 880-883; 885-906; 908; 910-912; 914-926; 929-936; 939-944; 946-951
wta_rankings_83_99.csv,1991-11-04,1,960,445,515,33; 35; 55; 60; 91; 130; 153; 161; 164; 172; 179; 182-183; 193; 197; 201; 203; 205; 220-221; 223-227; 239-243; 250; 254; 256; 259; 262-266; 269-270; 273-274; 276-277; 279; 286; 288-289; 291-295; 301; 304-305; 313; 315-317; 319-320; 323; 328-329; 331; 336-337; 339; 341; 343-345; 349-350; 352-353; 355; 358; 365-366; 369-371; 377-380; 383; 385; 387-388; 390; 392-394; 398; 400-401; 407; 409; 412; 415-417; 419; 421; 423; 425; 428-429; 432-435; 437; 439; 441-443; 446-448; 451-454; 456-461; 463-467; 469; 471; 473-475; 477; 479-480; 482; 484; 487-491; 493-498; 500; 502; 504-506; 508-512; 514-515; 517-520; 522-526; 529-531; 535-536; 539-542; 544-545; 549-554; 558; 560-561; 566-568; 570; 572-573; 575-576; 578; 580-582; 584-594; 597; 599; 602-603; 605-609; 611-617; 620; 622-625; 628-632; 634; 637-639; 641-646; 648-654; 657-659; 662-663; 665-669; 671; 674-680; 682; 685-687; 689; 691-706; 708-712; 714-720; 722-729; 731-737; 739; 742-748; 750; 752-756; 758-759; 761; 763-768; 770; 772-775; 777-781; 783-791; 793-794; 796-798; 800-801; 803-805; 807-808; 810-811; 813-814; 816; 818-819; 821-825; 827-836; 838-843; 845-846; 848-856; 858; 860; 862-876; 879-889; 891-895; 897; 899-918; 920; 922-931; 933; 935-943; 945-951; 953-959
wta_rankings_83_99.csv,1991-11-11,1,953,444,509,32-33; 55; 59; 135; 152; 161; 166; 172; 182; 184-185; 194; 200; 203; 205; 209-210; 219; 221-223; 228-229; 236; 241-242; 245-247; 253-255; 259-260; 262; 264; 267-268; 270; 272-273; 276; 278; 280-281; 283; 286; 288-289; 291-292; 294; 299-300; 303; 305; 308; 312; 314; 320-322; 330; 333; 335; 339-343; 345; 347; 349-350; 355; 357; 359-360; 362; 365; 367; 374-377; 381-385; 388; 391-394; 399; 402; 405-406; 408; 413; 416; 419-423; 426-427; 429; 434; 436-444; 446; 448-449; 452; 454-460; 462-464; 466-470; 473-474; 476-477; 479-480; 482; 485; 487; 489-498; 501; 503; 505-511; 513-514; 516-522; 524-525; 527; 530; 533-537; 539-540; 542; 545; 547-550; 553-554; 556; 558-559; 567-573; 575; 577; 579-580; 582-588; 590-594; 597; 599-600; 602-603; 605-607; 609-610; 612; 614-618; 620; 622-624; 626-630; 632-635; 638-644; 646-647; 649-659; 661; 663-665; 667-673; 676-678; 680-683; 685; 688-689; 691-693; 695-700; 702; 704-709; 711-717; 719-730; 732-739; 741-742; 745-750; 753-757; 759; 761-766; 769-782; 785-786; 788-790; 792; 794-797; 800-804; 806-809; 812-815; 817-826; 828-832; 834-836; 838-847; 851-868; 871-880; 882-883; 885-886; 888-894; 896-897; 899-915; 918-928; 930-935; 937-943; 945-949; 951-952
wta_rankings_83_99.csv,1991-11-18,1,962,447,515,33-34; 52; 59; 134; 158-159; 161; 167; 172; 174; 177; 180; 185; 195; 204; 206; 209; 212; 224-227; 236; 241-242; 244-248; 254; 258-259; 261-263; 267-269; 273; 275; 278; 280; 282; 285-286; 289-290; 293-295; 299; 303; 306-308; 312; 318-321; 323; 330-331; 336; 340-342; 344; 348; 350; 355; 357-359; 361; 364; 366-367; 369; 371-373; 377-378; 381-382; 385-388; 391; 393-396; 399-400; 404; 408-409; 412; 420; 422-426; 429; 432; 435; 437; 439-445; 447-449; 452-453; 455-456; 458-463; 465; 467-472; 476-477; 479; 482-492; 494-497; 499-500; 504-506; 508-511; 513-515; 518-526; 528; 531; 534-535; 537-539; 542; 545-551; 556-557; 559-561; 563; 570-575; 577-578; 580-582; 584-589; 593-597; 600-601; 603; 605-608; 610-613; 616-620; 622-628; 630-634; 636-639; 641-647; 650-651; 654-656; 658-660; 662-674; 676; 678; 680-685; 687; 689-690; 692; 694-695; 697-700; 702-705; 707-716; 718-729; 732-741; 743-744; 746; 748-754; 757-762; 764-765; 767-769; 771; 773; 775-781; 783-785; 787-789; 792-795; 799-801; 803-808; 810-814; 817-830; 832-833; 835-837; 839-841; 843-852; 855-856; 858-873; 876-886; 888-889; 891-898; 900-921; 924-931; 934-939; 943-953; 955-961
wta_rankings_83_99.csv,1991-11-25,1,961,446,515,33-34; 52; 59; 135; 158; 161; 165-166; 170; 175; 177; 187; 191; 193; 204; 206; 210; 213; 223-227; 229; 236; 244-246; 248-250; 252; 257; 259-260; 264-268; 270-272; 279; 283; 285; 288-289; 291-292; 295; 298; 301; 303; 306; 308-310; 316; 319; 325-327; 333; 338; 340-341; 343-346; 350; 353; 355; 357; 359-360; 363; 367; 369; 371; 373; 375; 377-378; 380-382; 384-385; 387-388; 390; 392-395; 398; 406-409; 418; 420-421; 423-425; 428; 431; 436; 438-445; 447-449; 453-457; 459-462; 464; 466; 468-473; 475-476; 478-479; 483; 485-493; 495-497; 499-501; 505-507; 509-511; 513-514; 516-518; 520-524; 526-527; 529; 531; 534-535; 537-538; 541; 543-552; 557; 560-563; 565; 571-573; 575-579; 581-586; 589-593; 596; 599-600; 602; 604-605; 607-609; 612-617; 619-625; 627-632; 634-637; 639-647; 650; 652-654; 656-657; 659-664; 666-672; 674; 676-677; 679-685; 687-688; 690; 692-693; 695-696; 698; 700-702; 704-706; 708-713; 715-726; 729-739; 741-743; 745; 747-749; 751-752; 755-759; 761-763; 765-767; 769; 771-778; 780-782; 784-786; 789-792; 794; 796-798; 800-805; 807-811; 813-828; 830-831; 833-836; 838; 840-846; 848-849; 852; 854-870; 872; 874-884; 886-887; 889-895; 897-919; 922-930; 932; 934-939; 942-954; 956-960
wta_rankings_83_99.csv,1991-12-02,1,962,446,516,33-34; 52; 58; 132; 159; 162; 166-167; 170; 173; 175-176; 191; 193; 202; 207-208; 212; 222; 224; 226-229; 234; 238; 243-244; 247-249; 254-255; 257-258; 261-263; 265-266; 272-273; 277; 282; 284; 288-289; 297; 300-304; 309-312; 318; 320; 323-325; 330; 335; 338; 340-344; 347; 349-350; 352; 355; 357-358; 361; 364; 369; 372; 374-378; 381-385; 387; 389; 392-393; 395-397; 400-401; 407-408; 415-416; 418; 422-424; 427-428; 436; 438-442; 444-445; 449-453; 455-457; 459-463; 466; 468-473; 476; 478; 480; 482-490; 493-500; 502; 504-508; 510; 512-513; 516-518; 520-522; 524-528; 530; 535-536; 540-541; 543-544; 546-551; 555-556; 559; 562; 568-584; 586; 588-591; 593; 596-599; 601; 603-606; 608-610; 612; 614-618; 620-621; 623-626; 628-632; 634-635; 637-649; 651-652; 654-655; 657-667; 669; 671-676; 678-680; 682-683; 685; 687-690; 692-695; 697-701; 703-704; 706-710; 712-715; 717-723; 726-737; 740; 743-748; 750; 754-758; 761-762; 764-765; 768; 770-775; 777-779; 781-783; 785; 787-793; 795-799; 801-804; 806-820; 822-829; 831-832; 835-837; 839; 841-850; 852-868; 871-875; 877-885; 887-892; 894-915; 917; 919-929; 931; 933-934; 936-939; 943-955; 957-961
wta_rankings_83_99.csv,1991-12-09,1,974,447,527,33-34; 52; 61; 132; 158; 160-161; 167; 169; 172; 174; 176-177; 195; 201; 207; 216-217; 229; 231-232; 234-236; 241; 246-247; 250-252; 256; 261; 264-265; 269-270; 273; 275-276; 281-282; 284; 286; 288; 290-291; 296; 304-305; 307-312; 316; 319-322; 326-328; 333-334; 339-340; 344; 347-349; 351-354; 356; 359; 361-362; 365; 367; 370; 373; 375-376; 378; 381-383; 386-390; 393-395; 397-398; 402-403; 409-411; 414; 420-422; 426-428; 430; 433; 441; 443; 445-449; 451-452; 455-458; 460-462; 465-467; 469-472; 476-477; 479; 481-482; 485-489; 491-500; 502-510; 512; 514-518; 520; 523-524; 526-529; 531-532; 534-538; 540; 544; 546; 548-549; 551-552; 554-558; 560; 562; 565-566; 568; 570; 574; 577-595; 597-603; 605; 608-612; 614; 616-618; 620-626; 628; 630-633; 635; 637-640; 642-658; 661-666; 668-677; 679; 681-686; 690-692; 694-696; 699-702; 704-708; 710; 712-718; 720-727; 729-732; 735-745; 747; 750-754; 756; 758-759; 763-767; 769; 771-773; 775-777; 779; 782-787; 789-791; 793-794; 797-802; 805-808; 810-812; 814-815; 817-832; 834-840; 842-843; 845-847; 849; 851-860; 862-878; 881-887; 889-892; 894-900; 902-909; 911-928; 931; 933-942; 945; 947-951; 954-955; 957-967; 969-973
wta_rankings_83_99.csv,1991-12-16,1,979,449,530,33-34; 52; 61; 132; 158; 160; 163; 167; 169-170; 173-174; 176; 196; 208; 211; 219-221; 232-235; 237; 240; 248-249; 252-255; 258; 260; 266; 270; 275; 277; 279-281; 288; 290; 294-296; 301; 309; 311-317; 320; 323-326; 330-332; 337-338; 342-343; 347; 350-352; 354-357; 360-361; 363-364; 368-369; 373; 377-379; 381; 384-386; 388-394; 396; 398-399; 401-402; 406; 409; 413-415; 417; 423-424; 428-429; 431-433; 445; 447-450; 452-454; 456-458; 461-463; 465; 467-468; 470-476; 480-482; 485-486; 489-495; 497-506; 508-515; 517; 519-525; 528-530; 532-535; 537-539; 541-543; 545-547; 549-550; 554; 556-558; 560; 562-565; 567; 569-570; 572-573; 575; 577-578; 582; 585-601; 603-605; 607-609; 611; 614-619; 621; 623-624; 626-629; 631-633; 635; 637-640; 642; 644-648; 650-666; 669-673; 675-684; 686; 688; 690-693; 697-699; 702-704; 707-710; 712-718; 720; 722-726; 728-735; 737-740; 743-754; 756; 758-762; 764; 766; 768; 772-778; 780-782; 784; 786-788; 791-796; 798-800; 802-804; 806-811; 813; 815-820; 822-824; 826; 828-841; 843-850; 852-853; 856-858; 860; 862-872; 874-876; 878-890; 892-898; 900-909; 911-919; 921-928; 930-938; 941; 943-950; 952; 954-958; 961-973; 975-978
wta_rankings_83_99.csv,1991-12-23,1,979,449,530,33-34; 52; 61; 132; 158; 160; 163; 167; 169-170; 173-174; 176; 196; 208; 211; 219-221; 232-235; 237; 240; 247; 249-250; 253-256; 260; 266; 270; 275; 277; 279-281; 288; 290; 294-296; 301; 309; 311-317; 320; 323-326; 330-332; 337-338; 342-343; 347; 350-352; 354-357; 360-361; 363-364; 368-369; 373; 377-379; 381; 384-386; 388-394; 397; 399-400; 402-403; 408; 411; 416-418; 423-425; 429-430; 432-434; 446; 448-451; 453-455; 457-459; 462-464; 467; 469-470; 472-478; 480-482; 485-486; 489-495; 497-506; 508-516; 518-519; 521-526; 529-531; 533-536; 538-539; 541-543; 545-547; 549-552; 555; 557; 559-560; 562; 564-566; 568; 570-571; 573-574; 576-577; 579-580; 584; 587-601; 603-605; 607-610; 612; 615-621; 623; 626-627; 630-632; 634-635; 637; 639-644; 646-650; 652-667; 670-685; 687; 689; 691-694; 698-700; 703-705; 708; 710-712; 714-719; 721-727; 729-737; 739-741; 744-755; 758-762; 764; 766; 768; 772-778; 780-782; 784; 786-788; 791-796; 798-800; 802-804; 806-811; 813; 815-820; 822-824; 826; 828-841; 843-851; 853-854; 857-859; 861; 863-873; 875-877; 879-891; 893-898; 900-909; 911-919; 921-928; 930-938; 941; 943-950; 952; 954-958; 961-973; 975-978
wta_rankings_83_99.csv,1991-12-30,1,979,449,530,33-34; 52; 61; 132; 158; 160; 163; 167; 169-170; 173-174; 176; 196; 208; 211; 219-221; 232-235; 237; 240; 247; 249-250; 253-256; 260; 266; 270; 275; 277; 279-281; 288; 290; 294-296; 301; 309; 311-317; 320; 323-326; 330-332; 337-338; 342-343; 347; 350-352; 354-357; 360-361; 363-364; 368-369; 373; 377-379; 381; 384-386; 388-394; 397; 399-400; 402-403; 408; 411; 416-418; 423-425; 429-430; 432-434; 446; 448-451; 453-455; 457-459; 462-464; 467; 469-470; 472-478; 480-482; 485-486; 489-495; 497-506; 508-516; 518-519; 521-526; 529-531; 533-536; 538-539; 541-543; 545-547; 549-552; 555; 557; 559-560; 562; 564-566; 568; 570-571; 573-574; 576-577; 579-580; 584; 587-601; 603-605; 607-610; 612; 615-621; 623; 626-627; 630-632; 634-635; 637; 639-644; 646-650; 652-667; 670-685; 687; 689; 691-694; 698-700; 703-705; 708; 710-712; 714-719; 721-727; 729-737; 739-741; 744-755; 758-762; 764; 766; 768; 772-778; 780-782; 784; 786-788; 791-796; 798-800; 802-804; 806-811; 813; 815-820; 822-824; 826; 828-841; 843-851; 853-854; 857-859; 861; 863-873; 875-877; 879-891; 893-898; 900-909; 911-919; 921-928; 930-938; 941; 943-950; 952; 954-958; 961-973; 975-978
wta_rankings_83_99.csv,1992-01-06,1,980,449,531,37; 40; 51; 60; 125; 159; 161; 164; 166; 168; 171-173; 175; 193; 208; 211; 219-221; 232-235; 237; 240; 246; 249-250; 253-255; 257; 261; 267; 271; 274-275; 277; 280-282; 292-295; 300; 306-307; 310-316; 319; 322-325; 329-331; 336-337; 342-343; 347; 350-352; 354-357; 360-361; 363-364; 368-369; 373; 377-379; 381; 384-386; 388-394; 397; 399-400; 402-403; 407; 411; 415-417; 422; 424-425; 429-430; 432-433; 435; 445; 447-449; 451; 453-455; 457-459; 461-463; 466; 468-469; 471-474; 476-477; 479-482; 485-486; 488-494; 496-505; 507-515; 517-518; 520-525; 528-530; 532-535; 537-538; 541-543; 545-547; 549-552; 555; 557; 559; 561-562; 564-566; 568; 570-571; 573-574; 576-577; 579-580; 584; 587-600; 602-604; 606-609; 611; 614-619; 621; 624-625; 628-630; 632-633; 635; 637-642; 644-648; 650-665; 668-683; 685; 687; 689-692; 694; 697-699; 702-704; 707; 709-711; 713-718; 720-726; 728-736; 738-740; 743-754; 757-761; 763; 765; 767; 771-777; 779-781; 783; 785; 787-788; 791-796; 798-800; 802-804; 806-811; 813; 815-820; 822-824; 826; 828-841; 843-851; 853-854; 857-859; 861; 863-873; 875-877; 879-891; 893-898; 900-909; 911-919; 921-928; 930-938; 941; 943-950; 952; 954-959; 962-974; 976-979
wta_rankings_83_99.csv,1992-01-13,1,979,447,532,34; 39; 45; 60; 107; 124; 159; 162; 164; 166-167; 169; 172; 175; 190; 204; 206; 208; 218-219; 221; 232-235; 237; 240; 248-249; 252-255; 260-261; 269; 273; 275-276; 279-280; 286; 291-294; 298; 302; 305-306; 309-314; 317-318; 320-323; 325; 327; 330-332; 335; 340-341; 346; 349-352; 355; 357-358; 360-361; 363-364; 368-369; 372; 376; 378-379; 381-382; 385-386; 388-394; 397; 399; 401-402; 406; 409-410; 417; 422-424; 427; 429-432; 434; 444; 446-447; 450-453; 456-459; 462-465; 467-473; 475; 477-481; 484-485; 487-494; 496-501; 503; 505-514; 516; 519-525; 528-530; 532-535; 537-538; 541-542; 544-547; 549-553; 556-557; 559-561; 563; 565; 568-570; 572-574; 576; 580; 583; 585-591; 593-600; 602-609; 611; 614-619; 622; 625-626; 629; 631-634; 636-641; 643-647; 649-663; 666-676; 678-682; 685-687; 689; 692-695; 697-700; 703-704; 706-707; 709-711; 713-720; 723-731; 733; 736-737; 740-752; 755-759; 761; 763-764; 766; 770-779; 781; 783; 785-786; 789-795; 797-800; 802-804; 806-810; 812; 814-819; 821-823; 825; 827-838; 840-848; 850-851; 854-856; 858; 860-872; 874-876; 878-891; 893-898; 900-909; 911-918; 920-927; 929-939; 942; 944-954; 956-960; 963-973; 975-978
wta_rankings_83_99.csv,1992-01-20,1,979,403,576,23-24; 34; 39-40; 45; 49; 60; 66; 69; 72; 77; 82; 86; 107; 122; 124; 127; 155; 159; 162; 164; 166-167; 169; 172; 175-176; 190; 204; 206; 208-209; 214-215; 218-219; 221; 232-235; 237; 240; 245; 248-249; 252-255; 258; 260-261; 269; 273; 275-276; 279-280; 286; 291-294; 297-298; 302; 305-306; 309-314; 317-318; 320-323; 325; 327-328; 330-332; 334-335; 338; 340-341; 346; 349-352; 355; 357-358; 360-361; 363-364; 368-369; 372-373; 376; 378-382; 385-386; 388-394; 397; 399; 401-402; 406; 408-410; 412; 417; 422-424; 427; 429-432; 434; 442; 444; 446-447; 450-453; 456-459; 462-465; 467-473; 475; 477-481; 484-485; 487-494; 496-501; 503; 505-514; 516; 519-525; 528-535; 537-538; 541-547; 549-553; 556-557; 559-561; 563; 565; 568-570; 572-574; 576-577; 580; 582-591; 593-600; 602-609; 611; 614-619; 622-623; 625-626; 629; 631-634; 636-641; 643-647; 649-663; 666-676; 678-682; 685-687; 689-690; 692-695; 697-700; 703-707; 709-721; 723-731; 733; 736-737; 740-752; 755-759; 761; 763-764; 766; 769-779; 781; 783; 785-786; 788-795; 797-800; 802-804; 806-810; 812; 814-819; 821-825; 827-838; 840-848; 850-851; 854-856; 858; 860-872; 874-876; 878-891; 893-898; 900-909; 911-918; 920-927; 929-939; 942-961; 963-973; 975-978
wta_rankings_83_99.csv,1992-01-27,1,980,450,530,34; 38; 46; 61; 109; 152; 159-160; 164; 170; 172; 174; 176; 192; 199-200; 203; 206; 216; 218; 220; 222; 226-227; 231; 235; 237-238; 241; 243; 249; 251-252; 255-256; 258-259; 264; 266; 271; 275; 278-279; 285; 287; 292; 294; 296-298; 301; 305; 307-310; 312; 315-316; 318-320; 323; 328; 331; 333-334; 336; 338; 341-342; 346-347; 350-352; 358; 360; 362-365; 368-369; 371; 374; 378; 380; 382; 384-395; 399-400; 406-407; 412; 415; 418-419; 422-423; 426-428; 432; 434; 437; 444; 446-447; 453-455; 457-458; 460-465; 467-468; 470-478; 480-482; 485-486; 488-494; 496-497; 499-502; 504-506; 508-518; 520; 522-525; 528; 530; 532-537; 541-543; 545-548; 551-553; 555; 557-559; 561; 564; 566; 570-574; 577; 583-584; 587-592; 594-607; 609-616; 619-623; 625-626; 628-629; 631-637; 639-645; 647-651; 653; 655-668; 671-682; 684-688; 691-693; 697-699; 701-704; 707-708; 710-711; 713-715; 717-725; 728-734; 736; 739-741; 744-755; 757-758; 760-762; 764-765; 768; 770; 772; 775-784; 786-787; 789-790; 792; 794-799; 801-805; 807; 809-813; 815; 817-823; 825-827; 829; 831-837; 839-842; 844-852; 854-855; 858-861; 863-864; 866-877; 879-881; 884-896; 898-903; 905-916; 918-925; 927-932; 934-943; 947-955; 957-961; 963; 965-974; 976-979
wta_rankings_83_99.csv,1992-02-03,1,979,448,531,30; 40; 45; 66; 85; 109; 147; 159; 163; 166; 171; 174; 178; 189; 194-195; 199; 201; 214-215; 217; 220; 226; 229-231; 235; 237; 240; 243; 251; 253-254; 256-259; 265; 268; 271; 273; 277-279; 285; 287; 291-292; 294-295; 298-299; 303; 305; 309-310; 312-314; 316-318; 323-324; 326; 331; 336; 338; 341; 343-344; 347; 350-351; 353; 356; 358; 361; 364-366; 369-370; 372-373; 375; 379; 381-382; 385-391; 393-394; 396-397; 402; 407; 409-411; 414; 417; 419; 423-424; 426-429; 432; 435; 439; 441; 444; 446; 449; 453-455; 457-459; 462-468; 470-471; 473-483; 486-488; 491-492; 494-505; 507-518; 520-524; 526; 530; 533-538; 542-547; 550-552; 558-559; 561-563; 565; 570-575; 578; 583-584; 587-593; 595-606; 608-614; 617-621; 624-625; 627-628; 630-635; 637-645; 647-651; 653; 655-660; 662-669; 671-680; 682-685; 688-691; 695-698; 700-703; 706-707; 709-710; 712-715; 717-718; 720; 722-726; 729-737; 739; 741-743; 746-762; 764-765; 769; 771; 774-783; 785-786; 788-789; 791; 793-798; 800-804; 806-807; 809-813; 815-823; 825-826; 828; 830-837; 839-840; 842; 844-845; 847-853; 855-856; 859-863; 865-866; 868-878; 880-882; 884-896; 898-901; 903-914; 916-923; 925-941; 944-951; 953-954; 956-960; 962; 964-973; 975-978
wta_rankings_83_99.csv,1992-02-10,1,978,447,531,29; 43; 54; 69; 111; 160; 164; 168; 172; 174; 179; 182; 190; 197; 199; 202; 208; 219-221; 227; 229; 231-232; 236; 240; 246-248; 250-251; 253; 256-259; 264; 266; 269; 272; 280-281; 285; 293-294; 297-299; 301; 304; 306-308; 310-312; 316-317; 325-326; 329; 332-333; 335; 338-339; 341-342; 347-348; 352-353; 356; 360; 364-366; 369-373; 376-377; 381-382; 384; 386-393; 399; 401; 404; 407-409; 411-412; 415; 417-418; 422-424; 426-428; 431; 434; 437; 439; 441-442; 445; 449; 451-452; 455-457; 459-460; 463-468; 470; 472-480; 482-483; 485-487; 491-493; 495-496; 498-507; 509-519; 521-524; 526; 529; 531-539; 543-548; 550; 552-553; 560; 562-564; 566; 568; 572-578; 581-582; 585; 587-589; 592-598; 600-608; 610-613; 616-623; 625; 627; 629; 631-637; 639-646; 648; 650-654; 656-661; 663-668; 670-671; 673; 675-690; 693-694; 697-698; 700-702; 704; 706-710; 712-715; 717-719; 721-723; 725-732; 735-741; 743-746; 749-767; 771; 775-780; 782-784; 786-788; 790-791; 793; 795-800; 802-804; 806-807; 809-813; 815-821; 824-825; 827-835; 837-838; 840; 842-843; 845-851; 853-854; 857-859; 861-862; 864-875; 877-879; 881-888; 890-894; 896-899; 901-911; 913-920; 922-940; 943-953; 955-958; 960; 962-973; 975-977
wta_rankings_83_99.csv,1992-02-17,1,978,448,530,29; 47; 49; 72; 107; 149; 164-166; 175; 178; 184; 187; 191; 194; 201; 208-210; 212; 223; 228-231; 242; 244; 248-249; 251; 254-256; 258; 260; 262; 264-265; 268; 273; 287-289; 294-298; 300; 304-307; 309; 315-318; 320; 323-324; 326; 328; 331; 333; 336; 339-340; 344; 348-349; 353; 358-359; 361; 363-365; 367-369; 371; 373; 375-377; 379; 381; 384-388; 393; 396-398; 403-404; 410; 413; 415-416; 418; 421; 423-424; 426; 429; 431; 433; 435-436; 438-441; 443; 445; 449-450; 452-454; 456; 459-465; 468; 470-480; 483-486; 489-492; 494-498; 500-508; 510; 512-517; 519-520; 522-526; 529; 531-537; 540-543; 545-548; 551; 553-554; 562-563; 565; 567; 570-572; 574; 576-577; 579; 581; 583-584; 586; 588; 590-591; 593-595; 597; 599-614; 616; 618-625; 627; 629-633; 635-642; 644-647; 650-657; 659; 661-666; 669-671; 673; 675-679; 681-690; 692; 694; 698-700; 702-704; 706; 708; 710; 712-713; 715-720; 722-723; 725-728; 730-733; 736-742; 744-748; 750; 752-770; 772; 774; 776-781; 783-787; 789-791; 793-794; 796; 798-803; 805-808; 810; 812-816; 819-825; 828-829; 831-852; 854; 856-858; 860-861; 863-871; 873-874; 876-878; 881-885; 887-890; 892; 894-896; 898-909; 911-920; 922-937; 941-957; 959-968; 970-972; 974-977
wta_rankings_83_99.csv,1992-02-24,1,985,452,533,29; 48; 52; 82; 110; 162; 165; 169; 172; 176; 182; 184; 187; 192; 195; 203; 205; 207; 209; 211; 224; 228; 234; 237-239; 244; 248-250; 252-254; 259; 261-262; 264; 267; 272; 281; 285; 289; 295-299; 301-302; 304-308; 312; 316; 318-320; 322; 326-329; 331-332; 339-341; 346; 348; 350-351; 361-363; 365-366; 369-371; 375; 377; 379; 381-382; 385; 387-389; 392-394; 397-399; 403-404; 412; 417; 419; 421-423; 426-428; 431-432; 434; 436-438; 440-441; 443-444; 448-449; 452-454; 456; 459-469; 471; 473-482; 485-487; 490-493; 495; 497-500; 502-507; 509; 512-518; 520-522; 524-529; 532; 534-538; 542-549; 551-553; 562-563; 565-566; 568-569; 572-573; 575; 578; 580-581; 583; 585-586; 588; 590-596; 598-613; 616-617; 619-624; 626-627; 629-630; 632-650; 653; 655; 657-658; 660-661; 663-667; 669-670; 672-674; 676-684; 686-690; 693; 696; 699-706; 708; 710-711; 714; 716-723; 725; 727-728; 730-734; 737-740; 742-748; 750-751; 753-762; 764-772; 774-776; 779; 781-784; 786-789; 791-792; 794-795; 798-808; 810; 812-818; 820-828; 831; 833-848; 850; 852-854; 856-858; 860-862; 864-869; 871-872; 874-877; 880-886; 888-889; 891; 893-897; 899-900; 902-910; 912-914; 917-921; 923-936; 938-943; 945-963; 965-974; 976-979; 981-984
wta_rankings_83_99.csv,1992-03-02,1,995,450,545,31; 44-45; 81; 103; 165; 168; 174; 183; 185-187; 196; 199; 202; 208; 211-213; 227; 229; 232; 234-235; 240; 243-244; 246-247; 250; 253-255; 262-264; 267-269; 282; 285; 293; 296-297; 300-304; 306-311; 313-315; 321; 326; 328-331; 336; 341-345; 348; 350-351; 353-354; 366-367; 369-371; 374-376; 378; 380-383; 385; 388; 391; 393-394; 399-400; 402-405; 407; 417; 420-422; 425; 427-428; 432-433; 435-437; 439-441; 443-445; 447-450; 453-454; 456-459; 463; 465-467; 469-480; 482-484; 486-489; 491-494; 496; 498-501; 504-505; 507-509; 511-513; 515-520; 522-524; 526; 528-531; 534-536; 538-540; 542-544; 546-547; 549-552; 554; 556; 558; 561; 564-565; 567-568; 570-571; 574; 577-578; 580; 582-583; 585-586; 589; 591-596; 598-612; 615-617; 620-632; 634; 636-642; 644-654; 656-658; 660; 662; 664-666; 668-672; 674-675; 677; 679-680; 682-688; 690-692; 694-699; 701; 703; 706-711; 713-715; 717-719; 722-729; 731; 733-734; 736-741; 743; 745-747; 749-751; 753-754; 756-776; 778-780; 783; 785-792; 794-796; 798-800; 803-805; 808-811; 813-817; 819; 821-828; 830-839; 841; 843; 845-855; 857-861; 863; 865; 867-869; 871-874; 876-879; 881-884; 886-887; 889-895; 898-900; 902-904; 906; 908-918; 920-923; 925-928; 930-941; 943; 945-950; 952-972; 974-984; 986-989; 991-994
wta_rankings_83_99.csv,1992-03-09,1,1000,453,547,32; 43; 45; 78; 99; 158; 168; 180-181; 186; 189; 191; 194; 196; 198; 209-213; 221; 224; 229; 231; 235-236; 241; 243-244; 246; 250-253; 261-262; 264; 266-268; 272; 283; 287; 290-291; 294; 299-304; 307-313; 318; 321; 328; 330; 332; 334-335; 340-341; 343; 345-348; 350; 352; 365; 367; 369-370; 372-374; 376-377; 379-380; 382; 385; 387-388; 391; 393-395; 399; 401-402; 404-406; 413; 416-419; 422; 425-426; 430-431; 433-434; 436-438; 440-442; 445-448; 451-453; 455-458; 462-464; 466-468; 470-481; 484-486; 488-490; 492-494; 496-498; 500-501; 503; 505; 507; 509-511; 514-516; 518-524; 526-528; 530; 532-534; 537-538; 540-548; 550-551; 553-555; 558; 562; 565-567; 569-570; 572-574; 579-580; 582; 584-585; 587-588; 590; 592-597; 600-608; 610-617; 619; 621-622; 624; 627-639; 642; 644-653; 655-660; 662-664; 666-668; 670; 672; 674-677; 679-680; 682-684; 686-696; 699-703; 706-707; 709-710; 712-720; 722-723; 725-728; 730; 732-735; 737-738; 740; 742; 744-751; 755-761; 763-767; 769-787; 789-790; 793; 795-800; 802-805; 807-808; 811-812; 815-818; 821-827; 829; 831-836; 838-848; 850; 852-862; 864-868; 870; 874-875; 877-879; 881-884; 886-889; 891-892; 894-900; 902-904; 906-908; 910; 912-923; 925-928; 930-933; 935-946; 948; 950-954; 956-978; 980-989; 991-994; 996-999
wta_rankings_83_99.csv,1992-03-16,1,995,406,589,24; 26; 32; 43; 45; 50; 56; 64-65; 78; 99; 101; 108-109; 115-117; 128; 158; 168; 173; 180-181; 186-187; 189; 191; 193-194; 196; 198; 204; 209-213; 221; 224; 229; 231; 234-236; 239; 241; 243-244; 246; 250-253; 261-262; 264; 266-268; 272; 283; 287; 290-292; 294; 296; 299-304; 307-313; 318; 321; 324; 328; 330-332; 334-335; 340-341; 343; 345-348; 350; 352-355; 365; 367; 369-370; 372-374; 376-377; 379-380; 382; 385; 387-389; 391; 393-395; 399; 401-402; 404-406; 413; 416-419; 422-423; 425-426; 430-431; 433-434; 436-442; 445-448; 451-453; 455-458; 462-464; 466-481; 484-486; 488-490; 492-494; 496-498; 500-501; 503; 505; 507; 509-511; 514-516; 518-524; 526-528; 530-534; 537-538; 540-548; 550-551; 553-555; 558; 562-563; 565-567; 569-570; 572-574; 579-582; 584-585; 587-590; 592-597; 600-617; 619; 621-622; 624; 627-642; 644-653; 655-660; 662-664; 666-668; 670; 672; 674-677; 679-680; 682-684; 686-696; 698-704; 706-707; 709-710; 712-720; 722-723; 725-728; 730; 732-735; 737-738; 740; 742; 744-752; 755-761; 763-767; 769-787; 789-790; 793; 795-800; 802-805; 807-808; 811-812; 814-819; 821-827; 829; 831-836; 838-848; 850; 852-862; 864-868; 870; 874-875; 877-879; 881-889; 891-892; 894-900; 902-904; 906-908; 910; 912-923; 925-933; 935-948; 950-954; 956-989; 991-994
wta_rankings_83_99.csv,1992-03-23,1,1001,456,545,32; 43; 45; 77; 88; 96; 166; 169; 184; 186; 188; 193; 197-198; 200; 203; 206; 208; 211; 216; 219; 231; 233; 235; 240-241; 243; 246; 248-250; 253-255; 259; 261; 265; 267; 271-273; 282; 286-287; 289; 293-294; 297-298; 300; 303-304; 306-308; 311-313; 316; 318; 324; 326; 328; 331; 333-335; 341-343; 345; 347-348; 351-352; 354; 362; 364; 367-369; 371; 373-377; 379; 381; 384; 390; 392; 395; 397-398; 400-401; 403; 405; 407; 412-416; 419; 421-422; 427-429; 431-433; 436; 438-441; 443-445; 447-448; 450; 452; 454; 456-457; 459-462; 466; 468-470; 472-485; 488-490; 492-495; 498-499; 504-506; 509; 511-513; 515-519; 522-526; 528-531; 533-534; 537-538; 541-544; 546-552; 554-555; 558-559; 563; 565-566; 569-570; 573; 575; 579; 581-582; 584; 587-595; 597-604; 606; 608-625; 627-628; 630-631; 633-641; 645-647; 649-654; 656-662; 664-666; 668; 670-673; 675; 677; 679-684; 686; 688-689; 691-701; 705-709; 711-712; 714-716; 718-722; 724-727; 729-731; 733-734; 736-741; 743; 745; 747-753; 756-763; 765-766; 768-770; 772-778; 780-790; 792-794; 798; 800-803; 805-808; 810-811; 813-814; 817-821; 823-829; 831; 833-837; 839-850; 852; 854-862; 864-866; 868; 870-873; 875; 879-881; 883-885; 887-890; 892-894; 896-897; 899-907; 909-910; 912-914; 916; 919-929; 931-934; 936-939; 941-950; 952; 954; 956-974; 976-995; 997-1000
wta_rankings_83_99.csv,1992-03-30,1,1001,457,544,33; 43; 47; 79; 96; 164; 168; 182; 185; 188-189; 197; 199; 202; 205-206; 208; 212; 217; 221; 230; 233-234; 239-240; 243; 246; 248-249; 253-255; 259; 261; 264; 271; 276-277; 281; 283-284; 286-287; 289; 291; 298-299; 301-304; 306-307; 309-311; 313; 315; 317; 323; 325; 327; 331; 333-335; 341-342; 344; 346-348; 350; 352-353; 358; 364; 367; 369; 372-380; 382; 389; 391; 393; 395-398; 401; 403; 405; 412-415; 417; 419-420; 422-423; 428; 430; 432-433; 435; 438; 441-443; 445-450; 452-453; 455-457; 460-463; 466; 468; 470; 472-474; 476-487; 490-491; 493; 495-497; 499-500; 502-504; 509; 511-512; 515-521; 523-527; 529-532; 534; 538; 540-542; 546-548; 550-555; 558-560; 562; 564-567; 572-573; 577; 579-581; 584; 588-597; 599-607; 609-624; 626; 628-631; 633-640; 644-645; 647-652; 654-659; 661-662; 664-665; 667-670; 672; 674; 676-683; 685; 688-697; 699; 701-703; 705; 707-713; 715-719; 721-724; 726-727; 729-736; 738-740; 742; 744-749; 753-759; 761; 763-785; 787-789; 792; 794; 796-799; 801-804; 806-807; 809-810; 813-817; 819-825; 827; 829-833; 835; 837-840; 842-847; 849; 851-860; 862-864; 866-871; 873-874; 878-881; 883-885; 887-890; 892-894; 896-897; 899-907; 909-910; 912-914; 918-919; 921-927; 929-932; 934-937; 939-951; 953; 955-960; 962-975; 977-995; 997-1000
wta_rankings_83_99.csv,1992-04-06,1,1005,458,547,34; 43; 47; 81; 93; 162; 169; 174; 181; 184; 188; 198-199; 202; 204-205; 208; 211; 217; 219; 229; 231; 235-237; 240; 245; 248; 251-253; 256; 259; 267; 270; 274; 277; 280; 282; 284; 286-287; 289-290; 295; 298-299; 301-302; 304-308; 311-314; 319; 321; 323-324; 326; 331; 334-335; 340; 342; 344-347; 349; 352; 357; 364-366; 369; 371; 374-377; 379-384; 389-390; 395; 397-401; 405; 409-410; 413-414; 416; 419-421; 425; 427-428; 432-433; 436; 439; 442-448; 450-453; 455-456; 458-461; 464; 466; 469; 471; 473-479; 481-484; 486-487; 490-492; 494-499; 502-504; 507; 509; 511; 513; 515; 517-521; 523; 526-532; 534-535; 537; 539; 541; 543-544; 547; 549-550; 552-553; 555-558; 561-562; 564; 566-568; 570; 572; 575-577; 580; 583-585; 587-588; 590-599; 601-606; 608; 610-620; 622-625; 627-628; 630-634; 636-641; 646-652; 654-659; 661-662; 664; 666-670; 672-673; 675; 677-683; 685-686; 689-696; 698-699; 701; 703-705; 707-714; 716-719; 721-724; 726-727; 729-736; 738-740; 742-748; 751-759; 761; 763-771; 773-784; 786-788; 791; 793; 795-798; 800-805; 807-809; 811-812; 815-817; 819-825; 827; 829-833; 835; 837-848; 850; 852-861; 863-865; 867-871; 873-874; 878-881; 883-885; 887-890; 892-894; 896-897; 899-903; 905-909; 911-913; 915-917; 921-922; 924-931; 933-936; 938-940; 942-951; 953; 955-960; 962-977; 979-998; 1000-1004
wta_rankings_83_99.csv,1992-04-13,1,999,457,542,28; 44; 46; 73; 91; 158; 171; 182-183; 186; 193; 197; 199-201; 203; 208; 214; 216; 220; 223-224; 231; 233; 235; 240-241; 246; 249; 251-253; 255; 268; 273-275; 278; 285-288; 291; 293-295; 297-299; 301-302; 304-305; 307; 311-313; 315; 317; 319; 321; 325-326; 328; 333; 335; 337; 340-341; 345; 347; 350-352; 359; 361-362; 369; 372; 374-375; 377-378; 381-385; 387; 389-390; 396-399; 402; 406-407; 410; 412; 415-417; 420-422; 424; 428-430; 434-436; 439-440; 443-448; 450-451; 453-456; 458-460; 462; 466-468; 471; 474-479; 482-485; 487-489; 491-492; 494; 496-501; 503-506; 509-511; 513; 515; 517-520; 522-524; 527-528; 530-532; 535-536; 538; 540-541; 543-544; 546-547; 550-551; 553; 555-556; 559-562; 564; 566-569; 571; 574-575; 580-582; 584-585; 587-595; 597-603; 605; 608-619; 621-624; 626; 628-639; 643-647; 649-655; 657; 659-664; 666; 668; 670; 672-679; 681-688; 690-691; 693; 695-696; 698-700; 702-714; 716-720; 722-723; 725-730; 732-733; 736-738; 740-746; 748-756; 758; 760-781; 783; 785; 788; 790; 792-796; 798-802; 804-806; 809-810; 813-815; 817-823; 825; 827-829; 831-833; 836-843; 845; 847-856; 858-860; 862-866; 868-869; 872-873; 875-878; 880-882; 884-886; 888-889; 891-892; 894-898; 900-904; 906-909; 911-913; 916-918; 920-927; 929-932; 934-936; 938-947; 950-955; 957; 959-971; 973-991; 993-998
wta_rankings_83_99.csv,1992-04-20,1,1008,459,549,35; 42; 45; 67; 84; 151; 156; 170; 183-184; 187; 193; 195; 201; 206; 212-213; 218; 222; 230-231; 234-235; 237; 240-242; 245; 250; 253; 255; 259; 266; 275-277; 284; 286-289; 292-293; 296-297; 301-305; 307; 309; 311; 314; 317-320; 322; 325-327; 330; 333; 335-336; 338-340; 342; 345; 351; 353; 357; 361-362; 365; 369-370; 373-375; 378-380; 382; 385; 387; 392; 394-396; 398; 400; 404; 406; 408; 412-415; 418-419; 421; 423; 425; 427-428; 432-433; 437-438; 440; 443-444; 446; 448-449; 451-458; 463-465; 471-479; 481; 483; 486; 488-490; 492-493; 495-504; 507-509; 511; 513-514; 516-519; 521-526; 529; 532-534; 536-537; 540-542; 544-545; 547; 551-552; 555-556; 558; 560-564; 566-567; 569; 572; 574; 577-578; 580-581; 583-584; 586-596; 598-603; 605-620; 624-633; 635; 637-641; 643-645; 647-651; 653; 655-660; 662-663; 665-672; 675; 677-679; 681-687; 689-694; 696-697; 699-712; 714-718; 720-723; 725-730; 732-733; 735-741; 744-753; 755; 757-771; 773-779; 781; 783; 785; 787; 789-792; 794-799; 801-803; 806; 810-811; 814-821; 823; 825-830; 833-840; 842-843; 845; 847-856; 858-860; 862-867; 869-872; 875; 877-880; 882-885; 887-889; 891-892; 894-895; 897-901; 903-907; 910-911; 913-915; 917; 919-921; 923-931; 933-937; 939-941; 943-956; 959-963; 965; 967-979; 981-1002; 1004-1007
wta_rankings_83_99.csv,1992-04-27,1,999,456,543,33; 36; 47; 68; 85; 153; 168; 174; 183; 185; 187; 192; 198; 204; 206; 211; 215; 219-220; 228-232; 234; 239-240; 242; 245; 251; 253; 256; 263; 276; 279-280; 284; 286; 289-295; 300-301; 303; 305-306; 308; 310-311; 313; 316-319; 321; 324-325; 327; 330-331; 335-338; 341-342; 346; 351; 354; 357-358; 360; 364; 367; 369-370; 372-374; 377; 380; 383; 389; 391-392; 394-396; 399-402; 408-409; 411-412; 414-415; 417-419; 424-426; 430-432; 436; 438; 441-443; 446-453; 457-458; 460; 465; 467-471; 473-474; 476; 478; 480; 482-485; 487-497; 500-502; 504-505; 508-510; 512-514; 516-520; 524; 527-528; 530-532; 535-536; 538-539; 541-542; 546-548; 550; 552-557; 560-561; 563-564; 567; 569-571; 573-574; 576; 578-580; 582-591; 593-596; 598-599; 601; 603-616; 620-628; 630; 632-639; 641-643; 645-649; 651; 653-659; 661-663; 665-669; 671; 673-674; 676-681; 683-688; 690-692; 694-695; 697-709; 711-715; 717-720; 722-726; 728-729; 731-736; 739-746; 748; 750-765; 767-772; 774-775; 777-778; 780; 782-784; 786-788; 790-794; 797; 799; 802-803; 806-812; 814-815; 817-823; 826-832; 834-835; 838-848; 850-852; 854-860; 862-864; 867-868; 870-874; 876-879; 881-884; 886-887; 890-891; 893-902; 905-906; 908-909; 911-914; 916-924; 926-929; 931-933; 935-940; 942-947; 949-953; 955; 957-967; 969-972; 974-993; 995-998
wta_rankings_83_99.csv,1992-05-04,1,1001,453,548,33; 36; 46; 66; 83; 92; 151; 165; 171; 183; 186; 188; 193; 196; 206; 208; 213; 217; 221-222; 229; 231-232; 234; 236; 242; 246; 249; 251; 255-256; 259; 261; 279; 281-283; 285-286; 290-291; 293-296; 298; 303-307; 311-312; 314-316; 318; 320; 322-323; 325; 328; 331-333; 337-338; 341-344; 350; 353; 356; 358-359; 362; 365; 368; 371; 375-377; 379; 381-383; 386-387; 393; 395-396; 398; 401-402; 404-405; 411-413; 415; 417-421; 423; 425; 427-429; 434-435; 437; 440-443; 446-450; 453-455; 460-462; 466-471; 474-475; 478-485; 487-491; 493-498; 501-503; 505; 507-509; 511-514; 518-520; 526-527; 529; 531; 534-535; 537-540; 543-548; 550-555; 557-559; 561; 564-565; 568-570; 573-574; 576-578; 580-590; 592-595; 597; 599-600; 602-604; 606-615; 617; 620-624; 626-630; 633-640; 643-650; 652; 654-661; 663-665; 667-670; 672-675; 677-678; 680-686; 688-693; 695-698; 700-707; 709; 711; 713-716; 718-720; 722-729; 731-737; 740-746; 748-764; 766-768; 770-771; 773-774; 776; 778-781; 783-785; 787-791; 794; 796; 799-800; 803-809; 811-812; 814-822; 824-835; 838-847; 849; 851-856; 858-861; 863-865; 868; 870-873; 875-878; 880-883; 885; 887; 889-897; 899-900; 902-904; 906-907; 909; 911-915; 917-924; 926-929; 931-934; 936-946; 948-953; 955; 957-968; 971-974; 976-995; 997-1000
wta_rankings_83_99.csv,1992-05-11,1,997,451,546,34; 36; 47; 67; 97; 136; 167; 174; 184; 187; 189; 196; 198; 204; 207; 214; 216; 221-222; 228; 230-231; 233; 235; 240; 244; 248; 251-252; 258; 260; 277-278; 281-283; 286; 289; 291-292; 294-295; 297-299; 302-305; 309-310; 312-313; 315; 318-319; 321-322; 324-326; 331-333; 335; 339-340; 343-344; 347; 351; 353; 356; 359; 361-367; 370; 372; 375-376; 379; 384; 387; 389; 391; 395-396; 398; 400; 402-404; 413-414; 416-417; 419-424; 426; 428; 430-431; 434-436; 438-439; 441-443; 445-446; 449; 453; 455-456; 460-462; 464; 466-470; 472; 474; 476-482; 486-496; 498; 500-501; 503-505; 508-509; 512; 514-519; 522-524; 528-530; 533-534; 536; 538; 540-541; 543; 545; 547-548; 550-555; 557-558; 560-561; 563-564; 566; 568; 570-572; 575-576; 578-589; 591-594; 596; 599-604; 606-618; 620; 622; 626; 628-632; 634-643; 645-651; 653-660; 662-664; 666; 668-671; 674-677; 679-680; 682-684; 686-694; 696-698; 700-709; 711; 713; 715-718; 720; 722-723; 725-738; 740-747; 749-755; 757-764; 766-767; 769; 771-772; 774-776; 778; 780-782; 784-789; 791-794; 796; 798; 800; 803-804; 806; 808-813; 815-816; 818-837; 840-849; 851-862; 864-867; 870; 872-876; 878-882; 884-887; 890; 892-896; 898; 900-901; 903; 905; 907-911; 913-920; 922-927; 929-932; 934-946; 948-951; 953; 955-964; 967-991; 993-996
wta_rankings_83_99.csv,1992-05-18,1,989,456,533,34; 36; 46; 67; 84; 135; 168; 170; 186; 189; 191-192; 200; 207; 209; 215; 220-222; 228-229; 231; 234; 236; 238; 244; 250-251; 253; 260; 263; 278; 280-281; 283; 286; 290-291; 293-294; 296-299; 301-303; 305-306; 309; 311-314; 316; 318-319; 321; 324; 326; 328; 334-337; 341; 343; 346-347; 351; 353; 357; 359; 361; 364-368; 370; 372; 374; 376; 379-383; 387-388; 390; 398; 400-401; 404-406; 411; 415-416; 418; 420-423; 425; 427; 430-434; 436-437; 439-440; 442; 444-445; 447; 451; 456; 458-460; 464-465; 467-469; 471; 473; 475-476; 478-483; 486-492; 494-497; 499-500; 502-503; 505-509; 512; 514-517; 519-520; 523; 527-530; 533; 535-536; 538-541; 543; 545-548; 550-554; 557-559; 562-563; 565; 567; 570-573; 575; 577-582; 584-587; 589-591; 593-595; 599-616; 618-621; 623; 625; 629-632; 634-635; 637-644; 646-650; 652-657; 659-660; 662-667; 669-670; 672-675; 677-678; 680-681; 683-686; 688; 690-707; 709-710; 713; 715-719; 721; 723-724; 726-727; 729-737; 739-748; 750-756; 758-767; 769-772; 774-775; 777-778; 780; 782-785; 787-792; 794-796; 799; 801; 804-805; 809-812; 814; 816-834; 837-845; 847; 849-861; 863-866; 869; 871-873; 875-879; 881-885; 888; 890-894; 896; 898-900; 902; 904; 906-910; 912-919; 921-922; 924-927; 929-936; 938-941; 943; 945-956; 958-983; 985-988
wta_rankings_83_99.csv,1992-05-25,1,989,454,535,32; 35; 53; 82; 93; 146; 165; 169; 185; 189; 191-192; 201; 205; 211; 215-216; 221-222; 229-230; 232; 234-236; 239; 249-250; 258; 261; 264; 280-282; 284; 287; 289; 294-297; 299-301; 303; 306-307; 309; 312-315; 317; 319-321; 323; 326-328; 333; 335-337; 339; 341; 345; 348; 352-353; 355-356; 359; 362; 364-366; 369; 371; 373-375; 378-382; 384-385; 391; 393; 395; 398; 402; 404-405; 410-411; 414-415; 418-419; 421; 423; 425; 427; 429; 431-436; 438; 440-446; 450; 452-453; 455; 461; 463-464; 466; 468-469; 471-472; 474-476; 478-481; 483; 486-493; 496-497; 499; 502-511; 513-515; 517-520; 525-526; 529; 531; 533; 535-536; 538; 540-541; 543; 546-551; 553-558; 561-563; 565; 567; 570-571; 573-574; 576-580; 582; 584-591; 593-594; 596-599; 601-618; 620-621; 623; 626; 628; 631-635; 637; 639-645; 647-650; 652; 654-657; 659-660; 662-663; 665; 667-671; 673-679; 681-685; 687-695; 697-703; 705-718; 720-721; 723; 725; 727-738; 740-746; 748-749; 751; 753-757; 759-761; 763; 765-769; 771; 773-777; 779-783; 785-790; 792-794; 797; 800-801; 803; 805-806; 808-809; 811; 813-827; 829-832; 835-838; 840-845; 847-851; 853-860; 862-864; 868-869; 871-873; 875-879; 882-892; 894; 896-898; 900-902; 904; 907-913; 915-920; 922-924; 926-930; 932-938; 940-943; 945-946; 948-984; 986-988
wta_rankings_83_99.csv,1992-06-01,1,989,407,582,24; 26; 32; 35; 41; 49; 51; 53; 55; 79-80; 82; 93; 104; 106; 123; 134; 136; 138; 146; 165; 169; 174; 185; 189; 191-192; 197; 201; 205; 210-211; 215-216; 221-222; 229-230; 232; 234-236; 239-240; 243; 249-251; 258; 261; 264; 280-282; 284; 287; 289; 294-297; 299-301; 303; 306-307; 309; 312-315; 317; 319-321; 323; 326-328; 333-337; 339; 341-342; 345-346; 348; 352-353; 355-356; 359; 362; 364-366; 369; 371; 373-375; 378-382; 384-385; 388; 391-393; 395-396; 398; 402; 404-405; 410-411; 414-415; 418-419; 421; 423; 425; 427; 429; 431-446; 450-453; 455; 461; 463-464; 466; 468-469; 471-472; 474-476; 478-481; 483-484; 486-493; 496-497; 499; 502-511; 513-515; 517-521; 524-526; 529; 531; 533; 535-538; 540-541; 543-551; 553-558; 561-563; 565; 567; 570-571; 573-574; 576-580; 582; 584-591; 593-599; 601-618; 620-623; 626; 628; 631-635; 637-645; 647-650; 652; 654-657; 659-660; 662-663; 665; 667-671; 673-679; 681-695; 697-703; 705-718; 720-723; 725; 727-738; 740-746; 748-749; 751; 753-757; 759-761; 763; 765-769; 771; 773-777; 779-790; 792-794; 797-798; 800-801; 803; 805-806; 808-809; 811; 813-827; 829-832; 835-845; 847-860; 862-864; 868-869; 871-873; 875-880; 882-892; 894; 896-898; 900-902; 904; 907-920; 922-930; 932-938; 940-943; 945-946; 948-984; 986-988
wta_rankings_83_99.csv,1992-06-08,1,991,453,538,34; 38; 66; 81; 85; 101; 148; 158; 175; 185; 199; 201; 203-204; 208; 211; 213; 217; 224-225; 232; 234-235; 238; 240-241; 244; 250; 257; 260; 274; 277-279; 282; 285-286; 288; 290; 292-293; 296-298; 301; 304-305; 307-309; 312; 314-315; 317; 320-322; 325; 327-329; 331; 334; 336-339; 343-344; 353-357; 360-362; 365; 367; 369-370; 372-377; 379-381; 384-385; 388; 393-395; 400; 407; 409; 411; 414; 416-417; 420-421; 423-424; 426; 428-430; 432-434; 436; 438-441; 443; 445-447; 449-450; 452; 454; 459-462; 464-465; 467; 469-476; 478; 480-482; 484-486; 489-490; 492-496; 498-500; 504-506; 508-511; 514-516; 518; 520-522; 524; 527-529; 531-534; 537; 540-546; 548-551; 553-555; 557; 561-562; 565; 570-575; 577-578; 581-582; 584-585; 587-589; 591-592; 594-595; 597-614; 617-621; 623-625; 627; 629; 631-634; 636-637; 639; 641-645; 647-652; 654-656; 658; 660-663; 665-666; 668-670; 672-676; 678-682; 684-688; 690; 692-700; 702-708; 710-711; 713; 715-719; 721-724; 726; 728-729; 732-742; 744-751; 754-760; 762-764; 766-767; 769-771; 773-775; 777-779; 781-792; 794-795; 797-798; 801-802; 804; 806-807; 809; 811-812; 814-816; 818-829; 831-834; 836-838; 840-846; 848-853; 855-856; 858-860; 862-863; 866; 869-870; 872-882; 884; 886-889; 891-895; 898-902; 904-909; 911; 913-918; 920; 922-931; 933-936; 938-944; 946-948; 950-986; 988-990
wta_rankings_83_99.csv,1992-06-15,1,987,455,532,34-35; 66; 80; 83; 101; 146; 158; 160; 183; 191; 202; 204-205; 207; 214; 221-222; 226; 230; 237-238; 240-241; 245-246; 259-260; 263; 266; 272-273; 276; 280-281; 283; 285; 287; 290; 292; 295-298; 301; 303-304; 306; 310; 312; 314-318; 322-325; 328-330; 333; 340-342; 344; 346-347; 350; 352; 358; 360-361; 363-364; 366; 368-372; 374-375; 377-379; 382-384; 386; 391-394; 397; 401; 407; 410; 412; 415; 417-418; 422-426; 428-429; 431; 433-436; 438; 440-442; 444; 446-447; 449-451; 453; 459-462; 465; 468-473; 475; 477-480; 484-488; 491; 493-497; 499; 501-507; 510-513; 515-519; 521; 523-525; 527; 530-532; 534-535; 537; 541-546; 548-551; 553; 556; 560-562; 566-571; 573; 575-580; 582-583; 585-586; 588; 590; 592-608; 613-616; 618-620; 622; 625-630; 632; 634-636; 638-641; 644-646; 648-650; 652-655; 657-664; 666-667; 669-673; 676-680; 682-687; 689-699; 701-709; 712-713; 716-723; 725; 727; 729-742; 744-750; 752-758; 760-761; 763-764; 766; 768; 770-771; 773-776; 778-788; 791-792; 794-795; 798-800; 802; 804-805; 808-809; 811-813; 815-817; 819-830; 832-834; 836; 838-843; 845-852; 854-856; 858-859; 862; 864; 866-867; 869-874; 876-878; 880; 882-884; 886-889; 892-897; 899-906; 908-909; 911-920; 923-932; 934-937; 939-944; 947-982; 984-986
wta_rankings_83_99.csv,1992-06-22,1,985,455,530,34-35; 70; 77; 82; 104; 146; 155-156; 158; 184-185; 188; 199; 207; 213-214; 220; 225-226; 236-239; 241; 248; 250; 261; 264; 266; 268; 273; 276-277; 280-281; 288-291; 296; 298; 301; 303-306; 310-311; 313-315; 318; 321-325; 327; 331; 336-338; 340; 342; 344-347; 349; 354; 357; 359-363; 366; 368-370; 372-377; 380; 382; 387-389; 391-393; 395; 398-399; 401; 403; 411-412; 414; 416; 421-423; 425-426; 428; 430-431; 433; 435-439; 442-444; 446-453; 459-461; 464-466; 469; 471-475; 478-480; 484-486; 490-493; 496-498; 500; 503-507; 509-518; 520; 522-523; 525-526; 529-534; 538; 541-546; 548-549; 552; 555-557; 559-560; 562; 566-568; 570-574; 576; 578-580; 582; 584; 586-590; 592-593; 595-608; 610-611; 614-619; 621-622; 624; 626; 629-631; 633; 636; 638-639; 641-645; 647-648; 650-652; 654-663; 665-667; 669-672; 674-679; 681-687; 689-701; 703; 705-711; 715-716; 718-725; 727; 729-739; 741-748; 750-756; 758-760; 762-765; 767; 769-771; 773-775; 777-784; 786-788; 790-791; 793-794; 797; 799; 801; 804-807; 809; 811-813; 815-817; 819-829; 831-833; 836; 838-841; 843; 845-851; 853-855; 857-858; 861; 863; 865-876; 878; 880-881; 883-888; 890; 892; 894-898; 900-905; 907-908; 910-917; 920-928; 930-932; 934-941; 943-944; 946-981; 983-984
wta_rankings_83_99.csv,1992-06-29,1,985,407,578,25; 27; 34-35; 46; 48; 55; 61; 70; 77; 82; 93; 104; 107; 110; 114; 124; 130; 138; 146; 155-156; 158; 168; 177; 184-185; 188; 195; 199; 207; 210; 213-214; 220; 225-226; 228; 232; 236-239; 241; 248; 250; 261; 264; 266-268; 273; 276-277; 280-281; 288-291; 296; 298; 301; 303-306; 310-311; 313-315; 317-318; 321-325; 327; 331-332; 336-340; 342; 344-347; 349-350; 352; 354; 357; 359-363; 366; 368-370; 372-377; 380; 382; 387-389; 391-393; 395; 398-399; 401; 403-404; 411-412; 414; 416; 421-423; 425-426; 428; 430-431; 433; 435-444; 446-453; 456; 459-461; 464-466; 469; 471-475; 478-480; 482; 484-486; 489-493; 496-498; 500; 503-520; 522-523; 525-526; 529-534; 538; 540-546; 548-549; 551-552; 555-557; 559-560; 562; 566-574; 576; 578-580; 582; 584; 586-590; 592-593; 595-608; 610-611; 614-622; 624; 626; 629-631; 633; 635-636; 638-645; 647-648; 650-652; 654-667; 669-672; 674-679; 681-701; 703; 705-711; 715-716; 718-725; 727; 729-739; 741-748; 750-756; 758-760; 762-765; 767; 769-771; 773-775; 777-784; 786-788; 790-791; 793-795; 797; 799; 801; 804-807; 809; 811-817; 819-829; 831-833; 835-836; 838-841; 843; 845-851; 853-855; 857-858; 861; 863; 865-876; 878; 880-881; 883-888; 890-905; 907-917; 920-928; 930-932; 934-941; 943-944; 946-981; 983-984
wta_rankings_83_99.csv,1992-07-06,1,970,453,517,32; 35; 72; 92; 102; 149; 155; 165; 176; 180; 186; 195; 204; 209; 219; 221-222; 224; 228; 239; 243-244; 248; 250; 255-256; 265; 272; 274; 276; 278-280; 284-285; 287; 289; 293; 298-299; 301-305; 310-312; 317; 319-320; 322; 325-326; 330; 332-333; 336; 338; 340; 342-343; 345; 347; 350; 352-355; 357-361; 363-364; 366-371; 373; 377; 380; 382; 384-388; 390; 393-394; 396; 399-400; 408-409; 411-412; 417-425; 427; 429; 431; 433-434; 438; 441-449; 454-457; 460; 462; 464-469; 472; 474; 478-479; 481-482; 490; 492-493; 495-496; 498-499; 501-502; 504-506; 508-512; 514; 516-519; 521-522; 524-528; 532-534; 538-541; 543-544; 546-547; 549-553; 555; 557; 559-563; 569-570; 572-574; 576-579; 582-585; 587-601; 603-607; 609-610; 612-615; 617; 619; 622-623; 625-627; 629-630; 632-635; 638-640; 642-650; 652; 654-658; 660-661; 663; 665-675; 677-684; 687-689; 691-696; 700-702; 704; 706-716; 718-731; 733-737; 739-743; 745-746; 748-751; 753-754; 756-758; 760-762; 764-771; 773-775; 778; 781-783; 785; 787-788; 791-796; 798-799; 801-807; 809-812; 815-816; 818-819; 821; 823-825; 827-838; 840-841; 843-844; 848-849; 851-859; 861-864; 866-870; 872-875; 877; 879-882; 884-885; 887-893; 895-900; 902-903; 905-917; 919-924; 926-927; 929-965; 967-969
wta_rankings_83_99.csv,1992-07-13,1,966,451,515,32; 35; 72; 94; 105; 116; 134; 151; 162; 169; 176; 186; 189; 205; 217; 219; 221; 224-225; 227; 230; 239; 243-244; 247-249; 253; 262; 268; 272-273; 276; 281-283; 285; 287; 295; 297-300; 302-304; 308; 310-311; 317; 319-321; 325-326; 329; 333; 335; 337; 339-341; 343; 345-346; 348; 351-359; 361; 363-371; 375; 377; 379; 382-383; 385; 388; 391; 393-394; 398-399; 407-409; 411-412; 416-425; 427; 431-433; 435; 438-441; 443-445; 447; 449; 452-455; 457; 460-461; 463-466; 468; 470; 476-478; 482; 486; 488-490; 492; 494-495; 498-499; 501-503; 505-508; 510; 512-515; 517-518; 520-523; 525; 528-530; 534-539; 541-542; 544; 546-550; 552; 555-560; 564; 566-567; 569-570; 572-573; 575-578; 580-581; 583-584; 586-596; 598; 600-605; 607-608; 610-612; 614; 616; 620-622; 624-625; 627-629; 631-634; 636-639; 641-648; 650; 652-656; 658-659; 661; 663-670; 672-679; 682-685; 687-693; 696-699; 701; 703-712; 714-727; 729-734; 736-740; 742-743; 745-750; 752-753; 755-756; 758-760; 762-768; 770-771; 774; 777-782; 784-785; 788-794; 796-797; 799-800; 802-806; 808-811; 814; 816; 818; 820-821; 823-833; 835-836; 838; 841-842; 844-851; 853-855; 857-858; 860-863; 865-869; 871; 873-875; 877-878; 880-887; 889-894; 896-897; 899-911; 913-917; 919-921; 923-941; 943-961; 963-965
wta_rankings_83_99.csv,1992-07-20,1,956,449,507,32; 35; 71; 92; 103; 135; 151; 157; 160; 165; 198; 202-203; 212-213; 218; 225; 227; 235-236; 239; 241; 245-246; 250; 254; 257; 267; 273; 276; 278; 284-286; 293; 297-298; 300; 305; 307-309; 311; 314-316; 318-319; 321; 323-325; 327-328; 331-333; 335-336; 338; 342; 345; 348-352; 354; 357-358; 360-362; 365-371; 373-375; 379-380; 383; 385-386; 388-389; 392-394; 396; 399; 401-402; 404; 409; 411; 413-415; 418-420; 422; 424; 426-427; 431-435; 437-438; 440-441; 443-446; 448; 450-451; 454-456; 461-467; 469-472; 477-480; 485-487; 490; 493-494; 496-498; 500-502; 504; 506-507; 509-511; 513-514; 516; 519-520; 522-525; 527-529; 533-535; 538; 540-542; 544-545; 547; 549-555; 558; 562-563; 565-567; 569; 571; 574; 576-577; 579-587; 589; 591-604; 607-608; 610; 614-620; 622; 624; 626-627; 629-631; 633-634; 636-644; 646; 648-650; 652-653; 655; 657-663; 665-672; 674-676; 678-683; 686-689; 691; 693-697; 699-702; 704-719; 721-723; 725-731; 733-741; 743-744; 746-747; 749-753; 755; 757-758; 760-766; 768-770; 773-775; 778-782; 784-786; 789-792; 794-797; 799-803; 805-811; 813; 815; 817; 819; 821-834; 836-837; 839; 842; 844-845; 847-849; 851-852; 854-855; 857-858; 860-861; 863; 865-868; 870-878; 880-886; 888-904; 906-909; 911; 913-915; 917-955
wta_rankings_83_99.csv,1992-07-27,1,951,454,497,32; 37; 72; 94; 104; 132; 140; 152; 155-156; 201-202; 211-212; 215-217; 231-232; 236; 239; 243-244; 248; 251; 256; 273; 278-279; 282-283; 285-287; 289; 291; 300; 302; 306; 308-309; 311-312; 317-322; 326; 332-337; 342; 345-350; 354-355; 357; 359-361; 363-368; 370-374; 378; 383-384; 386-390; 392; 395-396; 399; 401; 406; 409-410; 413-415; 417; 419-420; 422; 424; 426; 428; 430-431; 433-436; 439-441; 443-445; 447; 449-451; 454-458; 460; 462-464; 467; 471-472; 475-480; 482; 484; 486; 489; 492-493; 496; 498-501; 503-509; 511; 514-515; 517-518; 520-521; 523; 525-526; 529-530; 534-540; 542-546; 548-549; 552-556; 558-559; 562; 565-566; 568; 570; 572-578; 580; 582-583; 585-588; 590; 592-596; 598-601; 603-606; 609-611; 614-619; 621-622; 624-626; 628; 630; 632-633; 635-636; 638; 640-641; 643-647; 649-651; 653; 655; 657-660; 662; 665-676; 678-683; 686-690; 693-695; 697-698; 700-702; 704-711; 713-720; 722-723; 725-741; 743; 745-746; 748-753; 756-759; 761-769; 771-772; 775-777; 779-785; 787-788; 790; 792-793; 795-799; 801-804; 806-811; 813; 815; 818-819; 821-832; 834-835; 837; 841-842; 844-849; 851-853; 855; 857-860; 863-864; 866-868; 870-877; 879-884; 886-899; 901-904; 906-910; 912-914; 916-950
wta_rankings_83_99.csv,1992-08-03,1,949,456,493,32; 38; 72; 94; 132; 138; 151; 154; 156; 167; 197; 201; 209-210; 215-217; 232-233; 236; 240; 245-246; 248-249; 257; 276-277; 279-280; 282; 284; 294-296; 298; 306-308; 310; 312-313; 315-316; 320; 323; 325-326; 329; 331-332; 334; 336; 338; 341-343; 345-348; 350-351; 353-355; 357; 359; 363; 365-366; 368-371; 374; 376; 378-379; 381; 383-388; 390-391; 394; 397; 399; 403; 406; 408-411; 413-414; 419-422; 424-425; 427-430; 432; 436-437; 439; 441; 443-446; 449-454; 457-461; 464; 468-471; 474-476; 478; 480-483; 485-489; 493; 495-496; 498; 500-501; 503; 505-508; 510; 512; 516; 518; 520-524; 527-529; 531; 533-536; 538-545; 550-555; 558-562; 564-566; 569; 571-572; 575-581; 585; 587; 589-593; 595; 597-600; 602-603; 605-607; 610; 612-619; 621; 623-627; 629; 632; 634-635; 637; 639-640; 642; 644-645; 647-649; 651-655; 657; 659-660; 662-666; 669; 671-681; 683-684; 686-691; 694-696; 698; 700-703; 705-714; 716-723; 726-738; 740; 742-743; 745-751; 754-756; 759-764; 766-767; 769; 771-776; 778; 780-781; 783-784; 786-790; 792; 794-799; 801-807; 809; 811; 813-816; 818-822; 824-830; 832-834; 836; 838; 840-849; 851-853; 855; 857-861; 864-867; 870-875; 877-882; 884-896; 898-900; 902-906; 909-912; 914-928; 930-948
wta_rankings_83_99.csv,1992-08-10,1,938,454,484,31; 38; 72; 92; 131; 138; 147; 149; 156; 192; 198; 200; 207; 214-215; 218; 229-230; 233; 240; 244; 247-249; 258; 264; 267; 279-283; 286; 289; 295; 299; 301; 305; 307-309; 311-313; 316-320; 327-329; 332; 335; 337; 340; 342; 345-347; 349; 354; 357; 359-362; 364-367; 369-370; 372-373; 375-376; 378; 380-383; 385-386; 388-389; 391; 395-398; 401; 403; 405; 407-408; 411-412; 415; 418-421; 423; 425-426; 428-429; 432-437; 439; 442-444; 448-454; 458-464; 466; 470; 473-477; 479-483; 487-489; 491; 493; 495-498; 501-502; 505; 508; 510; 512-513; 515-516; 518; 520-523; 525-529; 532-535; 537; 541-547; 550-553; 555; 557-560; 563-564; 567-570; 574; 576-577; 581-584; 586-592; 594-595; 597-599; 603; 605-611; 613; 615-616; 618; 620-621; 624; 626-629; 631-635; 637-638; 640-647; 650-653; 655-659; 661; 663-666; 668-669; 671-680; 683-684; 686; 688; 690-691; 693-695; 697-700; 702-710; 712-721; 723; 725-736; 738-739; 741; 743-748; 750-753; 756; 758-759; 761; 764-767; 769; 771-774; 776-778; 780-781; 783-785; 787-793; 796; 798; 800-803; 805-806; 808-816; 818-819; 821-822; 824-825; 827-836; 838-843; 845-846; 848-851; 854-858; 861-863; 865-871; 873-890; 892-894; 896-899; 902-917; 919-937
wta_rankings_83_99.csv,1992-08-17,1,923,452,471,30; 38; 73; 99; 130; 137; 146; 152; 156; 194; 203; 207; 211-212; 214; 217; 232-233; 237; 243-244; 246; 248; 257; 264-265; 268; 278-281; 284; 287; 291; 294; 296; 298; 303; 306-307; 309-310; 312-315; 318-319; 322-323; 325; 329-330; 332; 336; 338-339; 342; 346; 350; 355; 357-358; 360-361; 363-366; 368-371; 374-375; 378-380; 382-384; 386-387; 389; 391; 393-394; 398; 401-402; 404-406; 408-409; 412; 415-417; 419-420; 422-423; 425-426; 428; 431-434; 436-439; 441-442; 446-447; 450-453; 456; 458-461; 463; 465-466; 469-471; 474-477; 480-487; 490-494; 497-498; 500; 502; 505; 507-508; 511-512; 514; 517-518; 520; 522-524; 527-531; 533; 536-540; 542; 544-545; 547-548; 550-552; 554-556; 558-560; 563; 565-566; 572; 574-582; 585-589; 591-595; 597; 600; 603-606; 608-616; 619-621; 623-625; 628; 630; 632; 634-646; 648-655; 657-661; 664-667; 669; 671-673; 675-677; 679-682; 685-687; 689-690; 692-696; 698-699; 702-703; 705-707; 709-711; 713-730; 732; 734-740; 742-744; 747; 749-751; 753-755; 757; 759; 761-765; 767-771; 773-777; 779-783; 785-786; 788; 790-791; 793-794; 796-802; 804-805; 807-809; 811-812; 814-816; 818-825; 827; 829-831; 833-834; 836-841; 843-844; 847-849; 851-856; 858-871; 873-879; 881-884; 886; 888-900; 902-907; 909-922
wta_rankings_83_99.csv,1992-08-24,1,924,454,470,29; 38; 73; 97; 123; 136; 147; 155; 157; 190; 202-203; 208; 210; 212; 234-235; 237; 241-242; 244; 249; 259; 264; 266; 271; 279-282; 288; 291-292; 295; 297; 300; 302; 305-308; 310; 313-314; 318; 320; 323; 327; 329-333; 336; 339; 342; 344; 349-350; 353-354; 357; 359; 362-366; 368; 370-373; 375; 377; 379; 381-382; 384-385; 387; 390-391; 393; 395; 397-398; 401; 404; 410-413; 416-419; 421-424; 427-432; 434-435; 440-448; 450; 453-455; 458-461; 465; 468-470; 473-475; 478-482; 484-488; 490-491; 494; 496; 498-499; 502-505; 507; 510-511; 513-514; 517-525; 528; 531-532; 534; 537-546; 548-549; 551-552; 554-556; 559; 561; 563; 566; 568-569; 572-576; 578; 581; 583-586; 588-589; 595-598; 601-610; 612-613; 616-617; 619-620; 622-623; 625-626; 628-635; 637-641; 643-649; 651; 653-663; 665-666; 668-669; 671; 673-675; 678-679; 681-682; 684-687; 689-690; 692-693; 695-696; 698-700; 702-722; 724; 726-730; 732-733; 735; 737-738; 740-741; 743-745; 747-748; 750; 752-760; 762; 764-768; 770-775; 777-780; 782-784; 786; 788-789; 791-793; 795; 797-799; 801-803; 805-808; 810-814; 816-819; 821; 823-827; 829; 831-833; 835-837; 839-844; 846-847; 849; 851-853; 855-857; 859-882; 884-886; 888-901; 903-906; 908-909; 911-923
wta_rankings_83_99.csv,1992-08-31,1,924,453,471,29; 40; 74; 94; 100; 124; 139; 149; 158; 162; 190; 203; 206; 212-213; 217; 234; 236; 238; 242-243; 245; 251; 259; 262; 268; 273; 278; 280-282; 287; 291-292; 295; 297; 301; 303; 305-309; 311; 313; 315; 322; 325; 327-328; 330; 333-335; 339; 344; 347; 350; 354; 356; 358-359; 362-365; 367-372; 374; 377-381; 383; 386-389; 391; 394; 396; 398; 400-402; 405; 407; 413-416; 418-421; 423-424; 426; 428-430; 432-433; 437; 439-440; 442-448; 450-454; 456-457; 460-461; 464; 467; 470-471; 474-475; 477-478; 480-484; 486; 488-492; 494-497; 500-501; 504-506; 510-513; 515-519; 521-522; 524-526; 529-532; 534; 537-538; 540-542; 545-547; 549; 551-552; 554-558; 561; 563; 565-566; 570-572; 574-575; 577-578; 580-584; 587-590; 595; 597; 599; 601; 603-605; 607-609; 611-612; 615-618; 620-625; 627; 630; 632-634; 636-650; 652-655; 657-665; 667-669; 671-678; 682-683; 685; 687-690; 692-694; 696-699; 701-702; 704-716; 718-725; 728-729; 731-734; 737-739; 741; 743; 745-747; 749-750; 752; 754; 756-760; 762-767; 769-772; 774-776; 778-782; 784-788; 790; 792-793; 795-797; 799-802; 804-809; 811-815; 817-820; 822-828; 830; 832-834; 836-837; 839; 841-844; 846-847; 849; 851-852; 854-856; 858-879; 881-883; 885-901; 903-906; 908-909; 911-923
wta_rankings_83_99.csv,1992-09-07,1,924,405,519,28-29; 32; 40-41; 51; 64; 66; 74; 81; 85; 94; 96; 100; 121; 124; 127-128; 139; 145; 149; 158; 162; 177; 190; 194; 196; 203; 206; 211-213; 216-217; 219; 234; 236; 238; 242-243; 245; 251; 259; 262; 265; 268; 273; 278; 280-283; 287; 291-292; 295; 297; 301; 303; 305-309; 311; 313; 315; 320; 322; 325-328; 330; 333-335; 339; 344-345; 347; 350; 353-354; 356; 358-359; 362-365; 367-372; 374; 377-381; 383; 386-391; 394-396; 398; 400-402; 405; 407; 413-416; 418-421; 423-426; 428-430; 432-433; 437; 439-440; 442-448; 450-454; 456-457; 460-461; 464; 466-467; 470-471; 473-475; 477-484; 486; 488-492; 494-497; 500-502; 504-506; 510-513; 515-522; 524-527; 529-532; 534; 536-538; 540-542; 545-547; 549; 551-552; 554-558; 561; 563; 565-566; 570-572; 574-578; 580-585; 587-590; 595-597; 599; 601-605; 607-609; 611-613; 615-618; 620-625; 627; 630; 632-634; 636-650; 652-665; 667-669; 671-678; 680; 682-683; 685; 687-690; 692-694; 696-699; 701-702; 704-716; 718-725; 728-734; 737-739; 741; 743; 745-747; 749-750; 752; 754-760; 762-767; 769-772; 774-776; 778-782; 784-788; 790; 792-793; 795-802; 804-809; 811-815; 817-820; 822-828; 830; 832-834; 836-837; 839; 841-844; 846-852; 854-856; 858-879; 881-883; 885-901; 903-906; 908-923
wta_rankings_83_99.csv,1992-09-14,1,943,459,484,28; 37; 75; 85; 127; 132; 144; 165; 169; 175; 189; 205-206; 212; 216; 233; 236; 238-239; 241-242; 244; 255; 265-266; 271; 273-275; 278; 284; 286-287; 294; 296; 299; 301-304; 306-307; 309; 311-312; 318; 323-324; 332; 334-335; 337-338; 341; 343-345; 347-348; 353-356; 360-362; 367-370; 372; 374; 376-377; 379; 382-383; 385-388; 390; 392; 394-395; 397-398; 400-401; 403; 409-410; 414-415; 417; 420-426; 429-430; 432-437; 439-440; 442-444; 446; 448-450; 453; 456-459; 462-463; 467; 470-478; 480-482; 484-485; 488-489; 491; 493; 495-496; 498-499; 501-502; 504-506; 508; 510-512; 515-526; 528; 530; 535-540; 542-543; 546; 548; 550-553; 555-556; 559; 561-562; 564; 567; 569-570; 573; 578-583; 586-596; 598; 603-608; 610-611; 613-617; 619-624; 626-627; 631; 633-636; 638-644; 646; 648-657; 659-666; 668-670; 672-675; 677-681; 683-685; 687; 689-692; 694; 696; 698-701; 703-706; 709-711; 713; 715-724; 727-743; 746; 748-754; 756; 758-759; 761; 763-764; 766-767; 769-770; 772; 774; 776; 778; 780-786; 788-793; 795-797; 799-801; 803-809; 811-814; 816; 818-822; 824-832; 834-835; 837; 839-843; 846-847; 849-850; 852-855; 857; 859-860; 862; 864-865; 867-887; 889-890; 892-893; 896-909; 911-916; 918-919; 921-923; 925-942
wta_rankings_83_99.csv,1992-09-21,1,938,457,481,29; 39; 73; 85; 138; 140; 143; 163-164; 177; 187; 203; 206; 212; 223; 230; 232-233; 236; 238-239; 242-243; 246; 252; 266; 268-269; 272; 274; 277; 279; 282-283; 287; 289; 298; 300-301; 303-305; 308-311; 318; 321-322; 325; 332; 334-335; 339-343; 345; 349-350; 354; 356; 358-359; 363-364; 366-367; 370; 374; 376-379; 381-382; 384-386; 391-392; 394; 396-401; 408; 410-411; 413-414; 416; 419-421; 423-426; 429-432; 434-435; 437-439; 443; 445; 447-448; 450-452; 454-455; 457-461; 464; 466-468; 470-471; 475; 477-483; 485-486; 488; 491; 493; 495; 497-498; 500; 502-503; 505-510; 512; 517-528; 530-532; 534; 539-543; 545; 548-551; 553-555; 558; 560; 562; 565-567; 569; 571; 573; 575; 577; 580-584; 586-587; 590-591; 593-600; 602; 607-612; 614-616; 618-620; 622-631; 633-635; 638-639; 641-644; 646; 648-656; 658-663; 665-667; 669-671; 673-678; 680; 682-685; 687-689; 691-694; 696-697; 699; 701-702; 704-707; 710-712; 714; 716-719; 721-726; 728-740; 742-743; 745-746; 748-752; 755-756; 758-759; 761-762; 764-765; 767-769; 771-773; 775; 777-786; 788-794; 796-798; 800-802; 804-808; 810-811; 813-817; 820-824; 826-836; 838-841; 844-845; 847-852; 854; 856-857; 860-862; 864-882; 884-886; 888; 891-905; 907-912; 914-915; 917-920; 922-937
wta_rankings_83_99.csv,1992-09-28,1,932,458,474,27; 39; 76; 89; 136; 138; 141; 160; 168; 173; 195; 204; 210; 216; 226; 229; 234; 237; 240; 244-246; 249; 253; 256; 268-270; 272; 276; 278-279; 281; 286; 288; 294; 297; 302-303; 305-307; 309-310; 312-313; 316; 319; 321; 326; 328-329; 331-332; 339; 342; 344; 347-349; 351; 355-357; 359; 361-362; 365; 367; 370; 373-377; 380-381; 384-385; 387-388; 392-393; 397; 399-405; 408-409; 411-412; 415-416; 420; 422-427; 431; 433-434; 437-438; 440; 443; 446-448; 450-453; 455; 457-458; 460-462; 464-466; 468; 472-473; 475-479; 481-483; 485; 488; 492-493; 495; 497-498; 500-505; 507; 511-515; 517-520; 523-525; 527-528; 530; 532; 535-536; 538-542; 544-545; 547; 549; 551-552; 554-555; 557-558; 560; 563-564; 566-567; 569; 571; 573; 575; 577-582; 584-585; 587-594; 597; 599-602; 605-608; 610; 612; 614-620; 622-623; 625-626; 629-632; 634-635; 637; 640-649; 651-659; 661-663; 665-667; 669-682; 684-685; 687-691; 693-695; 697-699; 701; 703; 706-708; 711-712; 714; 716-717; 719-722; 725-730; 732-734; 736-740; 743-744; 746-747; 749-753; 755-756; 758-759; 761; 763; 765-768; 770-772; 774-784; 786; 788-793; 795-797; 799; 802-805; 807-809; 811-814; 816-832; 834-837; 839; 841-846; 848-849; 851-853; 856-860; 862-881; 883; 886-887; 889-902; 904-907; 909; 911-915; 917-931
wta_rankings_83_99.csv,1992-10-05,1,947,470,477,27; 39; 76; 88; 138; 142; 144; 160; 171-172; 182; 207; 215; 217-218; 227; 230; 235; 239; 241-242; 245; 250; 252-253; 267; 269-270; 273; 276; 279-280; 284-285; 295; 300; 303; 305; 308-310; 312-314; 317-319; 322; 326; 328; 330; 332-333; 336-337; 343; 345-346; 350; 352-353; 356; 358-359; 361-364; 367; 371; 374-375; 377-378; 380-383; 386; 388-392; 397; 399; 401; 405-406; 408-413; 415-416; 418; 420-422; 427-431; 434-435; 437-438; 441-442; 444-445; 451-453; 455-457; 459-460; 462-463; 465; 467-469; 471-474; 477-478; 480-481; 483; 485-486; 488-489; 491-492; 496-497; 500-501; 503-507; 509; 511-512; 514-515; 517; 519-523; 526-529; 533-534; 537; 539-540; 542; 544; 546-548; 551; 554-559; 561; 563-564; 567; 569; 572; 574; 576-577; 579-585; 587-597; 601-605; 607-609; 611; 613; 616-625; 628-629; 632-636; 638; 641-642; 644-646; 648-653; 655; 657-666; 668-672; 674-675; 677-678; 680-687; 689-692; 694; 696-700; 702-704; 706-707; 709-710; 713-714; 717-718; 720; 722-723; 725-730; 733-742; 744-746; 748; 750; 752; 754-757; 759; 761; 763-768; 770-772; 775; 777-781; 783; 785; 787-795; 797; 799; 801-807; 809-813; 816; 818-823; 825; 827; 829-832; 834-841; 843-849; 851-854; 856; 858-862; 864-866; 869; 871-872; 876-899; 901; 904; 906-908; 910-919; 921-923; 925-930; 932-946
wta_rankings_83_99.csv,1992-10-12,1,955,467,488,27; 35; 76; 89; 138; 143-144; 155; 160; 163; 182; 204; 214; 216; 219-220; 227; 237; 239; 244-245; 251-252; 254; 256; 265; 267-269; 273-274; 276-277; 280; 284-285; 290; 300; 305; 307-310; 312; 314-315; 317; 320; 322; 324; 326-328; 331-332; 334-335; 337-338; 347; 354; 357; 360-366; 369-371; 374; 378-380; 382-385; 390; 392-398; 402; 406-408; 410-413; 415-417; 420-422; 426; 428-430; 433-434; 436-438; 442; 445-446; 451-452; 454-455; 457; 460-464; 466; 468; 472; 474-478; 480-481; 483-484; 486-491; 493; 495-497; 499-500; 509-510; 512-516; 518; 520-521; 523-524; 526-528; 530-531; 534; 536-537; 539; 541-543; 545-548; 550-551; 554-555; 557-558; 560-561; 563-566; 569-571; 573; 575-576; 578; 580-581; 583-589; 592-597; 599-602; 605; 607-612; 614; 616-618; 621-630; 634; 636-637; 639-643; 645; 647-651; 653-655; 657-660; 662-664; 666-670; 673-678; 680; 683-691; 693-700; 702-705; 707-708; 710-711; 714-716; 719; 723-727; 729-733; 735-739; 741-749; 751-753; 755-757; 759-764; 766; 768; 770-773; 775; 777; 781-784; 787-799; 801-804; 806-814; 816-820; 823; 825; 827-832; 834-836; 839-843; 845-852; 854-858; 860-862; 864-866; 868; 870-875; 877-881; 883-884; 887-888; 890-912; 914; 917; 919; 921-929; 931-932; 934-954
wta_rankings_83_99.csv,1992-10-19,1,964,471,493,25; 35; 76; 90; 139; 144; 147; 155; 160; 162; 190; 204; 207; 210-211; 220; 227; 232; 238; 242; 244; 250; 252; 260; 262; 264; 266-268; 270; 273-274; 276; 281; 284; 288; 300-301; 306-307; 309-311; 314-315; 317; 320; 323-324; 326-329; 331-332; 334; 336; 338-339; 347; 352; 356; 358-363; 367; 369-370; 373; 376-377; 379-380; 382-385; 387; 392-396; 398; 401-402; 405; 407-410; 412-413; 416-419; 422-424; 428-432; 435; 438-441; 443; 446; 450; 452-454; 456; 461-464; 466; 468; 471-472; 474-478; 481-482; 484-485; 487-489; 491-492; 494-495; 498; 500-503; 506; 512-520; 522-524; 527; 529-532; 534-535; 538; 541; 543-544; 546-547; 550-551; 555-559; 561-562; 564-566; 568-570; 573-574; 576; 578-579; 582; 584-585; 587-594; 597-604; 606-609; 612-618; 620; 622-624; 626-633; 638; 641-643; 645-649; 651; 653-656; 658-663; 665-671; 673; 675-678; 680; 682-683; 685-688; 690-695; 698-703; 705-708; 710-712; 714-715; 717-719; 722; 727-731; 733-736; 738-741; 743-749; 751-752; 754; 756-759; 761-762; 764-767; 769-770; 772-773; 775-778; 780; 783-787; 789-791; 793-802; 804-806; 808-817; 819-822; 825-826; 828; 830-834; 836; 838-844; 846-852; 854-866; 868-871; 873-874; 876-881; 883-887; 889-890; 893-894; 897-901; 903-914; 916-918; 920-921; 923-926; 928-939; 941-942; 944; 946-949; 951-963
wta_rankings_83_99.csv,1992-10-26,1,956,472,484,24; 35; 77; 90; 106; 140; 143; 148; 160; 163; 182; 206; 209; 213; 222; 226-227; 232; 234; 242; 245; 247; 251; 255-256; 258; 264-266; 268; 273-275; 277-278; 286; 290; 299; 302-304; 307; 309-310; 314-315; 317; 320; 323-328; 331-332; 334-335; 345-346; 350-353; 358-359; 361; 364; 366-367; 369; 372; 374; 376-377; 379; 381; 383; 385; 389-395; 399-401; 405; 407-410; 412-413; 415-417; 419-420; 422; 424; 426; 428-432; 437; 439-443; 447; 452; 454; 459-462; 464; 466; 468-469; 472-473; 475-480; 482-483; 486; 488-490; 493-494; 496; 498; 500-501; 503-506; 509-510; 513-520; 522-524; 526-527; 535; 537-538; 540; 542-544; 547-550; 552-555; 558; 561; 563; 565-567; 569-571; 573-574; 576-579; 583; 585-592; 594-595; 598-604; 606-608; 610-612; 616-622; 624-626; 628-632; 634-636; 641-644; 646-649; 651-654; 656-657; 659-660; 662-665; 667-669; 671-674; 676; 678-680; 682-696; 698-702; 706-708; 710-711; 714-717; 719-722; 724; 728-733; 736-738; 740-741; 744-753; 755-756; 758-759; 762-765; 767; 769-771; 773-777; 779-787; 789-791; 793-796; 798-800; 802-805; 807-816; 818-824; 827; 829-833; 835; 837-839; 841-850; 852-855; 857-862; 864; 866-869; 872-878; 880-884; 888-889; 891; 893-895; 897-911; 913; 915-916; 919-921; 923-934; 936-937; 939-940; 942-955
wta_rankings_83_99.csv,1992-11-02,1,966,476,490,24; 36; 78; 106; 143-144; 151; 153; 164; 181; 207; 209; 211; 213; 217; 226-227; 235; 242; 247; 249; 254-255; 258; 260; 265-267; 271-275; 285; 289; 298; 301; 303-304; 306; 310; 313-315; 322; 326; 328-333; 335; 337; 343; 346; 350-351; 356-359; 361; 363; 365-366; 368; 371-373; 375-376; 378; 380-381; 385-386; 388-389; 391-396; 398; 402-403; 405-406; 408-409; 411; 413; 416-417; 419-420; 422; 424-429; 432-435; 437-438; 441-442; 444-446; 450; 454; 457-460; 465; 467; 472-474; 476-479; 481-482; 485-486; 488; 490-492; 495; 497-499; 502; 504-505; 507-510; 512-513; 516-525; 527-528; 532; 535; 538-539; 541-544; 548-550; 552-555; 561-562; 566-567; 569-575; 577; 579-581; 583-587; 590; 592-598; 600-601; 604-607; 609; 613-616; 618; 620-624; 626-630; 632-634; 639; 641-644; 646-650; 652-654; 656-658; 660-664; 666-670; 673-674; 678-690; 692-697; 699-704; 707-712; 714; 716-717; 720-721; 723-724; 728; 731-736; 738-742; 744-745; 747-748; 750-756; 758-759; 761; 763-767; 769-771; 774; 776-783; 785-788; 790-795; 797-798; 800-803; 805-807; 809-821; 824-831; 834; 836-840; 843; 845-863; 865-871; 873; 875-876; 878-884; 886-891; 894-895; 898; 900-904; 906-919; 922; 924-927; 929-941; 943-946; 948-950; 952-954; 956-965
wta_rankings_83_99.csv,1992-11-09,1,962,481,481,24; 37; 87; 107; 139-140; 153; 164; 181; 193; 204; 210; 214; 224; 227; 229; 236; 238; 240; 244; 252-253; 263-266; 269; 271-274; 285; 287; 289; 300-301; 306; 308; 310-311; 315-316; 321-322; 326; 328; 331-333; 335-337; 341-342; 347; 352-353; 356; 358-360; 363-368; 371; 373-375; 377-378; 380; 386-394; 398-400; 402; 404-408; 410-412; 415; 417; 419-421; 423-425; 428-429; 432; 434-435; 437-439; 442; 444; 446-447; 449; 453-454; 457-458; 460-462; 464; 468-470; 472; 474-477; 479-480; 482; 484; 487; 489-490; 492-493; 495-500; 502-506; 508; 511; 513-514; 517-520; 522; 525-526; 529; 532; 536-543; 545; 548-550; 552-554; 557; 561; 564-566; 568-571; 573; 576-577; 580-582; 585-588; 592; 594; 596-601; 603-604; 606; 608-612; 614-615; 617-620; 622-627; 629-634; 639-641; 644-646; 648-650; 652-655; 657; 659; 663-667; 670-672; 674-677; 680-687; 690; 693-701; 703-708; 710-712; 714-715; 717-718; 720; 722-723; 725-729; 731-738; 740-742; 744-745; 747-748; 751; 753-755; 757-761; 763; 765; 767-771; 773; 777-779; 781-787; 789-790; 792-795; 797-799; 802; 804-809; 811-824; 826-830; 833-834; 836-838; 841; 844-860; 862-868; 870-871; 873-876; 878-880; 882-887; 890; 892; 894-901; 903-916; 919-920; 922; 924-925; 927-940; 942-945; 947-948; 950-951; 953-961
wta_rankings_83_99.csv,1992-11-16,1,957,480,477,24; 37; 77; 106; 141-142; 172; 181; 185; 196; 204; 209-210; 216; 218; 221; 229; 234; 237; 246-247; 251; 258-259; 262; 264-265; 268; 274; 276; 281-282; 287-288; 290; 296; 300; 305; 307-308; 312-313; 317-318; 322; 325-328; 331-334; 337-338; 342; 347-350; 352; 355-358; 361; 364; 367-370; 372-373; 376; 378; 381; 385-389; 391-395; 398-399; 401; 403-406; 408; 410; 412-413; 417; 419-421; 423-426; 430-432; 434; 437; 439-440; 442-443; 448-452; 456-458; 460-463; 465; 467; 471-473; 476-478; 480-482; 484; 487-489; 491; 493-497; 500-504; 507-509; 512-515; 521; 524-525; 527-529; 531-533; 535-536; 538-544; 547-549; 552; 554-555; 557; 561-562; 565-566; 568; 570-572; 574; 578-579; 581-582; 584-588; 592; 594; 596-599; 601-605; 607; 609-615; 617-619; 621-623; 625-626; 628; 630-631; 633-636; 638; 641; 643-644; 646; 648-652; 654-658; 661; 664; 667-669; 671; 673-676; 678-681; 684-692; 694-695; 698-700; 702-707; 709-710; 712-713; 715-718; 721-723; 725-728; 730-743; 745-746; 748-750; 752; 754-756; 758; 761-762; 764-767; 769; 771; 773; 775-776; 778-785; 787-789; 792-795; 797-799; 802; 804; 806-812; 814-826; 828; 830-832; 834; 837-838; 840-841; 843; 846; 848-863; 865-873; 875-878; 880-882; 884-885; 887; 889; 891; 893-898; 900-910; 912-913; 915; 917-918; 920; 922-935; 937-940; 942-943; 945; 947-956
wta_rankings_83_99.csv,1992-11-23,1,951,477,474,24; 37; 77; 107; 142; 144; 169; 182; 189; 197; 200; 202; 208; 210; 212; 224; 227; 229; 239; 242; 248; 256-257; 262; 267; 269; 271; 273; 280; 285; 288-289; 293-294; 302; 306-307; 309-310; 312-313; 318; 320-321; 326-329; 331-332; 337-338; 340; 347-349; 351-352; 355-357; 359-362; 364-365; 367-370; 372; 375; 381-384; 386; 389-391; 393-394; 396; 398-402; 405; 407-408; 413; 415-417; 422-425; 427-428; 431; 433; 435-439; 444-445; 447; 450-452; 454-460; 462-463; 465; 467-468; 471-475; 477-478; 480; 484-485; 487-488; 490-494; 496-498; 500; 505-508; 511-515; 518-519; 521; 524; 526; 528-532; 536-540; 542-546; 548; 550-552; 554; 560-561; 564; 566-567; 569-572; 574; 578-583; 585; 587-589; 596-604; 606; 608-613; 615-616; 618-620; 622-623; 625; 628-630; 632-636; 638-639; 642-644; 646; 649-653; 655-659; 661; 665-668; 670-672; 674-675; 677-680; 682-688; 690; 693-696; 698; 700; 702-705; 707-709; 711-712; 714-717; 719-721; 723-726; 728-739; 741-742; 744-748; 750; 752-755; 757; 759-763; 765-768; 770; 772-773; 775; 778; 780-787; 789-790; 792-795; 797; 799; 801; 803-809; 811-815; 817-823; 825; 827; 829-833; 836-837; 839-842; 844; 846-860; 862-863; 865-870; 872-878; 880-881; 883-884; 886-887; 889; 891-896; 898-911; 913-914; 916; 918; 920-928; 930-931; 933-935; 937-938; 940; 942-950
wta_rankings_83_99.csv,1992-11-30,1,961,476,485,24; 37; 78; 107; 142; 145; 168; 178; 182; 188; 192; 194; 203; 208; 212; 217; 226; 228; 237; 239; 246; 248; 255-256; 260; 263; 266-267; 271; 276; 280; 284; 287-288; 290; 295-296; 301-302; 307; 309; 312-313; 319-321; 328-331; 333; 335-337; 345-348; 350; 352-359; 361-362; 364; 366-369; 371-372; 375; 378; 380; 382; 385; 388-390; 393; 396-398; 400-401; 405; 407-408; 411; 413-417; 422; 424-425; 427; 429; 431; 433; 435-436; 439; 441-442; 444; 446-448; 450; 452-455; 457-459; 461-464; 468-472; 475-476; 479; 482-483; 485; 487-490; 492-493; 496; 498; 502; 504-508; 510-512; 514; 516; 518-519; 521-522; 525-528; 531; 533-543; 545; 547; 550-551; 554; 557; 559-560; 563-566; 568-572; 574; 577-578; 580-581; 584-586; 590; 593; 595; 597-605; 607; 610; 612-614; 616; 618-623; 625; 628-629; 631-636; 638-639; 642-644; 646; 648-652; 654-662; 664; 667-671; 673-675; 677; 679; 681-685; 687-692; 694; 697-699; 702; 705-709; 711-713; 715-717; 719-725; 727-730; 732-743; 745-747; 749-750; 753; 755-759; 761-763; 765-768; 770; 772; 776; 778-779; 781-790; 792-794; 796-798; 801; 803-807; 809-815; 817-818; 820-828; 830-831; 833-837; 839; 841-842; 844-846; 849-850; 852-853; 855-868; 870-876; 878-881; 883-884; 886-891; 893; 895; 897-899; 901-903; 905-918; 920-921; 923-924; 926; 928-937; 939-941; 943-944; 946-947; 949-960
wta_rankings_83_99.csv,1992-12-07,1,969,487,482,24; 37; 77; 105; 142; 152; 171; 176; 178; 188; 196; 204-205; 210; 217; 232; 237; 239-240; 245; 247; 253-254; 257; 262; 264; 273; 276; 278; 283; 285; 287; 291; 295; 297-298; 303; 307-308; 310; 318-319; 323; 326-333; 338; 342; 346-348; 350; 352-353; 355-357; 360; 362-363; 365; 367-369; 371-373; 375-376; 378; 382-383; 385; 387-388; 392-393; 395-396; 398; 402; 406; 408; 411-415; 420-423; 425; 427; 430; 432-436; 438; 440-442; 444; 446-449; 451-453; 455-458; 460-462; 467-469; 471-472; 475-476; 479-480; 482; 484; 486; 488-489; 491-493; 497; 502; 504-508; 510; 512; 514; 516; 518; 520-521; 523-525; 527-529; 532; 534; 536; 538; 540-545; 548; 552; 554-555; 557; 559; 561; 563-564; 568-570; 572-578; 580; 582; 584-585; 588-592; 595-596; 599; 601; 603-609; 612-613; 615; 617; 619-622; 624-625; 627-639; 641; 644-646; 648-649; 651; 653-657; 659-664; 666-668; 670-674; 676-678; 680; 682-686; 688-691; 693-695; 697; 700-702; 704-705; 708; 710-716; 718-719; 721-727; 730-734; 736; 738-750; 752-754; 756; 759; 761-763; 766-769; 771-773; 775; 777; 779; 782; 785; 788-790; 793-800; 802-803; 805-814; 816-822; 824-830; 833; 835-837; 841; 843-845; 847-850; 852-853; 855-858; 860-871; 873-876; 878-882; 884-885; 887-888; 890-893; 895-902; 904-905; 907-909; 911-922; 924; 926-927; 929-930; 932; 934-942; 944-945; 947-948; 950-951; 953-966; 968
wta_rankings_83_99.csv,1992-12-14,1,967,487,480,24; 37; 77; 104; 141; 152; 155; 179; 187; 195; 199; 204-205; 213; 217; 230; 235; 237; 241; 244; 249; 254-255; 257; 264; 266; 272; 275; 278; 283; 288; 292; 295; 297-300; 306; 308; 310; 318-319; 323; 326-331; 336-337; 341; 344-346; 348; 350; 352; 355-356; 358-360; 362-363; 365; 367-368; 370-372; 375; 377-378; 381; 383-384; 386; 388; 390; 392-393; 395; 399; 402; 404; 406; 408; 411-414; 419-423; 425-426; 429-433; 435; 437; 439-441; 443; 445-450; 452-454; 456; 458-460; 465-468; 470-471; 474-475; 478-479; 481; 484; 486; 488-489; 491-493; 495; 503; 505-509; 511; 514; 516-517; 519; 521-523; 525-528; 531; 533; 535; 537; 539; 541-545; 548; 551; 553; 555; 557; 560; 562-564; 567-569; 571-577; 580; 582; 585-590; 593-594; 598; 600-606; 609-610; 613-614; 616-619; 621-623; 625-638; 640; 643-645; 647-648; 650; 652-656; 658-664; 666-667; 669-673; 675-676; 678; 680-684; 686-689; 691-694; 696; 699-701; 703-704; 707; 709-716; 718-719; 721-726; 728; 730-733; 735; 737-748; 750-751; 753; 756; 758-760; 763-764; 766-768; 770; 773; 776-777; 780; 783-786; 789-797; 799-800; 802-811; 813-819; 821-827; 830; 832-834; 836; 839; 841-844; 846-850; 852-853; 855-857; 859-870; 872-874; 876-880; 882-883; 885-886; 888-891; 893-900; 902-904; 906-908; 910-921; 923; 925-926; 928-929; 931; 933-941; 943-944; 946-947; 949-950; 952-964; 966
wta_rankings_83_99.csv,1992-12-21,1,967,488,479,24; 37; 76; 104; 141; 151; 155; 162; 182; 190; 196; 200; 206; 210; 215; 219; 233; 237; 239; 243; 245; 247; 252; 257; 259; 266-267; 273; 276; 279; 284; 289; 292; 294; 297; 299-300; 302; 304; 309; 311; 313; 320-321; 325; 328-333; 338-340; 346-348; 350; 353; 356-358; 360-362; 364-365; 367; 369-370; 372-374; 377; 379-380; 384; 386; 388-389; 391; 393; 395; 398; 401; 405-407; 409; 412-416; 421-425; 427-428; 431-435; 437; 439; 441-443; 445-446; 448-453; 455-457; 460-463; 468-471; 473-474; 477-478; 482-483; 486; 489; 491; 493-497; 500; 506; 508-513; 515; 518; 520-521; 523; 525-528; 530-532; 534; 536; 539; 541; 543-547; 552-553; 555; 557; 559; 562; 564-566; 569-571; 573-577; 579-580; 582; 584; 586-587; 590-595; 598-599; 602; 604; 606-612; 616-617; 620; 622-623; 625-640; 642; 645-647; 650-651; 653; 655-659; 661-667; 669; 671-675; 678-679; 681; 683-687; 689-692; 694-697; 699; 702-704; 706-707; 710-717; 719-720; 722-727; 729; 731-735; 737-748; 750-751; 753; 756; 758-759; 761; 764-766; 768-770; 772; 775; 778-779; 782; 785-788; 791-799; 801-802; 804-813; 815-821; 823-829; 832; 834-836; 838; 841; 843-846; 848-852; 854-855; 857-859; 861-872; 874-876; 878-880; 882-885; 887-888; 890-893; 895-901; 903-905; 907-909; 911-922; 924; 926-927; 929-930; 932; 934-942; 944-945; 947-948; 950-951; 953-964; 966
wta_rankings_83_99.csv,1992-12-28,1,967,488,479,24; 37; 76; 104; 141; 151; 155; 162; 182; 190; 196; 200; 206; 210; 215; 219; 233; 237; 239; 243; 245; 247; 252; 257; 259; 266-267; 273; 276; 279; 284; 289; 292; 294; 297; 299-300; 302; 304; 309; 311; 313; 320-321; 325; 328-333; 338-340; 346-348; 350; 353; 356-358; 360-362; 364-365; 367; 369-370; 372-374; 377; 379-380; 384; 386; 388-389; 391; 393; 395; 398; 401; 405-407; 409; 412-416; 421-425; 427-428; 431-435; 437; 439; 441-443; 445-446; 448-453; 455-457; 460-463; 468-471; 473-474; 477-478; 482-483; 486; 489; 491; 493-497; 500; 506; 508-513; 515; 518; 520-521; 523; 525-528; 530-532; 534; 536; 539; 541; 543-547; 552-553; 555; 557; 559; 562-563; 565-567; 570-572; 574-578; 580-581; 583; 585; 587-588; 591-596; 599-600; 603; 605; 607-613; 617-618; 621; 623-624; 626-641; 643; 646-648; 651-652; 654; 656-660; 662-668; 670; 672-676; 679-680; 682; 684-688; 690-693; 695-698; 700; 703-705; 707-708; 711-718; 720-721; 723-728; 730; 732-736; 738-749; 751-752; 754; 757; 759-760; 762; 765-767; 769-771; 773; 776; 779-780; 783; 786-789; 792-800; 802-803; 805-814; 816-822; 824-830; 833; 835-837; 839; 842; 844-847; 849-853; 855-856; 858-860; 862-873; 875-877; 879-881; 883-886; 888-889; 891-894; 896-901; 903-905; 907-909; 911-922; 924; 926-927; 929-930; 932; 934-942; 944-945; 947-948; 950-951; 953-964; 966
wta_rankings_83_99.csv,1993-01-04,1,967,488,479,24; 35; 77; 128; 137; 151; 155; 170; 183; 190; 196; 200; 205; 214; 217; 226; 230; 232; 235; 243; 246; 251; 256; 258; 266-267; 274; 276; 279; 282; 285; 290; 294; 297; 299-300; 302; 304; 308; 310; 313; 320-321; 326; 328-333; 338-340; 346-348; 350; 353; 356-358; 360-363; 365-366; 368; 370; 372-374; 377; 379; 383; 385; 387-389; 391; 393; 395; 398; 401; 405-407; 409; 412-416; 420-424; 426-427; 430-434; 436; 438; 440-441; 443-444; 446-451; 453-456; 459-462; 467-470; 472-473; 476-477; 481-482; 485; 488; 490; 492-496; 498; 503; 506; 508-513; 515; 518; 520-521; 523; 525-528; 530-532; 534; 536; 539; 541; 543-547; 552-553; 555; 557; 559; 562-563; 565-567; 570-572; 574-578; 580-581; 583; 585; 587-588; 591-596; 599-600; 603; 605; 607-613; 617-618; 621; 623-624; 626-641; 643; 646-648; 651-652; 654; 656-660; 662-668; 670; 672-676; 679-680; 682; 684-688; 690-693; 695-698; 700; 703-705; 707-708; 711-718; 720-721; 723-728; 730; 732-735; 737-748; 750-751; 753; 756; 758-759; 761; 764-766; 768-770; 772; 775; 778-779; 782; 785-789; 792-800; 802-803; 805-814; 816-822; 824-830; 833; 835-837; 839; 842; 844-847; 849-853; 855-856; 858-860; 862-873; 875-877; 879-881; 883-886; 888-889; 891-894; 896-901; 903-905; 907-909; 911-922; 924; 926-927; 929-930; 932; 934-942; 944-945; 947-948; 950-951; 953-964; 966
wta_rankings_83_99.csv,1993-01-11,1,965,488,477,24; 37; 97; 129; 141; 146; 150; 154; 182; 191; 196; 199; 206; 215; 217; 227; 229; 231; 234; 241; 243; 250; 255; 257; 266-267; 273; 277; 279-280; 287; 291; 293; 298-299; 301; 303; 307; 309; 312; 319; 324; 326-331; 333; 337-340; 346-347; 349; 352; 355-358; 360-363; 365-366; 369; 371-373; 376; 378; 382; 384; 386; 388-389; 391; 393; 395; 397; 400; 402; 405-407; 409; 412-416; 420-424; 426-427; 430-433; 435-436; 438; 440-441; 443-444; 446-450; 452-454; 456-459; 464-467; 469-470; 474-475; 478; 480-481; 484; 487; 490; 492-496; 498; 503; 505; 507-512; 514; 516; 518-519; 521; 523-526; 528-530; 532; 534; 537; 539-541; 543-545; 550-551; 553; 555; 557; 560-561; 563-564; 566; 569-573; 575-576; 578-579; 581-582; 584; 586-587; 590-595; 598-599; 602; 604; 606-612; 615-616; 619; 621-622; 624-626; 628-639; 641; 644-647; 650-651; 653; 655-658; 660-666; 668-669; 671-672; 674-676; 678-679; 681; 683-687; 689-692; 694-697; 699; 702-704; 706-707; 710-717; 719-720; 722-727; 729; 731-734; 736-747; 749-750; 752; 755; 757-758; 760; 763-765; 767-769; 771; 774; 777-778; 781; 784-788; 791-799; 801-802; 804-812; 814-820; 822-828; 831; 833-835; 837; 840; 842-846; 848-852; 854-855; 857-859; 861-872; 874-876; 878-880; 882-885; 887-888; 890-893; 895-900; 902-904; 906-908; 910-921; 923; 925-926; 928-929; 931; 933-940; 942-943; 945-946; 948-949; 951-962; 964
wta_rankings_83_99.csv,1993-01-18,1,961,488,473,22; 38; 68; 120; 126; 142; 146; 151; 155; 181; 184; 195; 199; 208-209; 217; 228; 230; 233; 236; 242; 244-245; 256-257; 266-267; 273; 277; 279; 283; 288; 292-293; 298-299; 301; 304; 307; 309; 312; 319; 324-325; 327-332; 337-339; 344; 346-348; 350; 353; 356-358; 360-362; 364-366; 370-375; 378; 384; 386; 388-389; 392-393; 395; 397; 399; 401; 403; 406; 408; 410; 412-416; 420-423; 425; 428-432; 434-435; 437; 439-440; 442-443; 445-450; 452-454; 456-459; 464-467; 469; 473-474; 477; 479; 481-482; 484; 486; 489-492; 494; 497; 502; 504-505; 507-509; 511; 513-514; 516-517; 519; 521-522; 524-525; 527; 529-532; 534-535; 537; 539; 541-545; 547-548; 552; 554; 556; 560; 562-566; 569-570; 573-575; 577-581; 583-585; 587; 589; 591; 594-599; 601-603; 606; 609-614; 619-620; 622; 624-627; 629-641; 643-644; 646-647; 650; 652-654; 656-658; 660; 662-663; 665-666; 668-669; 672-675; 678-679; 681; 683-687; 689-695; 697; 700-703; 706-714; 716-717; 719-725; 727-728; 730-732; 734-747; 749-750; 754; 756-758; 761; 764-766; 768-769; 771; 774; 776-777; 780; 782-785; 788-796; 798-800; 802-808; 810-812; 814-817; 819-823; 825; 827-829; 831; 835; 837-839; 841-844; 846-848; 850-853; 855-861; 863-866; 868-873; 875-876; 878-882; 884-885; 887-890; 892-897; 899-900; 902-904; 906-917; 919; 921-923; 925-926; 928; 930-937; 939-940; 942-943; 945-946; 948-958; 960
wta_rankings_83_99.csv,1993-01-25,1,961,433,528,22; 30; 38; 47; 53; 59; 62; 68; 84; 95; 112; 120; 126; 141-142; 146; 151; 155; 177; 181; 184; 187; 192; 195; 199; 208-209; 211; 215; 217; 219; 228; 230; 233; 236; 242; 244-245; 247-248; 254; 256-257; 266-267; 273; 277-279; 283; 288; 292-293; 298-299; 301; 303-304; 307; 309; 312; 318-319; 324-325; 327-332; 337-339; 341; 344; 346-348; 350; 352-353; 356-358; 360-362; 364-367; 370-375; 378; 380; 384-386; 388-390; 392-393; 395; 397; 399; 401; 403; 406; 408; 410; 412-416; 420-423; 425-426; 428-432; 434-435; 437; 439-440; 442-443; 445-450; 452-459; 464-467; 469; 473-474; 476-482; 484; 486-487; 489-492; 494; 497-498; 500; 502; 504-505; 507-509; 511; 513-517; 519; 521-522; 524-525; 527; 529-535; 537-539; 541-545; 547-548; 552; 554; 556-557; 560; 562-566; 569-571; 573-575; 577-587; 589; 591; 594-599; 601-603; 605-606; 609-614; 616; 618-627; 629-641; 643-644; 646-647; 650; 652-654; 656-658; 660; 662-663; 665-666; 668-669; 672-676; 678-679; 681; 683-687; 689-695; 697; 700-703; 706-714; 716-717; 719-725; 727-732; 734-747; 749-750; 754; 756-758; 761; 764-766; 768-769; 771; 774; 776-777; 780; 782-785; 788-796; 798-800; 802-808; 810-812; 814-817; 819-823; 825; 827-829; 831; 835; 837-839; 841-844; 846-848; 850-853; 855-861; 863-873; 875-882; 884-885; 887-897; 899-904; 906-917; 919; 921-926; 928; 930-937; 939-940; 942-946; 948-958; 960
wta_rankings_83_99.csv,1993-02-01,1,958,492,466,23; 46; 84; 131; 145-146; 151; 169; 177; 179; 192; 195; 208; 211; 214-215; 229; 234; 239; 241-242; 247; 254-255; 265; 270-271; 276-277; 280; 286; 292; 294-295; 297; 303-305; 307; 313; 325-329; 334-337; 339; 342; 345-348; 350; 354; 356-360; 363-364; 366-370; 373-374; 376; 378; 382-385; 388-389; 392-394; 396-397; 400; 403-404; 408; 411-412; 414-415; 418; 420-423; 425; 427-432; 434; 436; 439-446; 448-451; 453-455; 460-461; 463; 465-467; 470; 475-477; 479-480; 482-486; 489; 491; 496; 498; 500; 502; 504-509; 511; 513; 515-517; 520; 523; 525-527; 530-533; 535-538; 540; 543; 545-546; 548-553; 558; 560-561; 564-568; 571-573; 575; 577-579; 581-582; 584-585; 587; 590-591; 593; 595; 599; 602-605; 607-610; 612-616; 618-619; 624; 626-627; 630; 632-634; 636-640; 642-647; 649-652; 654-656; 658-662; 664-665; 667; 669-671; 673; 675-678; 680; 682-684; 687-691; 694-698; 700; 703; 705-715; 717-721; 723-728; 731-734; 736-740; 742-747; 750; 753; 755-756; 758-761; 764; 768-772; 775; 777; 779-781; 784; 786-788; 790-797; 799-800; 803-811; 813-814; 816-817; 819-820; 822-823; 825-826; 829-831; 833; 836; 838-841; 843-846; 848-849; 851-853; 855-862; 864-867; 869-873; 875-876; 878-880; 882; 884-886; 888-890; 892-893; 895-897; 899-901; 903-913; 915-917; 919-923; 925; 927-936; 938-940; 942-943; 945-955; 957
wta_rankings_83_99.csv,1993-02-08,1,960,493,467,23; 44; 54; 83; 130; 146; 148; 155; 163; 165; 173; 192; 202; 205; 207; 213; 222; 232-233; 236; 241; 245; 250; 252; 254; 258; 263; 267; 271; 274-276; 288; 295; 298; 300-301; 305; 310; 312; 315; 320; 323; 325; 327-332; 334; 338-339; 344; 346; 348; 351; 354-360; 365-366; 368; 370-371; 373; 377; 379; 381-384; 386; 388; 390; 392-393; 396; 398; 404-405; 407-408; 410-414; 416; 418-426; 429; 431-432; 436-438; 440-441; 443-444; 446-448; 450-451; 453; 455-457; 461-463; 465; 469-471; 474-475; 478-480; 482-488; 491; 494; 496; 499-500; 502-505; 510-512; 514-515; 518-519; 522-527; 529; 531-536; 538; 540-542; 546-547; 550-553; 555-556; 559-560; 562-565; 567-568; 570; 573; 575-577; 579; 581; 584; 587-588; 592; 594-595; 598; 600-603; 605-606; 608-609; 611-614; 616-617; 621-622; 624; 626-627; 629; 631-633; 635-637; 639-641; 643-647; 649-653; 655-656; 658-661; 663-664; 666; 668; 670-672; 675-678; 680; 682-684; 687-690; 693-697; 699; 703-709; 711; 713-720; 722-727; 729; 731; 733; 735; 737-740; 743; 745; 748-750; 752; 754; 758-764; 767; 769-770; 772-775; 778; 781-783; 785-792; 794-795; 797-808; 810-811; 813-814; 816; 818; 820-824; 827-828; 830; 833; 835-838; 840-843; 845-847; 849-851; 853-858; 860-864; 866-869; 871-872; 874-876; 878; 880-882; 884-887; 889-890; 892-894; 896-898; 900-909; 911-915; 917-923; 925; 927-936; 938-943; 945; 947-957; 959
wta_rankings_83_99.csv,1993-02-15,1,957,493,464,23; 45; 51; 71; 127; 146; 148; 155; 168-170; 194; 201; 205; 208; 216; 230; 233-234; 238; 243-244; 247; 253; 257-258; 263; 266; 275; 278; 281; 283; 292-293; 297; 300; 304-306; 310; 313-316; 320; 326; 328; 330-331; 333-334; 338-339; 343; 346; 348; 351; 353-360; 364; 366; 368; 370-371; 373; 376; 378; 381-384; 386; 388; 392; 395-396; 399; 406-410; 412-416; 418-424; 427; 429; 431; 434-435; 438; 440-445; 447-449; 451-453; 456; 459; 461; 464; 467-469; 471; 474; 477-480; 484-491; 495-496; 501; 503; 505-507; 509; 511-513; 518; 520-521; 523-524; 526-529; 531-536; 538; 540-544; 548-549; 554-557; 559-560; 563-565; 569-576; 578-581; 583; 586; 588; 590; 594; 596-599; 602-606; 608-609; 612-613; 615-618; 620; 624-626; 628; 630-631; 634; 636-638; 640-644; 646-652; 654-657; 660-665; 667-669; 672; 674; 676-682; 684; 686-687; 689-691; 693-694; 696-701; 703; 707-712; 716-721; 723-727; 729; 731; 733; 735; 737-744; 748; 750; 753-754; 756; 758; 760; 763-768; 772-773; 775-776; 779-780; 783-785; 787-795; 797-803; 805-810; 812-813; 815; 817-818; 820; 822-828; 830-831; 833; 836; 838-848; 850-852; 854-859; 861-863; 865-867; 869-870; 872-873; 875; 877-880; 882-885; 887-889; 892-896; 898-900; 902-909; 911-914; 916-922; 924; 926-936; 938-943; 945-954; 956
wta_rankings_83_99.csv,1993-02-22,1,955,492,463,23; 46; 52; 110; 133; 144; 148; 155; 166-167; 172; 188; 196; 201-202; 213; 218; 231; 233; 237; 241; 246; 249; 252; 254; 257; 259; 265; 269; 276; 279; 284-285; 292; 294; 298; 300; 302; 306-308; 310; 312-314; 316-317; 326-327; 329; 331; 333-334; 337-339; 341; 344; 347-349; 352-355; 358; 361-363; 365; 367-368; 371; 376; 378-379; 382; 385-387; 392; 395; 397; 399; 402; 408; 410-415; 418; 421-426; 428-429; 431; 434; 436-437; 439; 441-443; 445-448; 450; 452-453; 456-459; 461-462; 465; 468-470; 473-475; 477; 480; 484-485; 487-494; 496-497; 501; 508-509; 511; 513-517; 519; 521; 524; 526; 528-532; 535-540; 544-547; 550; 553-556; 558; 561-563; 565-567; 570-573; 575-579; 581; 583; 585-587; 590; 592; 594; 596; 599; 602; 604; 606-607; 609-613; 615-619; 621-622; 624; 626-628; 630; 632-633; 636-639; 642-644; 646-651; 653-654; 658-663; 665; 668-670; 672; 674-680; 682-683; 685-688; 690-693; 695-701; 706-710; 714-721; 723-726; 728; 730; 732-733; 735-739; 741; 743; 745-746; 749-750; 752-754; 756; 758; 762-763; 765-766; 769; 771-772; 774-776; 779-780; 783-785; 787-797; 800-803; 805-810; 812-813; 815-818; 820-821; 823-829; 831-832; 834; 838-846; 848-849; 851-859; 861-865; 867; 869; 871; 873-875; 877-884; 886-891; 893-894; 896-897; 899-905; 907-910; 912-914; 916-922; 924-925; 927-935; 937-940; 942-952; 954
wta_rankings_83_99.csv,1993-03-01,1,957,490,467,23; 48-49; 58; 139; 145; 147; 167-168; 172; 182; 188; 198; 200; 202; 214; 222; 230; 234; 238; 242; 244-245; 247; 249-250; 255; 265; 269; 271; 278; 284; 290; 293; 295-296; 302-303; 310; 312; 315-320; 325-330; 334; 339; 341-343; 346-347; 351-353; 356-358; 360-363; 365; 367-368; 370-371; 377; 381; 383-386; 388-389; 391; 395; 397; 401; 403-404; 409; 411-412; 415-417; 419-427; 433-434; 438-441; 445-446; 448; 450; 452-453; 455-458; 462-464; 466-470; 474; 477; 480-482; 485; 487-494; 498-499; 501; 505; 508-509; 511; 515-518; 522-523; 527-528; 531-534; 537-544; 548; 550-555; 557-561; 564-565; 567; 570-573; 576-583; 585; 592; 594; 596; 598; 600-603; 605-606; 608-613; 616-621; 623-624; 626-627; 629-631; 634; 636-640; 642-643; 645-648; 650; 653-655; 657; 659; 661-664; 666-667; 669-670; 672; 674-679; 681; 683; 685-686; 688-696; 698-700; 706-712; 714; 717-720; 722-724; 726-731; 734-739; 742; 744; 747-749; 751-752; 755; 758; 760-761; 763-765; 768; 770-775; 778-780; 782; 784-786; 788-795; 797; 799; 801-804; 806-807; 809-810; 812-813; 815-816; 818-825; 827-829; 831; 833; 835-844; 846-848; 850-857; 859-865; 868; 870; 872-873; 875; 877-882; 884-889; 891-893; 895-903; 905-910; 912-921; 923-924; 926-935; 937-941; 943-954; 956
wta_rankings_83_99.csv,1993-03-08,1,960,486,474,22; 50; 60; 133; 138; 150; 158; 169; 173; 188; 191; 198; 201; 204; 217; 225; 231-232; 237-238; 246; 248-250; 252; 261; 267-268; 271; 279; 284-285; 289; 292-293; 296-297; 305-306; 311; 314-315; 318-319; 321; 326-330; 333; 336; 340-342; 344; 346; 348; 353-354; 356-363; 366-367; 369-370; 377; 380; 382-383; 385-386; 389-390; 392; 394; 397-398; 401; 404-405; 410-411; 413-418; 421; 423-426; 428; 431; 433-435; 438; 440-442; 447; 451-452; 454-456; 459-460; 462-463; 465-466; 468-469; 471; 475; 477; 479-480; 482; 484; 486-489; 491-492; 494; 497-500; 504; 506-508; 510-511; 513-516; 518; 522; 524; 527; 530-534; 536; 538-542; 544-546; 551-557; 561-566; 570-574; 576-582; 584; 587; 589-592; 595-596; 598-604; 608-613; 615-618; 620; 623-624; 626; 628; 630-632; 634-635; 637; 639; 642-647; 649-650; 652-654; 656; 659-662; 665-669; 672-674; 676; 678-681; 683; 685-693; 695-697; 699; 701; 705-710; 712-713; 716-722; 724-727; 730-735; 738; 740-742; 744; 746-747; 749-750; 752; 755; 757-758; 761-762; 765; 767-772; 775-777; 780-784; 786-795; 797; 799-802; 804-805; 807-808; 810-811; 813-814; 816-818; 820-824; 826-828; 830; 832; 834-841; 843-846; 848-867; 869; 872-873; 875-880; 882-883; 885-888; 890-894; 896-901; 903-904; 906-911; 913-922; 924; 926-935; 937-942; 944-957; 959
wta_rankings_83_99.csv,1993-03-15,1,960,433,527,22; 32; 37; 50; 60; 62; 69; 84; 96; 99; 112; 133; 138; 141; 146; 150; 158; 169; 173; 188; 191; 198; 201; 204; 208; 217-218; 225; 231-232; 234-235; 237-238; 246; 248-252; 255; 261; 267-268; 271; 277; 279; 284-285; 289; 292-293; 296-297; 302; 305-306; 308; 311; 314-315; 318-319; 321; 326-330; 333; 336; 340-342; 344; 346; 348; 353-363; 366-367; 369-370; 373-374; 376-377; 380; 382-383; 385-386; 389-390; 392-394; 397-398; 401-405; 410-411; 413-418; 421; 423-426; 428; 431; 433-435; 438; 440-442; 447; 451-452; 454-456; 459-463; 465-471; 474-475; 477-480; 482; 484; 486-492; 494; 497-500; 502; 504; 506-508; 510-516; 518; 522; 524; 527; 530-536; 538-542; 544-546; 551-558; 560-567; 569-574; 576-582; 584; 587; 589-592; 595-596; 598-604; 608-613; 615-620; 622-626; 628-637; 639; 642-647; 649-650; 652-654; 656; 659-662; 664-669; 672-674; 676; 678-681; 683; 685-693; 695-697; 699; 701; 705-710; 712-713; 716-722; 724-727; 730-735; 738; 740-742; 744; 746-747; 749-750; 752; 755; 757-758; 761-763; 765; 767-772; 775-778; 780-784; 786-802; 804-805; 807-808; 810-811; 813-814; 816-818; 820-824; 826-828; 830; 832; 834-841; 843-846; 848-867; 869; 872-873; 875-880; 882-894; 896-904; 906-911; 913-922; 924; 926-935; 937-942; 944-957; 959
wta_rankings_83_99.csv,1993-03-22,1,945,489,456,25; 51; 60; 128; 132; 150; 156; 170; 176; 182; 199-200; 202; 205; 207; 220-221; 234-235; 239; 243-244; 249; 253-254; 257-258; 260; 271; 275; 280; 284-286; 288; 293; 298; 306; 310; 313-316; 318; 322; 327; 329-332; 335; 337-338; 340; 342-343; 345; 347; 350-351; 353; 355-358; 360; 362-364; 366; 368-369; 371-372; 378-379; 383; 387-388; 390-392; 394-395; 397; 400-401; 406; 408; 413-414; 416; 418-420; 422-428; 432; 435-436; 439; 441-443; 447-448; 454; 457-460; 462-463; 466; 468; 470-472; 474-475; 477-478; 480; 482; 484-487; 489; 492-493; 495-496; 498; 502-503; 506-508; 510; 512-515; 517-518; 520; 523; 527; 530-533; 535; 537-540; 542-544; 548; 550; 552-557; 559; 562-567; 570-573; 575; 577-585; 587; 590-593; 596-598; 600-605; 608-612; 615-617; 619; 622-623; 626-630; 632; 634-635; 637-638; 641-642; 644-645; 649-651; 654; 658-661; 663-668; 670-672; 674-675; 677; 679-680; 682-693; 695-696; 698; 703-705; 707-710; 712-714; 717-720; 722-725; 727-731; 734; 736; 738-741; 746-748; 750-751; 753-754; 756; 760-762; 764; 767-768; 771; 773-779; 781-782; 785-786; 788-797; 799; 801-804; 806-807; 809-810; 812-813; 815; 817-825; 827; 829; 831; 833-842; 844-847; 849-867; 869; 872-874; 876-881; 883-887; 889-891; 893-899; 901-902; 904-908; 910-911; 913-920; 922; 924-936; 938-944
wta_rankings_83_99.csv,1993-03-29,1,944,490,454,25; 48; 59-60; 103; 120; 128; 152; 158; 170; 175; 181; 199-200; 202; 206; 208; 221-222; 225; 234; 238; 242-244; 249; 255; 258; 260; 265; 271; 275-276; 283-284; 286; 289; 295; 299; 306; 308; 310; 316-317; 320; 323; 326-327; 329-330; 333; 336; 338; 340-342; 344-345; 348; 350; 352-353; 355; 357; 359-361; 363-364; 366-368; 370; 374; 376; 381; 385; 387-389; 392-394; 398; 400-401; 405-406; 411-414; 417; 419-420; 422-425; 427-428; 430-431; 435; 439; 441; 443; 445-448; 450; 453-454; 458-462; 465; 467; 470; 474-478; 480-483; 485-486; 488-490; 493-494; 496; 498-499; 502; 506; 508-509; 511; 513-517; 519-520; 522; 525; 529-530; 534-537; 540-543; 546; 548; 551-554; 556-557; 559; 562-563; 565-566; 568; 571-577; 579-584; 586; 588; 591-597; 599; 602-611; 614; 616-617; 619; 622-623; 625; 628; 631-637; 639; 641-644; 646-649; 651-652; 656-658; 660-661; 665-667; 669-673; 675-678; 681; 683-684; 687-696; 698-700; 702-705; 710; 712-717; 719; 721-723; 725-727; 729; 731-734; 736; 738-739; 741-742; 744-748; 750; 754-756; 758; 760-762; 764; 768; 770; 772-773; 776-782; 784; 786; 788-800; 803-805; 807-808; 810-813; 815; 817-828; 830; 832; 834; 836-846; 848-850; 852-869; 875-877; 879-880; 882-885; 887-891; 893-895; 897-904; 906-909; 911-912; 914-921; 923; 925-937; 939-943
wta_rankings_83_99.csv,1993-04-05,1,948,491,457,25; 48; 58; 64; 105; 126; 130; 157; 168; 172; 175; 177; 180; 192; 201; 205-206; 212; 219-220; 231; 234; 239-240; 243-244; 246; 248; 256; 258-259; 270; 274; 276; 284-285; 288; 295-296; 299; 310; 312-313; 317; 320; 323; 326; 329-333; 335; 339-344; 347; 349-350; 353; 355; 358-359; 361; 363-368; 374; 377; 383; 385; 387-388; 390; 392-395; 398; 401; 403-404; 406; 409-410; 414; 419; 421-425; 427-431; 434; 438; 440-443; 446-447; 450-451; 454-455; 458-460; 462-465; 467; 469; 471; 473; 476; 479-480; 482-483; 485; 488-493; 496-497; 501; 503; 505; 507-508; 512; 514; 516-519; 521; 523-525; 528-530; 532; 534-535; 537; 541-542; 545-549; 551-552; 557; 561-562; 564-565; 569-570; 573; 576-580; 582; 584-587; 589-594; 596-597; 599; 601-607; 612-616; 618-621; 623; 625-628; 630; 632; 634; 636; 638-644; 646; 648-649; 651-655; 657-658; 662-665; 668-669; 671-672; 674-677; 679-680; 682; 685; 687-688; 690-702; 704-706; 712; 714-718; 721; 723-726; 728-729; 731; 733-738; 740-746; 748; 751-753; 755; 757-759; 761; 765; 767-768; 770-771; 774-779; 781; 783-784; 786-799; 801; 803-805; 807; 809-813; 815-817; 819; 821-827; 829; 831; 833; 835-843; 845-847; 849-851; 853-868; 873-875; 877-878; 880-883; 885-890; 892-895; 897; 899-907; 909-912; 914-922; 924; 926-940; 942-947
wta_rankings_83_99.csv,1993-04-12,1,939,488,451,26; 53; 66; 104; 108; 126; 160; 166; 168; 176; 179; 188; 199; 205; 207-208; 221; 228; 232; 236; 238-239; 241; 244; 247; 250; 252; 257; 261; 266; 272; 278-279; 288; 297; 299; 307-308; 311; 313-315; 319; 322; 330-333; 335; 337-338; 340-343; 345-346; 350; 352-353; 355-356; 358-361; 363; 366; 368-369; 377; 381; 383; 385; 387-388; 391-392; 394-396; 398-400; 406; 409; 411; 414; 417-418; 420-422; 424-425; 427-429; 432; 434-436; 438; 440-444; 446; 448-449; 451; 453-455; 458; 463; 465; 467; 469; 471; 473; 476-477; 479-481; 483-484; 486; 491-493; 497; 503-509; 512-513; 515-521; 523-524; 527-529; 531-532; 535-536; 540; 543-547; 549-550; 553; 558-559; 561-563; 566; 568; 571-572; 575-578; 580-584; 586-590; 592-594; 597-603; 605-607; 609-610; 612-614; 616-617; 620-621; 624; 626-627; 629; 631-632; 634-635; 637-638; 641-648; 650-652; 654-660; 662; 665-666; 668; 671-675; 678-681; 683-684; 686-689; 691-692; 694; 696-697; 699-705; 707-708; 711; 715-719; 721-723; 725-727; 729-733; 735; 737-741; 743-748; 750; 752; 755-757; 759; 761-763; 765; 767; 770; 772-774; 778-784; 786; 788-799; 801-804; 806; 808-812; 814-815; 817; 819-824; 826; 828; 830; 832-841; 843-845; 847-849; 851-866; 871-873; 875-876; 878-881; 883-889; 891-892; 894-905; 907-915; 917; 919-931; 933-938
wta_rankings_83_99.csv,1993-04-19,1,941,490,451,26; 65; 68; 103; 124; 128; 162-163; 173; 181; 185; 188; 200; 202-203; 213; 218; 222; 226; 235; 237; 239; 243-244; 246; 258; 260; 268-269; 274; 277-278; 286; 293; 298; 301; 306-307; 309-312; 317; 328-333; 335; 337-338; 340-341; 347-349; 351-353; 357-358; 360-362; 366-367; 369-370; 372; 375; 377; 383-384; 386; 389-390; 394-395; 397-398; 400-403; 409-410; 413; 415-416; 418-420; 422-425; 427; 430-431; 433-434; 436; 438-442; 444; 446; 448; 450-451; 454-457; 460-461; 466; 468; 470-471; 475-476; 480-482; 484-486; 488-489; 495-497; 500; 505-512; 514-515; 517-520; 522-523; 527-528; 530-531; 534; 538; 541-547; 550-551; 553-554; 560; 563-565; 570-571; 574-588; 590; 592-593; 595; 597-605; 607-609; 612-614; 616-617; 620; 623; 625-626; 628; 630-631; 633-635; 637; 640-648; 650-653; 655-656; 658-664; 668-669; 671; 673-676; 678; 680-683; 685-687; 690; 692-693; 695; 697-707; 709-710; 713; 717-722; 724-726; 728-731; 733-735; 737-738; 740-744; 746-751; 753; 755; 758-760; 762; 764-766; 768; 772; 774; 777; 779-785; 787-788; 790-800; 802; 804-806; 808; 810-815; 817-818; 820; 822; 824-827; 829; 831; 833; 835-843; 845-847; 849-851; 853-868; 874-876; 878-879; 881-884; 886-892; 894; 896-907; 909-917; 919; 921-933; 935-940
wta_rankings_83_99.csv,1993-04-26,1,938,489,449,27; 66; 86; 107; 123; 129; 164-165; 177; 181; 183; 189; 197; 200; 203; 206; 218; 221-223; 231; 235-236; 241; 247; 255; 262-263; 270; 275-276; 285; 294; 297; 300; 302; 306; 309-311; 315-316; 322; 324-325; 328; 331-334; 337-338; 340-341; 346-351; 353-354; 356; 359; 362-363; 366-368; 370; 372-373; 379; 382; 386; 390-395; 397-400; 405-406; 410-411; 414-415; 417; 419-421; 423-425; 428-429; 433-435; 437-439; 442; 444-445; 448; 450-451; 453-457; 460; 462; 465; 467; 469; 473; 475; 479; 481; 483-485; 487-488; 490; 493; 496-497; 500; 503-510; 512-514; 516-519; 521; 523-524; 526-528; 531; 534; 536; 538-540; 543-544; 548; 552-553; 555-557; 562-563; 568-569; 571-579; 581-584; 586; 588-589; 591-601; 603-604; 608-610; 612; 614; 617; 619; 621-622; 625-627; 629; 631-641; 644-647; 649-650; 652-655; 657-659; 664-666; 668; 670-673; 675; 677-678; 680-682; 685; 687-688; 690-700; 702-703; 705; 707-714; 716-719; 721-724; 726-729; 731-732; 734-738; 740-744; 746; 748; 751-753; 755; 757-758; 761-762; 765; 767; 770; 772-779; 781-782; 784-796; 799; 801-803; 805; 807-813; 816-817; 819; 821; 823-825; 827; 829; 831; 833-839; 841-842; 844-846; 848-863; 866; 869; 871-873; 875-876; 878-881; 883-888; 890; 892-896; 898-904; 906-915; 917; 919-931; 933-937
wta_rankings_83_99.csv,1993-05-03,1,935,489,446,25; 68; 87; 106; 127; 134; 148; 152; 166-167; 186-187; 197; 199; 204; 214; 220; 223; 226; 235-236; 240; 242; 247-248; 254-255; 263; 267; 274-275; 286-287; 290; 295; 300; 303-304; 306; 310-311; 316; 319; 321-322; 326; 330-332; 334-336; 338-341; 343; 348; 354-359; 363; 366-371; 374; 380; 384; 393-403; 408; 411-412; 416; 418-420; 422-424; 427; 429; 432-433; 435-436; 438-439; 441-443; 446; 448-455; 459-460; 464; 466-467; 469-470; 475; 477-478; 481-482; 484; 487-488; 490-491; 495; 497-498; 500; 502; 504; 506-509; 511-514; 516-520; 523; 525-528; 530-531; 533-534; 537-538; 541-544; 548; 552-558; 561-563; 569-571; 573-575; 577-578; 580-583; 585; 587; 590-592; 594-599; 601; 603-605; 608-610; 612; 615; 618; 621-622; 624-625; 627-628; 630-633; 635-640; 642-646; 648; 650-652; 654-656; 658; 663-666; 668-669; 672-674; 677-678; 680-682; 684-687; 689-701; 703-704; 706; 708-713; 716-719; 721-725; 727; 729-730; 732-736; 738-739; 741-744; 746; 749-751; 753-754; 756-758; 761; 764-765; 767; 770-773; 775; 777-778; 780-788; 790-794; 796-797; 799-802; 805-809; 811-812; 814; 816-817; 819-822; 826-829; 831-833; 835-836; 838-841; 843-844; 846-848; 850-863; 867-868; 870-872; 874-875; 877-880; 882-888; 890; 892-904; 906-911; 913-922; 924-927; 929-934
wta_rankings_83_99.csv,1993-05-10,1,936,492,444,25; 65; 88; 105; 126; 141; 148; 157; 167; 189; 191; 198; 200; 206; 215; 217; 222; 227; 233; 235-236; 241; 246-247; 251; 255; 267; 271; 275-276; 287-289; 292; 299; 301-302; 307; 310; 313-315; 320; 322-324; 328; 334-338; 340-341; 344; 352; 354; 356; 358-359; 363; 365-366; 369-370; 372; 375-376; 379; 382; 390-392; 394-397; 399-400; 406-409; 411; 413; 415-417; 419-425; 429-430; 432; 434-435; 439; 441-445; 447-448; 450-451; 453; 456-458; 462; 465-466; 468; 470; 474-477; 480; 483; 486; 488-489; 493-494; 497; 500; 502; 504-513; 515-516; 518; 520-522; 525; 527-530; 532-534; 536-537; 540; 542-546; 551-553; 556-557; 560; 562-563; 565-567; 569; 572-575; 577-578; 580-583; 585; 587-601; 603; 607; 610; 612-613; 616; 619-620; 623-625; 627-628; 630-631; 633-634; 636-642; 644-649; 651-652; 654-657; 659-661; 664; 666-668; 671; 673-675; 678-679; 681-684; 686; 688-690; 692; 694-701; 703-706; 708; 710-711; 713; 715-717; 719-721; 723-724; 726-730; 732; 734; 737-741; 743; 745-747; 749-750; 752; 754-755; 757; 759-760; 764-766; 768-770; 772-775; 777-778; 780-781; 783-790; 792-794; 796-802; 805-807; 809; 811-814; 816; 818; 820-822; 826; 828-830; 832-834; 836-837; 839-842; 844-845; 847-848; 850-864; 868-869; 871-880; 882-884; 886-891; 893-896; 898-905; 907-911; 913; 915-927; 930-935
wta_rankings_83_99.csv,1993-05-17,1,945,493,452,23; 65; 92; 107; 133-134; 142; 158; 168; 186; 193; 198-199; 203; 210; 219; 224; 229; 235-236; 238; 244; 247; 252; 262; 266; 271; 273; 277-278; 289; 291-292; 295; 302; 304; 310; 313; 317-322; 324; 329; 335; 337-341; 345-346; 350; 358-359; 361-364; 367; 369-371; 375-377; 381; 383; 386; 389; 397-398; 401-404; 407; 411-414; 416-417; 420-429; 431; 433; 437-440; 444-445; 448-450; 453-454; 456; 458-459; 461-465; 468; 471; 476-478; 481-482; 484; 488-489; 491; 496-497; 499; 501; 503-505; 508-519; 522; 524-527; 530; 532; 534-536; 538-539; 541-543; 545; 547-548; 550-554; 558-559; 562-566; 568-569; 571; 573-578; 580-581; 583-587; 590-599; 601-605; 607; 610-613; 615-616; 622; 625; 627; 629-631; 633; 636-645; 647-649; 651; 653-655; 657-658; 660; 663-664; 666; 668; 671-673; 675; 677-678; 680; 682-684; 686; 688; 691-693; 695-704; 706-708; 712; 714; 716-719; 721-723; 725-726; 728-731; 733-734; 736; 739-742; 744; 747-749; 751-752; 756-757; 760-761; 763-766; 770-771; 773-777; 779-790; 793-800; 802-805; 807; 810-814; 817-818; 820-821; 823-826; 828-829; 831-834; 837-839; 841-846; 848-849; 851-853; 855-857; 859-873; 876; 878-886; 888-898; 900-902; 904-908; 910; 912-921; 923; 925-937; 939-944
wta_rankings_83_99.csv,1993-05-24,1,949,501,448,20; 70; 100; 107; 134-135; 149; 156; 166; 181; 190; 197-198; 204; 209; 218; 220; 229; 232; 238-239; 245; 248; 252; 258; 267; 271; 276; 279; 281; 292; 295-296; 300; 306-307; 309; 314; 318; 320; 325-326; 329-333; 339-341; 344; 346-347; 349; 357; 360-364; 366; 368; 372; 374-375; 378-380; 383-384; 388; 390-391; 394; 402-403; 405; 407-408; 411; 413; 415-416; 418; 420; 422-425; 427-430; 432; 434-437; 441; 443; 445; 447; 450; 452-453; 455-460; 463-464; 467; 470; 472-474; 476; 482; 486-489; 493; 495; 497-498; 500; 504-505; 507-509; 511-521; 523-524; 527-528; 531; 534-538; 540; 542-545; 547-554; 557; 559-561; 566-567; 569-571; 573-578; 580-582; 584; 586-590; 593-600; 603-604; 606-607; 610-612; 614; 617-618; 620; 622; 626-627; 630-631; 634; 636-638; 641-651; 653-657; 659-660; 662; 664; 666-669; 673-676; 678-680; 682-684; 687; 689-691; 694-701; 703-705; 707; 709-711; 716; 718; 720-723; 725-727; 729-732; 734; 737; 742; 744-745; 748-750; 752; 754; 757; 759-761; 763-765; 767-768; 770-772; 774-775; 777-778; 781-785; 787-793; 795; 797-800; 802-804; 806-808; 810-812; 814-815; 817-818; 820-823; 825-829; 831-834; 836-841; 844; 846-848; 850-852; 854-855; 857-873; 875-876; 879-880; 882-885; 887-890; 893-897; 899-900; 902-908; 910-922; 924-932; 934-936; 938-943; 945-948
wta_rankings_83_99.csv,1993-05-31,1,949,448,501,20; 38; 46; 69-70; 76; 81; 93; 100; 107; 133-135; 149; 156; 158; 166; 181; 190; 195; 197-198; 204; 209; 218; 220; 226-227; 229; 232-233; 238-239; 245; 248; 252; 258; 267; 271-273; 276; 279; 281; 291-292; 295-296; 300; 305-307; 309; 312; 314-315; 318; 320; 325-326; 329-333; 335-336; 339-341; 344; 346-347; 349; 352; 357-358; 360-364; 366; 368; 372; 374-375; 378-380; 383-385; 388; 390-391; 394; 396; 402-403; 405; 407-408; 411; 413; 415-416; 418; 420-425; 427-432; 434-437; 440-443; 445; 447-448; 450; 452-453; 455-460; 463-464; 467; 470; 472-474; 476; 480; 482-484; 486-489; 493; 495-501; 504-505; 507-509; 511-521; 523-524; 527-528; 531; 534-538; 540; 542-545; 547-554; 557; 559-561; 566-571; 573-582; 584-590; 593-600; 603-604; 606-607; 610-612; 614; 616-618; 620; 622; 626-627; 630-632; 634-638; 641-662; 664; 666-669; 673-676; 678-680; 682-684; 687; 689-691; 694-701; 703-705; 707-712; 716-718; 720-723; 725-727; 729-732; 734; 736-737; 739; 742; 744-745; 748-750; 752-754; 757; 759-761; 763-765; 767-768; 770-772; 774-775; 777-778; 781-785; 787-793; 795-800; 802-804; 806-808; 810-812; 814-815; 817-818; 820-823; 825-829; 831-834; 836-841; 843-844; 846-848; 850-852; 854-855; 857-873; 875-876; 879-880; 882-885; 887-891; 893-897; 899-900; 902-908; 910-922; 924-932; 934-936; 938-943; 945-948
wta_rankings_83_99.csv,1993-06-07,1,958,503,455,19; 72; 103; 106; 136; 144; 147; 154; 173; 176; 187; 189-190; 196; 204; 206; 211; 217; 226; 230; 235; 241-242; 249; 252-253; 276; 284; 290; 294; 296; 298; 300-301; 305; 307; 315; 318; 320-321; 324; 326; 328; 330-331; 336-341; 344; 346-347; 349; 359-362; 364-366; 368-369; 372-373; 376-378; 385; 388; 392-393; 398-399; 401; 405-408; 411; 415; 417-418; 422-428; 430; 432; 434-437; 441-444; 446; 448; 451; 453-456; 459; 462-463; 465; 471; 473; 478-479; 488-491; 494-495; 497-500; 503; 505; 508-509; 511-519; 523-524; 529-530; 532; 534-537; 539-545; 548-549; 552-554; 557-567; 569-571; 573-577; 579-582; 585-590; 592-595; 598; 600-603; 605; 609-611; 613-618; 620; 623; 625-626; 628; 630-633; 635; 638-640; 642-645; 647-649; 651-655; 658; 660; 662; 664-667; 670-671; 674-676; 678-683; 687-688; 690-691; 694-702; 704-710; 712-713; 715-716; 718-722; 724-729; 731; 734; 736; 739; 741-742; 745-746; 748; 750-752; 754-756; 759-760; 762-765; 767-768; 771-773; 775-776; 779-781; 784; 787; 789-796; 798; 800-801; 803-804; 806-809; 811-812; 814-815; 818-819; 821-823; 826; 828-837; 839-841; 843; 845-848; 850-851; 853-866; 868-872; 874-875; 877-881; 883-886; 888-890; 892-893; 895-902; 904; 906-907; 909; 911-916; 918-928; 930-940; 942-945; 947-953; 955-957
wta_rankings_83_99.csv,1993-06-14,1,961,507,454,20; 71; 106; 109; 140; 144; 151; 154; 159; 184; 186-187; 197; 201; 203; 206; 209; 223-224; 230; 232; 240-241; 244; 250; 263; 277; 279; 287-288; 296-297; 300; 302-303; 307; 315; 317-319; 321-322; 324; 326; 328; 332-333; 338-340; 342; 344-345; 348; 350; 353; 359-360; 362; 364-370; 373; 375; 377-378; 380; 382; 389; 393; 399-401; 403-405; 407; 409-411; 418; 420-424; 426-427; 429; 432-434; 438-440; 442; 444; 446; 448; 451; 453; 455; 459-460; 467; 469; 471; 475-476; 482; 486-488; 491-493; 495; 497-498; 504; 506-511; 513-517; 519-522; 527; 530-531; 534; 536-543; 545; 547; 550-554; 557-565; 567; 569-574; 576-579; 581-590; 592; 594; 599-600; 602-606; 609-610; 612-615; 617; 620; 622-623; 625; 628-632; 634-639; 642-643; 646-648; 650-651; 653; 655; 657; 659-663; 666-669; 671; 673-677; 679-682; 685-686; 688-690; 693-694; 696-702; 704-708; 710-712; 714-716; 718-721; 723-726; 728; 730; 732-733; 735-738; 740; 742; 744; 746-749; 751; 753; 757; 760-762; 764-766; 770-772; 774-775; 778-780; 783; 785-786; 788; 790-797; 799; 801-803; 805-807; 809-810; 812; 814; 816-817; 819-821; 823-824; 827-837; 840; 842-844; 846-847; 849; 851-862; 864-868; 870-873; 875-876; 878-880; 882; 884-897; 899-901; 903-904; 906-908; 910-915; 917; 919-927; 929-938; 940-944; 946-951; 953-954; 956-960
wta_rankings_83_99.csv,1993-06-21,1,968,510,458,20; 66; 97; 112; 118; 143; 151; 161; 169; 181; 185; 189; 191; 201; 206; 208; 210; 224; 227; 234-236; 242; 247; 262; 274-275; 278; 283; 287; 293; 295-296; 298; 302; 304; 308; 312-313; 315-319; 321-322; 327; 336-337; 339; 341-344; 348; 350; 354; 362-365; 367-369; 371-374; 376-379; 382; 384; 389; 392; 395; 397; 400; 405-409; 411; 414; 417; 423-424; 426-427; 429; 431-432; 435-436; 439-440; 443-445; 450-452; 457; 459-460; 462-463; 465; 468; 470; 476; 481-482; 484; 488; 492-495; 497-501; 503; 506-508; 511-513; 517-524; 526-531; 534-537; 540; 543-546; 548; 550-551; 554-556; 559-564; 566-568; 570-571; 574-582; 584-588; 590-592; 594; 596-597; 600-601; 603; 605; 607-608; 610-611; 613; 615-621; 628; 630-631; 633-637; 639; 641-646; 649-650; 652-653; 655; 657-660; 662-663; 665; 667; 669-670; 672; 674-677; 679-681; 685; 687-688; 692-693; 695-703; 705-709; 711-712; 714-716; 718-720; 722-723; 725-730; 732-734; 736; 738-739; 741-743; 745-746; 748; 753-754; 756-759; 763; 766-768; 770-771; 774-776; 778; 780-782; 784-787; 789-790; 792-793; 796-797; 799-804; 806; 808-811; 813-814; 816-818; 820-822; 824-825; 827-830; 832-835; 839-846; 849-850; 852-853; 855-859; 861-862; 864-866; 868-875; 877-880; 882-885; 887; 890-900; 902-903; 905; 907-908; 910-917; 919; 921-943; 945-949; 951-957; 959-961; 963-966
wta_rankings_83_99.csv,1993-06-28,1,968,457,511,20; 42; 49; 64; 66-67; 76; 95; 97; 112; 118; 129; 135; 143; 151; 161; 169; 176; 181; 185; 189; 191; 201; 206; 208; 210; 214; 224; 227; 230; 234-237; 242-243; 247; 262; 274-275; 278; 281; 283; 287; 289; 293; 295-296; 298; 302; 304; 308-309; 312-313; 315-319; 321-322; 327; 332-334; 336-337; 339; 341-344; 348; 350; 354; 357; 362-365; 367-369; 371-379; 381-382; 384; 389; 392; 395; 397; 400; 403; 405-409; 411; 414; 417-418; 423-427; 429-433; 435-436; 439-440; 443-445; 450-453; 455; 457; 459-460; 462-463; 465; 468; 470; 476; 479; 481-484; 486; 488; 491-495; 497-503; 506-508; 511-513; 517-524; 526-531; 534-537; 539-540; 543-546; 548; 550-551; 554-556; 559-568; 570-572; 574-582; 584-592; 594-597; 600-601; 603; 605; 607-611; 613; 615-621; 625; 628; 630-631; 633-637; 639; 641-647; 649-650; 652-655; 657-660; 662-663; 665; 667; 669-670; 672; 674-677; 679-681; 683; 685; 687-688; 692-703; 705-712; 714-716; 718-720; 722-723; 725-730; 732-734; 736; 738-739; 741-743; 745-746; 748; 753-754; 756-759; 763; 765-768; 770-771; 773-776; 778; 780-782; 784-787; 789-790; 792-793; 796-804; 806; 808-811; 813-814; 816-822; 824-825; 827-830; 832-835; 839-846; 848-850; 852-853; 855-859; 861-862; 864-875; 877-880; 882-885; 887; 890-900; 902-903; 905; 907-908; 910-917; 919; 921-943; 945-957; 959-961; 963-966
wta_rankings_83_99.csv,1993-07-05,1,962,509,453,21; 68; 100; 112; 114; 133; 145; 154; 158-159; 161; 171; 176; 190; 192; 201; 208; 210; 216; 220; 226-227; 230; 234; 241; 250; 253; 257; 265; 269-270; 276; 284-285; 289-290; 297; 299; 306-309; 315; 317-319; 321-322; 327; 331-332; 335; 337; 340-341; 344-345; 348-349; 352; 356; 359; 362-363; 365; 368-371; 373-375; 377; 382; 384; 387-390; 396; 400; 402-403; 406-408; 412; 414; 416; 418; 421; 424; 426-427; 430-431; 433; 435; 438; 442-443; 447; 451-452; 455-456; 458-459; 470; 473; 478; 480-481; 486-487; 489; 491; 494-499; 501; 503-505; 511-512; 514; 516-518; 520-522; 524-525; 527-530; 532-536; 540-541; 544; 546-548; 550-551; 554-557; 560-567; 570-572; 574; 577-584; 587-591; 593; 595-599; 602-603; 606-607; 610-611; 613; 615-620; 622-625; 627; 629; 632-633; 636; 638; 640-645; 647-651; 653; 655-657; 659-664; 667-668; 671-672; 675-676; 680; 682-684; 686-687; 689-692; 694-695; 697-703; 705; 707; 709-713; 715-722; 724-725; 727; 729; 731-734; 736; 738; 740-741; 743; 745; 747; 749-750; 752-754; 757-758; 764-766; 768-770; 772-775; 778-785; 788-789; 792-794; 796-797; 799-802; 804; 806-807; 809-810; 813-816; 818-820; 822; 824-825; 827-828; 830-846; 848-849; 851-852; 854-858; 860-869; 872-875; 877-879; 881; 883-884; 886-899; 901-903; 905-906; 908-910; 912-915; 917-937; 939; 941-942; 944-950; 952-955; 957-960
wta_rankings_83_99.csv,1993-07-12,1,964,506,458,21; 68; 101; 110; 112; 140; 151; 160-163; 171; 186; 192; 195; 208; 214; 217; 219; 225; 229; 231; 234; 244; 252; 265; 268; 273; 280; 283-284; 295-296; 300; 302-303; 306-309; 313-314; 316; 318; 320; 322-323; 325-326; 330; 336; 338-339; 342; 344-346; 348; 352; 354; 360; 362-363; 365-366; 369-371; 374-375; 377-378; 383-384; 387; 389-390; 392; 397; 399-400; 402-403; 405; 407; 410-412; 414-415; 419; 423; 430-432; 434; 438; 440-442; 449-450; 454; 456-458; 462; 467-468; 472; 474; 476-477; 480; 483; 486; 488; 491-492; 494-495; 497; 499-502; 504; 506-507; 511; 513; 515-518; 522-525; 527-528; 530-531; 533; 535-536; 538-539; 541; 544; 546; 552; 554-557; 559-568; 570; 572; 575; 577-579; 583-585; 587-589; 591-600; 605; 607-609; 612-613; 616; 618-628; 630-631; 633-636; 638; 640; 642-643; 646; 648-652; 654-655; 657-660; 662; 664-665; 667-670; 673-675; 678-680; 682-683; 687-688; 690-691; 693-696; 699-701; 703-707; 709-710; 712-713; 715-719; 721-727; 729-731; 734-736; 738; 740; 742; 744-745; 747-748; 751; 753-754; 756-758; 762; 767-775; 778-783; 785-790; 793-794; 797-800; 802-803; 805-807; 809-811; 813-815; 818-824; 827-828; 830-831; 833-845; 847-851; 853-854; 856-857; 859-864; 866-874; 876-880; 882; 884-901; 903-905; 907-911; 913-919; 921-924; 926-941; 943-944; 946-952; 954-957; 959-963
wta_rankings_83_99.csv,1993-07-19,1,963,515,448,21; 70; 106; 108; 115; 134; 136; 162; 167; 171-172; 174-175; 194; 199; 206; 211; 216; 228-229; 238; 240; 250; 255; 260; 266-267; 274; 276; 278; 283-284; 293-294; 296-297; 301; 305-308; 310; 315; 319; 321; 323-325; 329; 335; 339-340; 342-343; 345-346; 348; 350; 352-353; 359-361; 367; 371-373; 375; 379-380; 385; 388-389; 391-392; 394-395; 398; 401; 404-409; 413-415; 418-419; 425; 428; 434; 440; 442; 445; 447; 450; 452-453; 455-457; 463-464; 466; 468; 471; 473-474; 479; 481-483; 486-487; 490; 494; 496; 498-500; 502-506; 508-509; 511; 513-514; 516; 518; 520-522; 524; 526-529; 531-533; 535; 538-539; 541; 544; 550; 552-554; 558-566; 568; 571; 574; 576-578; 582-583; 585-586; 588-589; 591-593; 595-598; 600; 605-607; 609; 612-613; 616-620; 622-628; 632-633; 635-637; 640-641; 643-645; 648; 652-663; 665; 667-676; 680-681; 683-685; 691-692; 696; 698; 700-703; 706-712; 715-725; 727-728; 730; 732; 734; 736; 739-740; 742-744; 746-747; 750-753; 755-756; 761; 763-772; 775; 777-779; 781-786; 788; 790-794; 796-798; 800-806; 808-810; 812-813; 815-817; 820-823; 825; 827; 829; 831-833; 835-846; 848-850; 852-854; 856-857; 859-874; 876-880; 882; 884-887; 889-894; 896-899; 901-906; 908-911; 913-915; 917-928; 930-935; 937-944; 946; 948-949; 951-953; 955-958; 960-962
wta_rankings_83_99.csv,1993-07-26,1,956,516,440,21; 69; 99; 107; 115; 133; 164; 167; 170; 174-175; 194; 196; 200; 213; 216; 222; 230-231; 246; 250; 253; 255-256; 262; 270-272; 281-284; 287; 291-292; 296-297; 306-309; 312; 315-316; 319-320; 322-324; 331-332; 334; 336; 342; 347-348; 351; 353-358; 369; 371-372; 374; 377; 385-386; 390; 395-397; 399; 401-404; 411; 413-416; 419-420; 423; 426; 432; 434-435; 437; 440; 445-446; 450; 454; 456-457; 459; 461; 463-464; 466-467; 470; 473; 476; 481-484; 486; 488-490; 495; 497; 499; 501; 503-504; 506-508; 510-512; 514-516; 519-521; 523; 525-527; 529-530; 532; 534-535; 537; 540-542; 549-550; 552-555; 559-561; 564-567; 576-579; 581-582; 587-588; 590-593; 596-598; 600-605; 607-608; 612-613; 617-623; 626-629; 631; 634-635; 637; 640-641; 644; 648-658; 660-664; 666; 668-675; 678-680; 682-683; 691; 695-697; 699-703; 705; 707-712; 714-719; 721; 724; 726-727; 729-730; 732-734; 736-737; 739-740; 742-743; 745-749; 751-752; 755; 757-768; 770-772; 774-778; 780-781; 783; 785-789; 791-798; 800-803; 805-806; 808-809; 812-814; 816; 819; 821-825; 828-831; 833-840; 842-844; 846; 848-849; 851-868; 870-875; 877-880; 882-887; 889-890; 892; 894-899; 901-903; 905-906; 908; 910-920; 922-934; 936-940; 942-945; 947-950; 952-955
wta_rankings_83_99.csv,1993-08-02,1,962,514,448,21; 65; 102; 110; 118; 139; 166; 171-172; 177; 180; 188; 198-199; 205; 214; 219; 224-225; 236-237; 248; 255-256; 259; 261; 264; 269; 279-280; 285; 288-289; 291; 293-294; 298; 304; 315-322; 327; 329; 333-336; 340-341; 344-345; 349; 353; 355; 358; 360; 363-365; 367; 372; 375; 377; 381; 383; 386-388; 391; 394-395; 398; 400; 402-403; 406-407; 410; 413-415; 417; 421; 424-425; 428-429; 436; 442-445; 447; 454-455; 457; 459; 462; 464; 467-471; 473; 475; 477; 479-480; 483; 485; 487-489; 491; 493; 495; 498; 500-501; 504; 506-509; 511-516; 518; 521; 525-527; 529-530; 532-533; 535; 537; 539; 542; 545; 547-548; 551-552; 554-555; 559; 562; 564-565; 570-572; 575-577; 582-583; 586-590; 592; 594-597; 599-602; 605; 607-614; 617-618; 621; 624-628; 630; 632-635; 637; 639; 641; 643-644; 647; 649; 652-653; 655-661; 663; 665-667; 669-670; 672-678; 680-681; 683-684; 686-688; 692; 694; 700; 704-706; 708-709; 712-723; 725; 728-730; 732-733; 735; 737; 739-740; 742-746; 748-752; 754; 757; 759-765; 767-769; 771-776; 778-785; 787; 789; 791-793; 795-801; 803-805; 807-808; 810-811; 813-816; 818; 821-823; 825-831; 833-834; 836-841; 843-850; 852; 854-855; 857-858; 860-876; 878; 880-885; 887-888; 890-894; 896-899; 901; 903-908; 910-914; 916-918; 920-926; 928-930; 932-940; 942-947; 949-956; 958-961
wta_rankings_83_99.csv,1993-08-09,1,967,523,444,22; 65; 91; 104; 120; 141; 169; 172; 177-178; 181; 187; 199; 205-206; 223; 225; 232; 238-239; 242; 250; 257-259; 263; 269; 277; 280; 286-287; 290-291; 293; 295; 297; 302; 309-310; 321; 323-328; 333-334; 336; 341-342; 344; 347; 349-351; 359; 362-363; 365-367; 369; 376; 379-380; 383-384; 386-387; 390-393; 398-399; 404; 407-411; 416-417; 419-422; 424; 430; 439-440; 446-448; 450; 457-458; 460-461; 464-465; 469-474; 476; 481-482; 484; 487-488; 490-493; 496; 499; 501; 503-507; 509; 512; 514-520; 525-526; 530; 533; 535; 537; 539-542; 545; 547; 550; 553-554; 558; 560; 562-563; 565; 568-569; 573; 575-580; 584; 588-595; 597-602; 604-607; 610; 612-614; 616-618; 621; 624-626; 629-632; 635-638; 641; 645; 648-650; 653; 655; 659-660; 663-670; 672-673; 675-676; 678-680; 682-684; 687-690; 692-698; 702; 707-710; 712-714; 718; 720-723; 725-730; 733; 736-739; 741-744; 746-748; 750-751; 753; 755-758; 760; 762; 764-774; 776-777; 779-780; 782-786; 788-796; 799; 801-802; 804-811; 813-817; 819-820; 822-823; 825; 828-829; 831-835; 837-838; 840-847; 849-856; 858; 860; 862-863; 865-881; 883; 885; 887-893; 895-897; 899-903; 905-908; 910-914; 916-919; 921-923; 925; 927-931; 933-935; 937-938; 940-946; 948-951; 953-960; 962-966
wta_rankings_83_99.csv,1993-08-16,1,962,522,440,23; 62; 94; 103; 123; 142; 169; 171; 176; 179; 187; 193; 209; 212; 215; 218; 223; 228; 230; 236; 243; 249; 252; 261-263; 268; 281; 283; 285; 288; 291; 295-298; 301-302; 316; 318; 323; 325; 329-334; 336-337; 342-343; 347; 350-352; 354; 357; 363; 367-368; 370-371; 375; 379-380; 382-383; 385; 387; 389-391; 393-394; 399; 401; 404; 406; 409-411; 416-417; 421; 423-424; 427-429; 433; 442-443; 446-447; 449; 455; 457; 462-463; 465; 469-472; 474-476; 478-482; 487; 489; 491-493; 495-496; 498; 500; 502-505; 511-512; 515-520; 523-524; 527-529; 533; 536-537; 543-545; 547; 550-552; 556; 558; 562-563; 565-566; 569; 572-573; 577; 579-582; 585-586; 588; 590-597; 600-602; 604-607; 609; 611; 613-615; 617-619; 621-622; 624-627; 630-634; 637; 639; 641-642; 646; 648; 653; 656; 659-660; 663-665; 667-670; 672-673; 675-676; 678-682; 685-688; 690-696; 699-700; 704-707; 709; 712; 714-718; 720-722; 724; 727-729; 731-732; 734-735; 738-740; 742-744; 747; 749-754; 756; 759-760; 762-770; 772-773; 775-776; 778-786; 789; 791; 793-802; 804-808; 810-812; 814-817; 819-820; 823-827; 829-831; 833-843; 845-852; 854; 856; 858; 860-877; 879-880; 882; 884-887; 889-890; 892-896; 898-901; 903-913; 915-917; 919; 921-925; 927-928; 930-933; 935-939; 941-942; 944-949; 951-956; 958-961
wta_rankings_83_99.csv,1993-08-23,1,945,522,423,21; 63; 93; 109; 121; 134; 168; 175; 184; 189; 200; 212; 214; 220; 225; 229; 231; 234; 247; 253; 256; 258; 261-263; 269; 277; 280; 283; 289; 299; 302-304; 307; 311; 317-318; 322; 325; 328-330; 332; 335; 337-338; 341-342; 345; 349-353; 355; 357; 365; 369-374; 379; 385-386; 388-389; 391; 395; 397; 400; 402; 406-408; 410; 415-417; 419-420; 422-423; 426-428; 434; 438; 440-441; 445; 449; 459-461; 464-466; 468-469; 472; 474-476; 478-479; 481; 484-488; 491; 493-495; 498; 502; 506-509; 511; 514-515; 518-522; 525-526; 528; 531-532; 535-536; 541-542; 545; 550-553; 555-556; 559; 561-562; 568-571; 575; 577-579; 581; 583-585; 587-588; 590; 593; 595-599; 601-602; 604-606; 608; 610; 612-614; 616-618; 620-623; 627-634; 637; 640; 642-643; 645-647; 649-650; 653; 656-657; 659; 661-662; 665-666; 668-670; 673-676; 679-683; 685-686; 688-689; 692-694; 697-701; 704; 707-708; 710-717; 721-722; 724-725; 727-728; 730-731; 733-736; 738-739; 741-743; 745; 747; 749; 751; 754-756; 758-761; 763-765; 767; 769; 771-784; 786-788; 791-796; 798; 800; 802-808; 810-811; 814-820; 822; 824-826; 828-830; 832-839; 841-847; 849; 851-852; 855-869; 872-876; 878-880; 882-886; 888-893; 895-902; 904-905; 907-908; 910-912; 914-916; 918-921; 923-928; 931-936; 938-944
wta_rankings_83_99.csv,1993-08-30,1,943,519,424,22; 64; 94; 102; 110; 123; 135; 175; 177-178; 190; 199-200; 214; 217; 222; 225; 231; 241; 245; 253; 256; 259; 262; 264-265; 267; 270; 279; 281; 290; 298; 302-303; 306-307; 311; 317; 320; 323-324; 330-333; 335; 337; 341; 343; 345-346; 350-353; 355; 357-358; 366; 368; 370-371; 373-374; 382-383; 385-386; 389; 391; 395-396; 401; 404-407; 409-411; 413; 416; 420-421; 423; 425-427; 429; 437; 439; 441-442; 444-446; 449; 453-454; 463; 465-466; 468-469; 471-472; 476-478; 480; 482; 484-486; 488-491; 497; 502; 505-507; 509-511; 515-516; 519; 521-525; 527; 529; 531-533; 536; 541-542; 545-546; 550; 552-557; 562; 564; 568-570; 573-574; 576; 578-579; 581-583; 586-587; 590-591; 593; 595; 597; 600-601; 603; 605-606; 608-612; 614-616; 618-623; 625-627; 631-636; 639; 641; 643-646; 649; 651; 653-654; 657; 659-661; 663-665; 667; 669-670; 673-676; 680-684; 686-689; 691-692; 694; 696-699; 701; 703; 705; 707-709; 711; 713-714; 716-721; 725-726; 728; 730; 733-736; 738-742; 745-746; 748; 750-751; 753; 755-756; 758-759; 761-768; 770; 773-779; 781-783; 785; 787-791; 793-795; 797; 799-808; 810-811; 813; 815-818; 820; 822-825; 827-828; 830; 832-846; 849; 852-866; 869-875; 877-878; 880-888; 890-899; 901-904; 906-907; 909-910; 912-915; 917-920; 922-926; 929-934; 936-942
wta_rankings_83_99.csv,1993-09-06,1,943,467,476,22; 29; 64; 68; 89; 94; 99-100; 102; 105; 110; 112; 123; 135; 146; 157; 175; 177-178; 190; 199-200; 211; 214; 217; 222; 225; 231; 241; 245; 249-250; 253; 256; 259; 262; 264-265; 267; 270; 279-281; 287; 290; 298; 302-303; 306-307; 311-312; 317; 320; 323-324; 326; 330-333; 335; 337; 341; 343; 345-347; 350-353; 355; 357-360; 364; 366; 368; 370-374; 382-383; 385-386; 389; 391; 393; 395-396; 401; 404-407; 409-414; 416; 420-421; 423-429; 431; 435; 437; 439; 441-442; 444-446; 449; 453-454; 457; 463; 465-472; 476-478; 480; 482-486; 488-491; 495; 497; 502; 505-507; 509-511; 515-516; 519; 521-525; 527-529; 531-533; 536; 539-542; 545-546; 550; 552-558; 560; 562; 564; 568-570; 572-574; 576; 578-579; 581-583; 585-587; 590-591; 593; 595; 597; 600-601; 603-612; 614-616; 618-623; 625-627; 631-636; 639-641; 643-646; 649; 651; 653-654; 657; 659-661; 663-667; 669-670; 673-676; 678; 680-684; 686-689; 691-692; 694; 696-699; 701; 703-705; 707-709; 711; 713-714; 716-721; 723; 725-728; 730; 733-736; 738-742; 745-746; 748; 750-753; 755-756; 758-759; 761-768; 770; 773-779; 781-783; 785; 787-791; 793-795; 797; 799-808; 810-811; 813; 815-818; 820; 822-825; 827-828; 830; 832-847; 849; 852-866; 869-875; 877-878; 880-888; 890-899; 901-904; 906-907; 909-910; 912-915; 917-926; 929-942
wta_rankings_83_99.csv,1993-09-13,1,938,520,418,25; 63; 101; 111; 117; 124; 135; 176; 178-179; 189; 196; 205; 211; 214; 221; 229; 242-243; 245; 253-254; 260; 262-263; 265; 267; 271-272; 280; 282; 299; 302-303; 309-315; 318; 323; 326; 328; 330; 333; 336; 339; 344; 347-350; 352-353; 355; 357; 359; 362-364; 368; 370; 372; 377-378; 380; 382-383; 386; 391; 393-394; 397-398; 401; 404; 409-410; 412-413; 416; 418; 420; 422; 424; 427-428; 433; 440; 442; 444-446; 451-454; 457; 459; 461; 464-470; 474; 481-482; 484; 486; 488-489; 491; 496; 501; 505-507; 509-510; 513; 515; 517-518; 523; 525-526; 528-530; 532-533; 535; 540-541; 544; 549; 551; 555-560; 563-564; 566-569; 571; 573-574; 576-580; 582-583; 585-586; 588; 590; 593-597; 599-600; 604-605; 607-610; 613-621; 624-626; 631-634; 636; 639-644; 647-649; 651; 653-656; 661-663; 665-678; 681-685; 688-690; 692; 695; 700; 702-703; 705-709; 712-713; 715-721; 723-725; 727-729; 732-733; 735-739; 741; 744-747; 749-750; 752; 754-757; 759; 761-763; 767-769; 771-772; 774-776; 778-779; 781-788; 790-793; 795; 797-804; 806-807; 810-811; 813-814; 816; 818-819; 821-826; 828-832; 835-839; 841-845; 847-848; 850-853; 855-861; 863; 865-866; 868; 870-873; 875-876; 878-885; 887-888; 890-897; 899; 901-903; 905-906; 908-911; 913; 915-921; 924-932; 934-937
wta_rankings_83_99.csv,1993-09-20,1,931,521,410,25; 62; 100; 117; 123; 152; 167; 179; 182; 187; 195-196; 204; 212; 214; 221; 229; 241-242; 248; 250; 254; 256; 258; 263; 265-266; 271-273; 282; 294-295; 299; 301-302; 309-310; 312-313; 315; 318-319; 322; 327-328; 332; 334; 336; 343-344; 346-350; 352; 354; 359; 363-365; 369-370; 372-373; 381-384; 389; 392; 396-397; 402-403; 407; 411-415; 418; 420; 422-423; 425; 427; 431-432; 436; 439; 442; 445; 447-448; 451; 453-456; 458; 460; 462; 464; 466; 469-472; 477; 482; 484-485; 487-492; 494; 497; 503; 508-510; 512; 516; 519; 521-522; 526-527; 529-531; 533; 535-536; 541-542; 544; 547; 549; 551; 553; 555; 558-563; 566; 570-571; 573; 575; 577-582; 587; 589; 591-593; 595-596; 599-600; 602; 605-606; 608; 610-611; 613-617; 620-622; 626-630; 634-641; 644-646; 648; 650-653; 656-658; 660-662; 664-672; 674-676; 679-684; 687-688; 690-691; 693-694; 696; 699; 701-703; 705; 707-709; 711-713; 715-718; 720; 722; 724-728; 730-735; 737; 739-742; 744-745; 747-748; 750; 752-753; 755-757; 760-763; 765-769; 772; 774-775; 778-782; 785-787; 790-798; 801-802; 804-805; 807-810; 813-814; 816-822; 824-827; 830-833; 835-838; 840-847; 850-857; 859; 861-862; 864; 866-869; 871; 873-880; 882-883; 885-886; 888-893; 895-896; 898-899; 901-902; 904-907; 910-912; 914-915; 918-925; 927-930
wta_rankings_83_99.csv,1993-09-27,1,947,521,426,25; 62; 98; 117; 122-123; 152; 169; 179; 184; 195-196; 201; 210; 213; 221; 224; 228; 230; 240-241; 246; 250; 252; 255; 259; 266; 269-270; 272; 274-276; 285; 300-301; 305; 309-312; 317-318; 320-321; 323; 326-330; 335; 338; 341; 346-347; 349; 351-353; 355; 358; 363-364; 367; 373-375; 377; 383; 386; 388-390; 394; 406; 409-410; 413-416; 418-419; 421-422; 425; 427; 429; 431; 434-436; 439; 445; 447; 450-452; 455; 457; 459; 461; 463; 465; 467-468; 470-472; 474; 479-480; 485; 487-496; 499-500; 509-511; 513; 515; 523; 525; 527-528; 530; 532-534; 536-540; 542; 545; 548; 550; 552; 555; 557-558; 560; 563-564; 566-570; 573; 576; 578-580; 582-583; 585-588; 594-595; 597-599; 602; 604; 608-610; 612; 614-615; 617-618; 620-623; 626-629; 632-637; 642-649; 651-653; 655-657; 660-662; 664-666; 668-672; 674-678; 680-682; 684; 687-689; 691; 693-694; 696-698; 700; 703; 705-706; 708; 711-715; 717-719; 721-724; 726; 729; 731-733; 736-739; 741; 743; 745-753; 755-757; 760; 762; 764; 766-767; 769-771; 773-774; 776-777; 779-782; 786-788; 790-791; 793; 795-803; 805-808; 810-812; 814-817; 819; 821; 823-832; 834; 837-840; 842-844; 846-851; 854-862; 864-865; 867-868; 870-872; 874-878; 880-881; 883-885; 887-892; 894; 896; 898-902; 904-905; 907-912; 914-915; 917-923; 925-927; 929-937; 939-942; 944-946
wta_rankings_83_99.csv,1993-10-04,1,952,533,419,26; 60; 98; 100; 113; 117; 144; 150; 162; 168; 180; 192-193; 200; 211; 215; 228; 230; 241-242; 244; 250; 254; 256-257; 262-263; 271; 273; 277-279; 281-282; 300; 303-304; 308-309; 311; 314-315; 319-320; 322-323; 326-328; 331; 335; 337; 340; 346; 348; 352-353; 357; 365; 367; 369-370; 372; 377-378; 381; 386-387; 389; 392-394; 400; 410; 412-420; 424; 427-428; 431-432; 435; 437; 439; 444-446; 448-449; 451-453; 459; 462-464; 466; 468-469; 473-474; 476-477; 480; 486; 488; 490-498; 501-503; 508; 514-515; 517; 520-521; 523; 525; 527; 529-530; 532-534; 537-539; 541; 543; 548-549; 553; 556; 558; 562-566; 568-572; 574; 578-579; 581; 585-587; 590-596; 598; 600-601; 604-605; 608-609; 615-618; 620-621; 624-625; 627; 630-632; 634-639; 641-642; 644; 646-652; 655-656; 659-663; 665; 667-668; 671-672; 674-676; 678-685; 687; 689; 693-694; 696-698; 700; 702; 704-705; 708; 710-711; 713-721; 724-728; 730-731; 733; 736; 738-740; 744-746; 750-754; 757-759; 761-763; 765; 767; 770-774; 776-779; 781-782; 784-785; 788; 790; 792-795; 798; 800; 802-804; 806-808; 810; 815-817; 819-820; 823-824; 826-840; 842-846; 849-851; 853; 855-859; 862-870; 872-873; 875-884; 886; 888; 890-891; 893-895; 897-898; 900; 902-906; 908-914; 916-917; 919-925; 927-931; 935-944; 946-951
wta_rankings_83_99.csv,1993-10-11,1,948,534,414,25; 59; 101; 117; 140; 152; 164; 172; 181; 192; 194; 202; 213; 215; 227; 231; 241; 243-244; 253; 255; 257-258; 261; 268-269; 274; 278; 280-282; 284-285; 303; 306; 308-309; 311; 313; 315-316; 319; 322; 324-325; 327; 331; 334; 342; 344-345; 347; 350-351; 358-359; 364-367; 369; 373; 382; 384; 387; 390; 392; 396-398; 407; 409; 415; 417; 419-423; 428-430; 432; 434-435; 437; 439-440; 445; 448-449; 451; 453-458; 464; 466-467; 470; 472-474; 478-480; 482-483; 486-489; 492; 494-496; 498; 500-502; 508; 512; 514-515; 517; 519; 521-523; 525; 528-529; 531; 533-535; 537-538; 542; 548-549; 551-553; 558; 561-564; 566-570; 573; 575-576; 579; 581-582; 584; 586; 588; 590-597; 602; 604-605; 607; 609; 613; 616-617; 619; 621-622; 626-628; 630; 633-634; 636-637; 639-645; 648-651; 654; 656-658; 660-662; 664-667; 669-670; 673; 675-679; 681; 683; 685-686; 689; 691; 695-697; 699; 701; 703-704; 706-710; 713-718; 720-723; 725-727; 729-734; 736; 738; 741; 743-744; 747-749; 751; 753-756; 760-762; 764; 766; 768; 771-774; 776-782; 784-786; 789-792; 794; 796-801; 804-806; 808-809; 812-813; 816-818; 820-822; 825-826; 828-839; 841-844; 847; 849-851; 853-856; 858-861; 863; 865-873; 875-882; 884-885; 887-889; 891-893; 896; 898-901; 903-908; 910-911; 913-918; 920; 922-925; 927; 930-938; 940-947
wta_rankings_83_99.csv,1993-10-18,1,961,536,425,25; 63; 102; 115; 143; 151; 166; 174; 184; 194; 196; 202; 212; 222; 227; 232; 244-245; 252; 254; 257-259; 262; 268-269; 272; 275; 277; 280; 282; 284; 287; 294; 308; 310-315; 317-318; 324-325; 329-330; 332; 337; 346-348; 351-352; 356; 358; 360; 362; 364; 372; 374-375; 378; 381; 388-389; 392; 398-400; 409; 416-420; 422-424; 429-430; 432-436; 440; 446-447; 449; 451-454; 456-459; 466; 469; 472; 474-476; 478; 480; 482-483; 485-486; 489-490; 493-496; 499; 501-502; 506; 508; 510; 512; 514; 517; 519-523; 525; 528-529; 531; 533-534; 536; 538-541; 544; 548; 552-554; 556-558; 560; 563; 568; 570; 572-574; 576-580; 583-585; 589-590; 592; 594; 598; 600-606; 610-611; 614-615; 617-619; 623; 628; 633-635; 638-639; 642-651; 654-658; 661-666; 668; 670-672; 674; 676-678; 681-683; 686-693; 698; 700; 703-706; 708-709; 711-715; 718; 722; 724-727; 729-735; 738; 740-742; 744-745; 747-749; 752-754; 756-758; 760-761; 763; 765; 769-770; 772; 777-778; 781-782; 784-791; 793-797; 799-801; 803; 806-809; 811-813; 815-817; 820-824; 827-830; 832-834; 836; 838-853; 856; 858-862; 864-866; 869-871; 874-884; 886; 888; 890-898; 900-903; 905-908; 910-916; 918-921; 923-924; 926-937; 940-951; 953-960
wta_rankings_83_99.csv,1993-10-25,1,977,533,444,26; 64; 104; 118; 120; 151; 160; 168; 173; 182; 193; 195; 201; 212; 226; 228; 234; 244-246; 251; 253-255; 261; 266-267; 269; 271; 275; 277; 279; 283; 287; 289; 297; 303; 307; 309-310; 312-313; 315; 317; 320-321; 330; 333; 338-339; 345; 351; 355; 358-359; 362-363; 365-366; 370; 372; 378; 380; 383-384; 386; 393-394; 397-399; 403; 409; 414; 416-419; 421-423; 430; 433-434; 439; 443-446; 449-455; 457; 460; 462-464; 468; 470; 472; 474; 476; 480-483; 486-487; 491; 495; 499-500; 502-505; 507-509; 512; 514-516; 520; 522-523; 525; 527; 529-530; 533-536; 538; 540-541; 543-544; 549; 551; 555-559; 563-564; 570; 574; 576-579; 581-584; 587-588; 591-592; 594-595; 600-601; 603-605; 607; 609-611; 616-620; 623; 625-627; 630-632; 635; 637-638; 642; 644-647; 649; 652; 654-655; 657-660; 662-667; 670-673; 675-676; 679-681; 683; 685-686; 688-695; 698-703; 705-706; 708; 710-711; 714; 716-717; 719-720; 722-726; 730-731; 733-737; 740-741; 743-746; 748-750; 752-753; 755; 757-759; 762-763; 766-770; 773; 775-776; 778-779; 782-783; 785-788; 790-795; 797-799; 801-804; 807-808; 810; 812-814; 816-819; 821-822; 824; 826-827; 829-833; 836-839; 841-844; 846-860; 862; 864-868; 870-872; 876-879; 882-892; 894; 896-904; 906-912; 914-915; 917-918; 920-923; 925-930; 932-934; 936-954; 957-967; 969-976
wta_rankings_83_99.csv,1993-11-01,1,989,532,457,28; 60; 105; 119; 149; 155; 171; 181; 184; 188; 195; 208; 214; 221; 227; 231; 241; 243-245; 248; 250; 253-254; 261; 265; 270-271; 273-274; 279-280; 284; 286; 290; 292-293; 296; 303; 305; 309-310; 312; 314-315; 317; 319-320; 329-330; 334; 337; 340; 346-347; 354-355; 358; 361; 364; 367-368; 371; 373-375; 383; 387; 389; 396-398; 400; 403-405; 415; 417; 420-422; 426-429; 434; 436; 438; 442; 447-449; 451; 453; 455-458; 461-464; 466-467; 472; 475; 478-479; 483; 487; 491; 493-494; 498-503; 505-506; 508-509; 511; 513-514; 517; 521-522; 525-527; 529; 531-532; 535; 537-541; 544-546; 548; 550-551; 553; 556; 559-564; 566-567; 569-570; 572; 578; 581; 583; 587-588; 590-591; 596-601; 605; 607-608; 610; 614-615; 620-622; 624-626; 628-633; 637; 639-643; 647-648; 651; 653-663; 665; 667-669; 671; 674-675; 677-678; 680; 682-687; 689-697; 699; 701; 705-707; 709; 711-713; 715; 718-719; 721-724; 726; 728; 730; 732; 734; 736-740; 743-748; 750-753; 755; 757-758; 760; 762; 765-766; 768; 771-778; 781-783; 785-787; 789; 791-800; 802; 804-805; 808; 810-811; 814-816; 818-820; 822-825; 827-832; 834-838; 842-845; 847-848; 850-851; 853-861; 863-867; 869-874; 876-879; 882-885; 887-898; 900; 902-912; 914-916; 919-924; 926-927; 929-934; 936-940; 942-944; 946-968; 971-982; 984-988
wta_rankings_83_99.csv,1993-11-08,1,995,537,458,29; 66; 103; 121; 151; 155; 174; 181; 184; 187; 193; 208; 211; 217; 223; 228; 231; 240; 243-244; 246-248; 250-251; 257-258; 264-265; 271-272; 275; 277; 280-281; 284; 287; 292; 295; 297; 302; 304-306; 316-317; 319-321; 326; 328; 331-332; 336; 339; 345; 349; 355; 358-360; 363; 365; 368; 370; 377; 381; 383; 386; 389; 395-399; 404-406; 412-413; 416; 419; 421; 423-424; 428-430; 433; 437; 439; 446; 451-453; 455; 457-460; 463-468; 470; 473; 477; 479; 483; 486; 488; 491; 496-497; 502-506; 508-509; 511-512; 516-517; 523; 526-528; 530; 532-533; 536-537; 539-542; 544; 546-548; 550-552; 554-555; 559-560; 562-567; 570; 572; 574; 579; 582; 584; 589; 593-594; 596; 599-600; 602-604; 606-607; 611-612; 615; 617-618; 621-624; 626-629; 631-634; 638-639; 641-643; 646-647; 649; 651-660; 662; 665-668; 670; 673; 675-677; 679-685; 687; 689; 691-700; 702; 706-709; 711; 713-714; 716; 718-720; 722; 725; 727-728; 730; 732; 735-736; 738-739; 742-746; 748-751; 753; 755-758; 760-762; 764; 767; 769; 772; 774-780; 783-786; 788-793; 795-799; 801-805; 807; 809; 812; 814; 816-817; 819-822; 824-827; 829-830; 832-838; 840-842; 844-845; 849-850; 852-856; 858-866; 869-873; 875-884; 886-888; 890-895; 897-905; 907; 909-918; 920; 922-925; 928-934; 936-937; 939-943; 945-948; 950-953; 955-963; 965-968; 970-975; 978-988; 990-994
wta_rankings_83_99.csv,1993-11-15,1,1003,551,452,28; 71; 104; 122; 156; 158; 173; 177; 182; 185; 201; 209; 217; 226; 228; 241; 244-247; 249; 251; 255-256; 259; 262-263; 268; 274-276; 281-282; 289; 291; 294; 297; 303; 309-310; 312; 314; 319; 322-323; 325; 327; 331; 334-335; 341; 343; 353-354; 361-363; 367-368; 372; 374; 376-377; 382; 385; 387; 389-390; 392; 395; 401; 403; 407-408; 410; 412; 416; 421; 423-424; 426-427; 429; 432-434; 436; 442; 445; 449-450; 452-453; 456-457; 460-463; 467-473; 478-481; 483; 486; 490; 493; 495-496; 500-501; 504; 506-507; 509; 512; 516-517; 521; 525-526; 528; 531; 534; 537; 539-540; 542; 544-548; 550; 553; 555-556; 558-559; 561-563; 568-571; 573; 576; 579; 585; 588; 590; 594-596; 599; 603-606; 608-610; 612-614; 618-620; 624; 626-627; 630; 632-644; 649; 652; 654; 656-660; 663-665; 667; 669-671; 674-676; 680-684; 686-691; 693-696; 698-699; 702-708; 710-711; 714; 716-718; 720-721; 724; 727-730; 732; 735; 737-740; 744-746; 748-749; 752-756; 758-762; 764; 766-767; 769-771; 774-775; 777; 779; 783-788; 790; 792-793; 795-799; 801-805; 807-811; 813-815; 821-824; 826-827; 829-830; 832-834; 836; 838-840; 842-848; 850; 852-853; 856-857; 859-861; 863-875; 877-879; 881; 883-891; 893-894; 896-901; 903-910; 912-923; 925; 927-931; 933; 936-940; 942; 944; 946-950; 952-956; 958-959; 961-968; 970-975; 977-983; 986-994; 996-1000; 1002
wta_rankings_83_99.csv,1993-11-22,1,999,543,456,28; 72; 104; 122; 158; 160; 174-175; 182; 192; 202; 211; 217; 231; 239; 242-243; 245-246; 249; 251; 254-255; 258; 260-261; 265-266; 274-276; 282; 286; 291; 296; 301; 306-307; 309; 311; 314; 317-318; 321; 323; 329; 331; 334; 336; 340; 343; 353-354; 359; 362-365; 368-369; 374; 376-377; 382-384; 388; 391; 393; 395; 399-400; 402-403; 408-409; 413-414; 417; 421; 426-430; 434; 436; 442; 445; 450-451; 453-456; 460-461; 465; 467-470; 472-473; 475; 479-480; 482; 487-488; 490-493; 495-496; 501-502; 505; 507; 509-510; 513-514; 517; 519; 525-528; 530-531; 537-538; 540; 543-548; 550-551; 553-554; 556-557; 560-561; 565-567; 569-570; 572; 574; 576; 582; 585; 589; 591; 594-595; 597; 599-602; 604-606; 608; 610-613; 617; 619; 621; 623; 625-626; 629-631; 633-638; 640; 642-644; 647; 651; 653-654; 656-659; 662-665; 667; 669-672; 675-676; 679-683; 686-689; 691-694; 696; 699; 701-711; 713; 715-718; 720-723; 726; 728; 730-732; 734; 738-739; 741-742; 746-748; 750; 752-753; 755; 757-762; 764; 766-767; 769-770; 772-773; 777; 779-789; 791-792; 794-798; 800-808; 810-812; 816-817; 820-821; 823-825; 827-829; 831-832; 834; 836-837; 839-842; 844; 846; 848; 851-854; 856-864; 866-870; 872-876; 878-882; 884-886; 888-894; 896-905; 907-918; 920; 922-928; 930; 933-938; 941-946; 948-953; 955-956; 958-966; 968-974; 976-981; 984-991; 993-996; 998
wta_rankings_83_99.csv,1993-11-29,1,1001,548,453,28; 72; 105; 122; 157; 159; 175; 181; 188; 193; 195; 204; 217; 219; 240; 243; 246-248; 251; 253; 256-257; 260; 263; 266; 269; 276; 278-279; 281; 284; 292-293; 299; 301; 304; 309-310; 312-313; 317; 319; 321-322; 326; 332; 334; 336; 340; 343; 345; 356-357; 360; 365-367; 369; 372; 375; 377-379; 381-382; 386; 390; 392; 394; 396; 401-402; 404; 407; 411; 418; 421; 423; 426-429; 431; 438; 444; 446-448; 450-454; 457-458; 463; 465; 467-472; 474; 481; 483; 488-494; 499; 501; 504; 507-508; 511-514; 518; 520; 525-526; 528; 530-533; 537; 539; 542; 544; 547; 549-551; 553; 556-559; 561-562; 564-567; 569-570; 573; 575; 577; 581-582; 588-589; 592; 596-597; 600-606; 608-612; 616-617; 620; 623-625; 627-628; 632; 634; 636; 638-639; 641-644; 646; 649-650; 654; 657-659; 661-664; 666-669; 671-672; 674-675; 677-679; 681-686; 688-692; 694-695; 697-698; 700-707; 709; 712; 714-715; 717-721; 723; 725; 727; 729-731; 733; 737-739; 741-742; 745-747; 750-752; 754-756; 759-764; 766; 769-771; 774; 777; 781-786; 788-790; 792; 794-798; 800; 802-807; 809-816; 820; 822-823; 825-829; 833; 835-836; 838-840; 842-843; 846-847; 849; 852-855; 857-871; 873; 875-881; 883-886; 888-889; 891-896; 898-905; 907-917; 919-923; 925; 927; 929-935; 937-938; 940-944; 946-948; 950-951; 953-961; 964-971; 973-981; 984-993; 995-998; 1000
wta_rankings_83_99.csv,1993-12-06,1,1013,551,462,28; 72; 105; 123; 157; 159; 175; 182; 186; 190; 198; 205; 212; 221; 243; 245; 248-249; 251; 253-254; 256; 261-262; 265; 271-272; 274; 278-281; 284; 288-289; 292; 297-298; 302; 306; 313-314; 316; 318; 323; 325; 330; 334-335; 337; 341-342; 344-345; 353; 360; 363; 367-368; 370; 372-373; 375-377; 382-383; 390; 393; 395; 397; 404-405; 407; 409-410; 415; 419; 421-422; 424-426; 429; 431; 438; 447-449; 451-453; 456; 458-459; 461-463; 466; 469-471; 473-475; 481-482; 485; 487; 491-492; 494-497; 500-502; 504; 506; 508; 513-517; 520; 522; 527-529; 532-534; 537; 539; 542-543; 548; 550-552; 554-555; 557; 559; 562; 566; 568-576; 579; 581; 584; 588; 590; 593; 596; 600-601; 605-613; 618-621; 626; 629-630; 633-634; 636-637; 639; 641-643; 645-646; 650-652; 654; 656-657; 660-661; 663-667; 669-671; 673-678; 680-683; 687-691; 693-696; 698; 700; 702-703; 705-714; 716-717; 719-720; 723-724; 726-728; 730; 735-736; 738-740; 742; 746-750; 754-756; 758-760; 762-766; 769-772; 774-776; 779-782; 784; 786-787; 791; 795-797; 799; 801-802; 804; 806-810; 812-816; 818-826; 828; 831-832; 834-836; 838-839; 841; 843-848; 850-854; 858; 860-863; 865-872; 874-878; 881-884; 886-888; 890-895; 897-899; 901-905; 907-914; 916-926; 929-932; 934; 937-944; 946-949; 951-955; 957-960; 962; 964-973; 975-981; 983-991; 994-1005; 1007-1010; 1012
wta_rankings_83_99.csv,1993-12-13,1,1023,553,470,28; 72; 104; 123; 158; 161; 179; 186; 189; 191; 209; 212; 214; 221; 243; 247; 250; 252-253; 255; 258-260; 262-263; 265; 270; 273; 278; 280-282; 285; 287-290; 293; 297; 300; 303-304; 308; 312; 314; 316; 329; 333; 336; 339; 342; 346-349; 360; 365-366; 369-370; 372; 374; 377-378; 380-381; 386-387; 395; 400-401; 403-405; 409-412; 418; 422; 425-426; 428-430; 435; 437; 446-448; 453-455; 457-462; 464; 469; 471-473; 475-476; 478; 486; 488; 490; 493-494; 496-500; 502; 505-507; 509-510; 515-518; 521; 523; 525; 530-532; 534-536; 538; 540; 544-545; 551; 554-556; 558-559; 561-562; 565; 569; 571-577; 579; 581-582; 585; 589; 591; 595-596; 599; 602-604; 607-610; 613-617; 620-621; 624-626; 630; 634; 636-637; 639; 641; 643-646; 651-653; 655; 657; 659-660; 662; 664-665; 667-669; 671-675; 677-679; 681-684; 686-688; 692-695; 697-700; 702-703; 705-707; 709-712; 714-719; 721-722; 724-725; 728; 730-733; 735; 740-741; 743-744; 746; 750; 752-755; 759-760; 762-764; 766-769; 772-775; 777-779; 782-785; 787; 789-791; 795-796; 799-801; 803; 805-807; 809-811; 813-816; 818-822; 824-830; 832; 835-836; 838-842; 844-845; 847; 849-854; 856-860; 864; 866-870; 872-883; 886-887; 889-890; 892-894; 896-900; 902-904; 906-917; 919-925; 927-929; 931-933; 936-939; 941; 944-953; 955-959; 961-966; 968; 970-980; 982-989; 991-999; 1001; 1003-1015; 1017-1020; 1022
wta_rankings_83_99.csv,1993-12-20,1,1021,555,466,28; 72; 106; 122; 158; 161; 173; 188; 195; 202; 209; 211; 213; 221; 241; 246; 250-252; 254; 257-258; 260-261; 266; 269; 273; 276; 278-279; 282-284; 286-287; 290; 295; 298-299; 302; 304-305; 310; 314; 316; 318; 330; 333; 337; 340; 343; 345-346; 349-351; 366-367; 369; 371-372; 375-376; 378; 380; 386; 388-389; 393; 397; 402-403; 406-408; 412-415; 420; 425; 427; 429-430; 432-433; 439; 443; 448-449; 455-460; 462-463; 470; 472; 474-479; 488; 491-492; 494-495; 497; 499-500; 502; 504; 507-508; 510-511; 516-517; 520; 523; 528-531; 533-535; 538; 542-543; 546; 549; 552-553; 555-558; 564-565; 568; 570-576; 579-580; 582-584; 588-589; 591; 597-598; 602; 605-608; 611-617; 620; 622; 624; 628; 631-633; 635; 637-638; 640-644; 648-650; 652; 654; 656-657; 659; 661; 663-664; 666-670; 672-675; 677-682; 686-689; 691; 693-696; 699-701; 703-710; 712-716; 718-719; 721; 724; 726-727; 729; 734-735; 737-738; 740; 745-749; 752-754; 756-757; 759-762; 765-769; 771-773; 775-779; 781; 783-786; 790-791; 794-796; 798; 800-801; 803-804; 806-810; 812-817; 819-825; 827; 830; 832; 834-837; 839-840; 842; 844; 846-850; 852-856; 860-866; 868-871; 873-880; 883; 885; 887-888; 890-892; 894-900; 902-904; 906-917; 919-924; 926-928; 930-932; 935-938; 940; 943-953; 955-959; 961-968; 970-979; 981-988; 990-995; 997; 999; 1001-1013; 1015-1018; 1020
wta_rankings_83_99.csv,1993-12-27,1,1026,557,469,28; 72; 106; 122; 158; 161; 173; 188; 195; 202; 209; 211; 213; 221; 241; 246; 250-252; 254; 257-258; 260-261; 266; 269; 273; 276; 278-279; 282-284; 286-287; 290; 295; 298-299; 302; 304-305; 310; 314; 316; 318; 330; 333; 337; 340; 343; 345-346; 349-351; 367-368; 370; 372-373; 376-377; 379; 381; 386; 388-390; 396; 401; 403; 406; 408; 410; 414-417; 421; 426; 428; 430-431; 433-434; 440; 444; 449-451; 453; 458-463; 466-467; 472; 475-479; 489-490; 493-494; 496; 498-499; 501; 503; 505; 507-508; 510-511; 516-517; 520; 523; 530-533; 535-537; 540; 544-545; 550; 552; 555-556; 558-561; 564; 568; 571; 573-581; 583-584; 587-589; 593; 595; 600-602; 605; 608-610; 614-615; 617-620; 623; 625; 627; 632; 635; 637-642; 644-646; 649-651; 653; 655; 657-658; 660; 662; 664-665; 667-671; 673-676; 678-684; 689-691; 694; 696-702; 704-711; 713-717; 719-720; 722; 725; 727-729; 731-732; 737-738; 740-741; 743; 748-754; 757-759; 761; 763; 765-768; 771-775; 777-779; 781-785; 787-789; 791; 794-795; 798-800; 802; 804-805; 807-808; 810-813; 815-820; 822-828; 830-831; 836; 838; 840-843; 845-846; 848; 850-855; 857-861; 864; 866-872; 874-878; 880-887; 890-893; 895-896; 898-900; 902-907; 909-911; 913-924; 926-930; 932-934; 936-939; 942-945; 947; 950-958; 960-965; 967-973; 975-984; 986-993; 995-1000; 1002; 1004; 1006-1018; 1020-1023; 1025
wta_rankings_83_99.csv,1994-01-03,1,1026,557,469,28; 72; 106; 122; 158; 161; 173; 188; 195; 202; 209; 211; 213; 221; 241; 246; 250-252; 254; 257-258; 260-261; 266; 269; 273; 276; 278-279; 282-284; 286-287; 290; 295; 298-299; 302; 304-305; 310; 314; 316; 318; 330; 333; 337; 340; 343; 345-346; 349-351; 367-368; 370; 372-373; 376-377; 379; 381; 386; 388-390; 396; 401; 403; 406; 408; 410; 414-417; 421; 426; 428; 430-431; 433-434; 440; 444; 449-451; 453; 458-463; 466-467; 472; 475-479; 489-490; 493-494; 496; 498-499; 501; 503; 505; 507-508; 510-511; 516-517; 520; 523; 530-533; 535-537; 540; 544-545; 550; 552; 555-556; 558-561; 564; 568; 571; 573-581; 583-584; 587-589; 593; 595; 600-602; 605; 608-610; 614-615; 617-620; 623; 625; 627; 632; 635; 637-642; 644-646; 649-651; 653; 655; 657-658; 660; 662; 664-665; 667-671; 673-676; 678-684; 689-691; 694; 696-702; 704-711; 713-717; 719-720; 722; 725; 727-729; 731-732; 737-738; 740-741; 743; 748-754; 757-759; 761; 763; 765-768; 771-775; 777-779; 781-785; 787-789; 791; 794-795; 798-800; 802; 804-805; 807-808; 810-813; 815-820; 822-828; 830-831; 836; 838; 840-843; 845-846; 848; 850-855; 857-861; 864; 866-872; 874-878; 880-887; 890-893; 895-896; 898-900; 902-907; 909-911; 913-924; 926-930; 932-934; 936-939; 942-945; 947; 950-958; 960-965; 967-973; 975-984; 986-993; 995-1000; 1002; 1004; 1006-1018; 1020-1023; 1025
wta_rankings_83_99.csv,1994-01-10,1,1026,556,470,28; 71; 103; 108; 156; 159; 171; 178; 184; 195; 200; 204; 210; 212; 222; 242; 246; 250; 252-254; 256; 259-261; 267; 269; 273; 276; 278-279; 282-284; 286-287; 290; 295; 298; 301; 304-305; 311; 315-317; 319; 330; 333; 337; 340; 345-346; 349-351; 354; 367-368; 370; 372-373; 376-377; 379; 381; 385; 387-389; 396; 402; 405; 407; 409; 412; 414-417; 421; 426; 428; 430-431; 433-434; 440; 444; 449-451; 453; 458-463; 466-467; 472; 475-479; 489-490; 493-494; 496; 498-499; 501; 503; 505; 507-508; 510-511; 516-517; 520; 523; 530-533; 535-537; 540; 544-545; 550; 552; 555-556; 558-561; 564; 568; 571; 573-581; 583-584; 587-588; 592-593; 595; 600-602; 605; 608-610; 614-615; 617-620; 623; 625; 627; 632; 635; 637-642; 644-646; 649-651; 653; 655; 657-658; 660; 662; 664-665; 667-671; 673-676; 678-684; 689-691; 694; 696-702; 704-711; 713-717; 719-720; 722; 725; 727-729; 731-732; 737-738; 740-741; 743; 748-754; 757-759; 761; 763; 765-768; 771-775; 777-779; 781-785; 787-789; 791; 794-795; 798-800; 802; 804-805; 807-808; 810-813; 815-820; 822-828; 830-831; 836; 838; 840-843; 845-846; 848; 850-855; 857-861; 864; 866-872; 874-878; 880-887; 890-893; 895-896; 898-900; 902-907; 909-911; 913-924; 926-930; 932-934; 936-939; 942-945; 947; 950-958; 960-965; 967-973; 975-984; 986-993; 995-1000; 1002; 1004; 1006-1018; 1020-1023; 1025
wta_rankings_83_99.csv,1994-01-17,1,1023,557,466,28; 88; 98; 113; 150; 156; 177; 184-185; 195; 208; 210-211; 221; 224-225; 244-245; 250-252; 254; 257-258; 261-262; 267-268; 272-273; 276; 278-279; 283-284; 286; 289-290; 299; 302; 304; 307; 312; 315-318; 331; 334; 337; 339; 345-346; 348-350; 358; 367-368; 370; 372; 374-376; 378; 382; 385-387; 389; 395; 400; 402; 408; 410-416; 420; 422-423; 427; 429; 431; 439; 446-448; 451; 454; 456; 458; 460-463; 466-467; 473; 476-477; 485; 487-489; 491; 493-497; 499; 501; 504-505; 507-508; 510-511; 517; 519; 521-522; 529-532; 535-537; 544-545; 550; 552; 555-556; 558-560; 563-565; 569; 572-580; 583-584; 587-588; 592-593; 595; 601-602; 605; 608-610; 613; 615-618; 621; 627; 632-637; 639-642; 644-646; 649-651; 653; 656; 658-660; 663; 665-667; 669-672; 674-676; 678-684; 688-690; 692; 694-699; 701-711; 713-714; 716-717; 719-720; 722-723; 726-727; 729-733; 738; 740; 742-743; 747-751; 753-755; 758-760; 762-763; 766-769; 772-774; 776-779; 781-784; 786-787; 789; 791; 794; 797-799; 801; 803-804; 806-807; 809-812; 814-819; 821-827; 829; 834; 836-837; 839-840; 842-844; 846-847; 849-851; 853-858; 860-864; 867; 869-878; 880-884; 887-890; 892-893; 895-897; 899-904; 906-908; 910-920; 922-926; 928-931; 933-936; 939-943; 945; 948-955; 957-962; 964-970; 972-982; 984-992; 994-999; 1001; 1003; 1005-1015; 1017-1020; 1022
wta_rankings_83_99.csv,1994-01-24,1,1023,497,526,28; 35; 65; 69; 88; 98; 104-106; 108; 113; 136; 138; 150; 156; 177; 184-185; 195; 208; 210-211; 214; 221; 224-225; 227; 230; 237; 244-245; 250-252; 254; 257-258; 261-262; 267-268; 272-273; 276; 278-279; 283-284; 286; 289-290; 298-299; 302; 304; 307; 310; 312-313; 315-318; 320; 330-331; 334; 337; 339; 345-350; 355; 358; 367-368; 370; 372; 374-376; 378; 382; 385-387; 389; 395; 400; 402-403; 405; 408; 410-416; 418-420; 422-423; 426-429; 431; 439; 441; 443; 446-449; 451-452; 454; 456; 458; 460-463; 466-467; 473-474; 476-477; 480; 482; 485; 487-489; 491; 493-497; 499; 501; 503-505; 507-508; 510-511; 514; 517; 519; 521-522; 529-532; 535-537; 539; 544-545; 548-550; 552; 555-560; 563-565; 567; 569; 572-580; 583-584; 587-589; 592-593; 595; 601-603; 605-606; 608-611; 613; 615-619; 621; 627-628; 630; 632-637; 639-642; 644-646; 648-651; 653; 656; 658-660; 663; 665-667; 669-685; 687-690; 692; 694-699; 701-711; 713-714; 716-717; 719-723; 726-727; 729-733; 738; 740; 742-743; 745; 747-755; 758-763; 766-769; 772-774; 776-779; 781-784; 786-787; 789; 791; 794; 797-799; 801; 803-804; 806-807; 809-812; 814-819; 821-827; 829; 831; 834; 836-837; 839-840; 842-844; 846-847; 849-851; 853-858; 860-864; 867; 869-884; 886-893; 895-897; 899-904; 906-908; 910-920; 922-926; 928-931; 933-936; 939-943; 945; 948-955; 957-962; 964-970; 972-982; 984-992; 994-999; 1001; 1003; 1005-1015; 1017-1020; 1022
wta_rankings_83_99.csv,1994-01-31,1,1029,562,467,27; 84; 91; 106; 131; 148; 153; 168; 182; 196; 208; 210; 213; 220; 227; 244; 248-249; 251; 254-257; 264-265; 273-276; 282; 285-287; 289; 293-294; 298; 300; 302; 304; 310; 315; 317-318; 325; 327; 332; 334; 336; 339; 345-346; 348-351; 364; 369-370; 373-374; 376-377; 379; 382; 385; 387-388; 390; 395; 401; 403; 407; 411; 413-418; 420; 422; 426; 428; 431-433; 441; 448-449; 451; 457; 459-461; 465; 467; 472-473; 475-476; 478; 480; 482; 484; 487; 489-492; 495; 501; 503; 506-508; 513-515; 517; 519-520; 528; 530; 532-536; 542; 545-546; 549; 551; 554-555; 557-559; 562; 564; 567; 569; 571-582; 585-586; 589; 591; 593; 595; 599; 601-602; 604; 607-610; 613; 616-617; 620; 629-638; 641; 644-645; 647; 649-650; 654-656; 658-659; 661-662; 665-666; 668-671; 673-680; 684-686; 689-690; 693-694; 696-699; 701-710; 712-713; 715-716; 718; 721; 723; 725-729; 733-735; 737; 739-740; 742; 744; 746-749; 751-753; 756-757; 759; 761; 764; 766-770; 773-775; 777-780; 782-784; 786-787; 789; 791; 795; 797-799; 801; 803-804; 806-807; 809-811; 813-819; 821-826; 830; 834; 836-841; 843-844; 846-847; 849-850; 852-853; 855-863; 865-869; 871; 873-882; 884-890; 893-895; 897-898; 900-904; 906-908; 910-912; 914-918; 920-925; 927; 929-933; 935-936; 938-942; 945-949; 951; 954-961; 963-970; 972-978; 980-992; 994-1003; 1005-1008; 1010; 1012-1021; 1023-1026; 1028
wta_rankings_83_99.csv,1994-02-07,1,1042,573,469,27; 84; 92; 99; 126; 152; 159; 169; 181; 196; 206; 215; 217; 235; 243; 247-249; 251; 254-255; 257-258; 266-267; 275; 277; 279; 283; 286-287; 291-292; 294-295; 300; 302-303; 306; 313; 317; 320; 322; 325; 329; 331; 338-339; 345-346; 349; 351-352; 356; 363; 367-370; 373; 375-376; 378; 382-383; 385; 388-389; 391; 393-394; 405; 408; 411-417; 420; 423; 428; 432; 436-437; 441; 446; 448; 457-460; 463-465; 471-472; 474-476; 478; 481; 483-485; 489; 491; 493; 495; 497; 502-504; 506-507; 516-517; 520-521; 523; 530; 532-533; 536-538; 540; 546-547; 549-550; 552; 554; 557; 559-560; 564-566; 569-571; 573-576; 578; 580-581; 583-586; 588-590; 593-595; 597-598; 604; 606-607; 611-612; 614; 616; 620-622; 625; 627-628; 634; 636-639; 641; 643; 645-647; 650; 653; 655-658; 661-663; 667-671; 673-678; 680-681; 683-685; 687-688; 691-692; 694; 696-699; 702; 705-707; 709; 711-720; 722-723; 725; 728; 731-732; 734-735; 737-738; 741; 743-745; 747; 749; 752; 755-756; 758; 761-762; 768-775; 778-782; 785-786; 791; 793; 795-799; 802; 805-810; 812; 814; 816-817; 822-830; 832; 834-839; 842; 844; 846-847; 849-852; 854-857; 859-860; 862-863; 865-871; 873-876; 878-879; 881; 883-887; 889-890; 892-893; 895-899; 902-906; 908-909; 911-921; 923-927; 929-939; 941; 943-946; 948-949; 951-954; 957-962; 964-979; 981-987; 989; 991-1002; 1004-1014; 1016-1020; 1022; 1024-1034; 1036-1039; 1041
wta_rankings_83_99.csv,1994-02-14,1,1043,571,472,26; 88; 90; 108; 130; 159-160; 174; 182; 189; 202; 206; 213; 215; 240; 246-248; 252-254; 258-259; 262; 267; 275-276; 281; 286; 293; 296; 299-304; 307; 314-315; 318; 321; 324; 328-329; 332; 341; 344-345; 348; 350; 353; 357; 360; 362; 367-368; 370; 372; 376-377; 379-381; 384-385; 390; 392-394; 401; 405; 409; 412-416; 419; 424; 428; 432; 436-437; 439; 441; 443; 445; 449; 459-463; 465; 470-471; 474-477; 479; 483-486; 489-491; 493; 497; 503-504; 507; 509-510; 513; 517-518; 521-522; 524-525; 530; 532-535; 538-543; 548-550; 552; 554-555; 563-564; 566; 569-570; 574-583; 585; 587-589; 591-592; 594; 596; 601; 605; 607; 611; 613; 615; 617-620; 622-623; 625; 629; 634-635; 637-639; 641; 645-650; 652; 655-656; 658-661; 663-664; 667-668; 671-674; 676-685; 687-692; 695-698; 702; 705-706; 710; 712; 714-719; 721-728; 730; 733; 736; 738-739; 743; 747-749; 751-752; 754; 756; 758; 762; 764; 766-767; 769-770; 774-777; 779-783; 785-786; 789-790; 793-795; 799; 801-803; 805; 807-808; 810-814; 816; 818; 820-821; 824; 826; 828-836; 838; 840-844; 847; 849; 851; 853-856; 858-862; 864-865; 867-868; 870-877; 879; 881-883; 885; 887; 889-893; 895-896; 898; 900-905; 907-908; 910-911; 913-914; 916-930; 932-934; 936-945; 948-951; 953; 955-960; 963-968; 970-985; 987-991; 993; 995-1003; 1005-1015; 1017-1022; 1024; 1026-1039; 1041-1042
wta_rankings_83_99.csv,1994-02-21,1,1049,570,479,28; 98; 115; 129; 134; 140; 158; 161; 178; 183; 186; 190; 195; 203; 210; 212; 223-224; 242; 244; 252-254; 258; 260; 262; 266-268; 271; 274; 284-285; 292; 294; 299-303; 306; 314; 316; 318; 322-323; 326; 330; 333; 336; 344-345; 348; 351; 354-355; 357; 362; 364; 366; 370-371; 377-379; 382; 385; 389-391; 394; 396-398; 403; 405; 410; 414; 417-422; 426; 430; 433-434; 438; 442; 444-445; 454-455; 464; 466-473; 478; 480-482; 486; 488; 490-491; 494; 498; 503; 505; 509-510; 512; 515; 520; 524-525; 527-528; 533; 535-537; 540-545; 550; 552-553; 555-557; 561; 565; 567; 569; 571; 573; 576-583; 586; 588-589; 591; 593-594; 596-598; 600; 602; 607-608; 610; 613; 616; 620-621; 623-625; 628; 632; 634; 637-640; 642; 644-649; 651-652; 654; 657-658; 660-661; 663-665; 667-670; 672-675; 678; 680-681; 683-690; 693-698; 701-702; 705; 709-711; 715; 717-722; 725-727; 729; 731-737; 741; 743; 748; 751; 753; 755-757; 760; 762; 766-767; 771-772; 774; 778-784; 786-787; 790-791; 795-796; 798-804; 806; 808-809; 811-814; 816; 818; 820-821; 823-824; 826; 828; 830-838; 840-844; 847; 849; 851-856; 858-863; 865; 867-869; 871-881; 883-886; 888; 890; 892-896; 898-899; 901-903; 905-908; 910-911; 913-915; 917-919; 921-936; 938-940; 942-953; 956-958; 960; 962-967; 970-975; 977-995; 997-999; 1001-1002; 1005; 1007-1013; 1015-1023; 1025-1031; 1033-1045; 1047-1048
wta_rankings_83_99.csv,1994-02-28,1,1046,571,475,27; 97; 114; 116; 131; 133; 136; 161; 169; 186; 204; 212; 215; 218; 223; 237; 247; 252; 255; 259-260; 265-268; 271; 275; 278; 283-284; 286-287; 290; 292; 295; 298; 301-304; 308; 314; 323-324; 328; 330-332; 340; 345-346; 348; 350-351; 354; 357; 361; 363; 366; 369; 375; 377-379; 381; 384-385; 391-392; 395-396; 398; 403-404; 406; 416-421; 426; 429; 431-433; 436; 442; 444-445; 448; 450; 456-457; 466-471; 473; 475; 480; 483-484; 489-490; 492; 495-496; 499; 504-505; 508-510; 514; 520; 523; 525; 528; 533-543; 545; 549; 551-552; 554-555; 562; 565-568; 570; 572-573; 576-581; 583; 585-587; 589; 592; 594-596; 599; 601; 603; 606-607; 611; 614; 617; 619-623; 625-626; 628-630; 632; 637; 640; 645; 647; 649-651; 653-655; 657; 659; 662-663; 665-672; 674-676; 678-680; 682-690; 692-696; 700-701; 706-707; 711; 713-714; 716-720; 722; 725-727; 729; 731; 733-739; 745; 749; 752-753; 756-758; 761; 763; 766-769; 771; 774-775; 778; 781-784; 786-787; 790-791; 795-802; 804-805; 807; 809-812; 814; 816; 818-819; 821; 823; 825; 827-835; 837-839; 841; 843; 845; 848-854; 856-862; 864; 866-870; 872-875; 877-883; 885-888; 890; 892; 894-899; 901-903; 905-908; 910-915; 917-918; 920-937; 939-940; 942-952; 955-957; 959-960; 962-966; 969-972; 974-991; 993-995; 997-998; 1001; 1003-1010; 1012-1020; 1022-1028; 1030-1042; 1044-1045
wta_rankings_83_99.csv,1994-03-07,1,1041,568,473,28; 104; 115; 121; 133; 135; 159; 161; 174; 180; 206; 218; 224; 228; 242; 249-251; 255-258; 263; 265-267; 275; 277; 282-283; 286-287; 291; 293; 295; 297-298; 301-302; 304-305; 308; 313; 321; 323; 327-328; 330-331; 339; 346-347; 350-352; 354-355; 358; 360; 367; 376-378; 382-383; 385; 391-392; 395; 397; 399; 402-404; 407; 410-411; 418-419; 421-422; 425; 428; 430-431; 433-435; 440; 445; 447-448; 450; 452; 458; 464-468; 470; 474; 477-478; 485-487; 489; 491-493; 497; 501; 503; 506-507; 509; 513; 519; 523; 526; 530-540; 543; 546; 548-549; 551-552; 560; 564-565; 567-571; 574-575; 577; 579-582; 584; 586; 588-590; 592; 594-595; 597-598; 601-602; 604; 612; 616-621; 623-624; 626-628; 631-632; 639; 644-651; 653; 655; 659-660; 662-670; 672-677; 679-685; 688-693; 697-698; 700; 704-705; 709; 712-713; 715-721; 724; 727-728; 730-737; 744-745; 751; 754-755; 758-761; 763; 766-769; 771; 774-775; 778; 781-784; 786-787; 790-791; 794-800; 802-803; 805; 807-809; 811-812; 814-815; 817; 819; 821; 823; 825-829; 831-833; 836-837; 839-840; 842-850; 852-858; 860; 862-866; 868-872; 874-879; 881-884; 886; 888; 890-896; 898-899; 901-904; 906-913; 915-916; 918-931; 933-935; 937-948; 951-953; 955; 957-961; 964-968; 970-985; 987-989; 991-992; 995; 997-1006; 1008-1015; 1017-1023; 1025-1037; 1039-1040
wta_rankings_83_99.csv,1994-03-14,1,1041,509,532,28; 54; 71; 100; 104; 115; 120-121; 125; 133; 135; 142; 145; 151; 159; 161; 163; 174; 180; 200; 206; 214; 218; 224; 226; 228; 232; 242; 244; 249-251; 255-258; 263; 265-267; 275; 277; 282-283; 286-287; 290-291; 293; 295; 297-298; 301-305; 308-309; 313; 318; 321; 323; 327-331; 339; 346-348; 350-352; 354-356; 358; 360; 367; 376-378; 382-383; 385; 391-392; 395; 397-399; 401-404; 407; 409-411; 414; 418-419; 421-422; 424-425; 427-428; 430-431; 433-436; 440; 445; 447-448; 450-452; 458; 462; 464-468; 470-471; 474; 477-479; 485-489; 491-493; 495; 497; 501; 503; 505-507; 509; 513; 519; 523; 526; 530-540; 543; 546; 548-552; 557; 559-560; 564-565; 567-571; 574-577; 579-582; 584; 586; 588-590; 592; 594-595; 597-598; 600-604; 612; 615-621; 623-624; 626-629; 631-632; 636; 639-641; 643-651; 653; 655; 659-660; 662-670; 672-677; 679-685; 688-694; 697-698; 700; 704-706; 709; 712-721; 724-725; 727-728; 730-737; 744-745; 749; 751; 754-755; 758-761; 763; 765-769; 771; 774-778; 781-784; 786-787; 790-791; 794-800; 802-803; 805; 807-809; 811-812; 814-815; 817; 819; 821; 823; 825-829; 831-833; 836-837; 839-840; 842-850; 852-858; 860; 862-866; 868-872; 874-879; 881-884; 886; 888; 890-904; 906-916; 918-931; 933-935; 937-948; 951-953; 955; 957-961; 964-968; 970-985; 987-989; 991-992; 995; 997-1006; 1008-1015; 1017-1037; 1039-1040
wta_rankings_83_99.csv,1994-03-21,1,1044,571,473,25; 102; 105; 130; 134; 147; 162; 190-191; 203; 219-221; 224; 243; 245; 247; 254-255; 257; 260-262; 264; 268; 274; 277; 279-280; 282; 285-286; 288-289; 291; 293; 295-296; 303; 307-308; 310; 316; 322; 324; 329; 331; 335; 340; 343; 348; 351-353; 355-356; 360-361; 367-369; 374; 376; 378; 381; 383; 385; 387; 391; 395; 402; 406-407; 412; 417; 419-420; 422-423; 426; 428; 432; 434; 436-443; 453; 455; 457; 462; 466-470; 473; 475; 480; 488-492; 497; 501; 507-508; 512-513; 517; 519; 524; 526; 530-532; 536-542; 545-546; 548; 551-554; 561-563; 566; 568; 570-573; 576-578; 580; 582; 584-585; 587-588; 590-593; 595; 597; 599-600; 602-605; 612-613; 615; 617-619; 621; 623; 626-627; 629-630; 636; 638; 640; 642-648; 650; 652; 654-658; 660-661; 663; 665; 667-676; 678; 680; 682-685; 687; 690-691; 694; 696; 698; 700; 703-704; 706-707; 709; 712-713; 715-720; 722; 725-726; 728-731; 733-737; 739; 745; 753-755; 759-761; 763; 765-767; 769-771; 773; 777-778; 780-781; 783; 785-791; 793; 796-797; 799-800; 802-804; 806; 808; 810-812; 814; 816; 819; 821; 824; 826-830; 832-833; 836-837; 840; 842-847; 849; 851-858; 860; 862-865; 867-879; 881-884; 886-887; 889-895; 897-902; 905-912; 914-931; 933-942; 944-946; 949-952; 954-958; 961-965; 967-976; 978-984; 986-989; 991-992; 995; 997-1006; 1008; 1010-1018; 1020-1027; 1029-1040; 1042-1043
wta_rankings_83_99.csv,1994-03-28,1,1047,574,473,25; 108; 120; 135; 157; 180; 191; 193; 199; 219; 221; 223-224; 241; 245; 247-248; 255-258; 260; 264; 267; 269; 273; 276-278; 281; 285; 288-289; 292-293; 297; 299; 302; 304; 307-308; 313; 316; 320; 322; 326; 328; 332; 337; 342; 347; 350; 353; 356-357; 359; 363-364; 369; 371; 373; 375; 377; 380-382; 385; 387; 389; 393-395; 403-404; 408; 410; 414; 418; 421; 423-424; 426-428; 430; 438-442; 444; 447; 455; 463-464; 466-468; 470; 474-476; 478; 481; 483; 486; 489-490; 496; 502; 507-508; 512-513; 518; 522; 525; 528; 531-534; 536-540; 542-543; 548-549; 552; 554; 556; 558; 562-563; 566-567; 569; 571-572; 574; 577; 580; 582; 584-585; 587; 589-592; 594-597; 599; 601; 603-604; 606; 608; 610; 613; 616-619; 621; 623-624; 626; 629-630; 638; 640-641; 644-645; 647; 650-654; 657; 659-662; 664; 666-667; 670-678; 680-681; 683-686; 688-692; 694-695; 697; 699; 703; 705-708; 711-715; 717-719; 722-723; 726-727; 729-730; 733; 736-737; 739-740; 742-744; 751; 755; 759-761; 763; 767-769; 771-773; 775; 777-780; 782; 785-786; 788-789; 792-797; 799; 802; 804; 806; 808-810; 812; 814; 816-819; 821; 823-824; 827; 829; 832-840; 843-844; 847-853; 855; 857-862; 864; 866-870; 873-883; 885; 887-889; 891-898; 900-906; 909-915; 917-932; 934-943; 945; 947-952; 954-959; 962-966; 968-981; 983-988; 990-995; 997; 999; 1001-1012; 1014-1023; 1025-1031; 1033-1043; 1045-1046
wta_rankings_83_99.csv,1994-04-04,1,1047,575,472,25; 102; 109; 121; 136; 154; 182; 193; 196; 212; 215; 220; 222; 227; 242; 245; 248; 252; 256; 258; 260; 263; 265; 268; 272-273; 277-279; 282-283; 286-287; 290; 292; 294; 296; 299-300; 304; 306; 310; 312; 316; 322-323; 328; 330; 332-333; 336; 347; 351; 353; 356-357; 360-361; 365-366; 370-373; 376-377; 379; 382-383; 387; 389-390; 394-396; 408-409; 414; 416-417; 421; 424-428; 430; 432; 439; 441; 446; 449-450; 452; 458; 468-471; 474-478; 481; 483-485; 487; 489; 498; 502; 504; 508; 510-511; 516; 519; 522; 528-529; 531-532; 534-535; 537-539; 544; 546-547; 550-552; 554; 557; 560-561; 563; 566-567; 571-572; 575-577; 580-581; 584; 586; 589-601; 603; 605; 607; 611; 613-614; 618; 621-622; 625-626; 628; 630; 632; 637; 641-642; 644-645; 647-648; 651-653; 656; 658-659; 661-663; 665-666; 669-673; 675-680; 682-684; 686-687; 689-690; 692-695; 697-700; 702; 705-706; 708; 712; 715-716; 719-720; 722; 725-727; 730; 732-735; 737; 740-741; 743; 746-748; 751; 754; 756; 759; 763-765; 767; 770-772; 774; 776-778; 780; 782-785; 787-788; 790; 792-793; 795-797; 799-800; 802-803; 806; 808-810; 812-813; 816; 818; 820-822; 824; 826-827; 830-831; 833; 838-842; 844-848; 852-857; 859; 861-865; 867; 869-873; 876-885; 887-901; 903-908; 910; 912-918; 920-925; 927-934; 936-946; 948; 950-955; 957-962; 964-968; 970-981; 983-988; 990-993; 995-996; 998; 1000; 1002-1014; 1016-1023; 1025-1031; 1033-1043; 1045-1046
wta_rankings_83_99.csv,1994-04-11,1,1053,582,471,24; 93; 109; 120; 127; 160; 182; 185; 192; 201; 217; 221; 227; 235; 238; 240; 246; 252; 257-259; 261; 265; 268-269; 272; 274; 276-277; 282; 286-287; 289-290; 292; 297-299; 303; 307-308; 312; 317; 322; 325; 329; 333; 335; 339; 345; 353-354; 356-358; 361-364; 371; 373-375; 377-378; 380; 383; 389-390; 393-395; 397; 399; 402; 408-409; 414; 417; 419; 423; 425-427; 430-431; 439-440; 443; 447-448; 451; 456-457; 466; 468-469; 474-477; 479-480; 483; 485-486; 488; 490; 493; 495; 497; 499; 504; 510; 512; 514; 522-523; 528-529; 533-534; 536; 538; 540; 542; 546-548; 551; 554; 557; 559; 562-564; 567; 570-572; 575-577; 580-581; 584; 586; 588-589; 591-592; 594; 596-604; 606; 608; 610; 612; 614-615; 617; 620; 626; 628; 631; 633-636; 640-641; 645-647; 649-650; 653-655; 658; 660-662; 664-666; 668-669; 671-673; 675-679; 681-683; 685-686; 688-694; 696-700; 703; 706-707; 710-711; 714; 717; 720-721; 724-725; 727; 730; 734-736; 741-743; 745; 749-752; 754; 759; 764-765; 767; 770-772; 774-775; 777-780; 783-784; 786-787; 789-790; 792; 794-796; 798-799; 801; 804-805; 807-811; 813-814; 816-818; 821-822; 824; 826-827; 830-831; 834; 836; 841-842; 844-847; 850-856; 859-862; 864; 866-871; 874-883; 885-887; 889-902; 904-910; 912-920; 922-935; 937-945; 947; 949; 951-957; 959-963; 965-969; 971-981; 983-987; 989-992; 994-996; 998; 1000; 1002-1016; 1018-1025; 1027-1029; 1031-1032; 1034-1036; 1038-1049; 1051-1052
wta_rankings_83_99.csv,1994-04-18,1,1064,587,477,24; 99; 122; 129; 149; 159; 184; 189; 196; 198; 224; 234; 238-239; 242; 247; 252; 258; 260-261; 263; 268; 270; 272-274; 278-279; 283-285; 290-291; 296-297; 302; 304; 310-311; 316; 319-321; 325; 327; 333-334; 336; 346; 349-350; 356; 358-360; 363-365; 370; 374-375; 378-380; 382; 385; 390-392; 395-398; 400; 402; 404; 411; 415; 417; 419; 424-428; 432; 434; 440-441; 443; 446; 448; 451; 455; 458; 462; 469; 471; 475-477; 479-482; 484; 487; 489; 494; 496; 498; 500; 503; 505; 514; 516; 519; 525-526; 528; 534-535; 537-538; 542-544; 546; 548-549; 552; 555; 558; 561-562; 564; 570-572; 574-575; 578-582; 584; 586; 588-589; 592; 594-595; 597-600; 602-604; 606; 608-609; 611-613; 617; 620; 622; 625-626; 629-633; 638; 640-641; 646-648; 651-653; 655-656; 660-661; 664-665; 667; 669; 672; 674; 676-678; 680-681; 683-687; 689; 691; 693; 695-706; 708; 711; 714; 716-717; 721-723; 726-727; 731-733; 735-736; 739; 741; 743; 746-748; 751; 753; 755-757; 765-766; 768-769; 772-774; 776-778; 780-782; 784; 787-791; 793-794; 796; 798; 800-801; 803-805; 808; 810; 812-814; 816-817; 819-821; 824-825; 827; 829-830; 833-834; 837; 839; 844-846; 848-853; 855; 857-864; 867-871; 873; 875-880; 883-892; 894-896; 898-908; 910-917; 919-925; 927-940; 942-951; 953-955; 957; 959-965; 967-971; 974-978; 980-984; 986-991; 993-997; 999-1003; 1005; 1007-1008; 1010; 1012; 1014-1027; 1029-1036; 1038-1044; 1046-1047; 1049-1054; 1056-1060; 1062-1063
wta_rankings_83_99.csv,1994-04-25,1,1065,586,479,23; 100; 120; 128; 154; 175; 191; 194; 199; 204; 225; 235; 240-241; 244; 247; 256-257; 262; 267; 269-273; 275; 277; 282; 284-286; 293; 295-296; 302-303; 306; 308; 311-314; 318; 321; 324; 326; 328; 330; 338; 343; 349-350; 357-358; 360-361; 364; 372; 374-375; 378-380; 382; 385-386; 388-389; 393; 395-396; 398; 400-401; 403; 405; 412; 415-416; 418; 423-427; 431-432; 439-440; 442; 445; 447; 449; 454; 456; 460-461; 471; 474-476; 478-481; 484; 488-489; 495; 498; 500; 503; 505; 513; 515; 517; 520; 528-530; 534-535; 538-540; 544-547; 550-551; 556; 559; 562-564; 566-567; 570; 573-576; 579-581; 584-585; 587-588; 590-591; 595; 597-601; 603-604; 606; 609; 611-613; 615; 617-618; 622; 625; 629-633; 637; 639-640; 645-647; 651-653; 655-657; 661-662; 664-665; 667; 669; 672; 674; 676-678; 680; 682-687; 689; 691; 693; 695-699; 701-705; 707; 710-711; 714-716; 719-721; 724-725; 728-729; 731; 733; 735; 737-738; 740; 742-744; 747; 751-756; 763; 765-766; 768-770; 774-776; 778; 780-781; 783; 787-790; 792-794; 796-797; 799; 802-805; 808-810; 813; 815-818; 820-821; 823-825; 828-829; 831; 833-834; 836-837; 840-841; 843; 846-848; 850-854; 857; 859-866; 869-872; 875-879; 882-889; 891-894; 896-906; 908-914; 916-922; 924-939; 942-952; 954-956; 958; 960-965; 968-972; 975-984; 986-991; 993-997; 999-1003; 1005; 1007-1008; 1010; 1012; 1014-1027; 1029-1036; 1038-1044; 1046-1047; 1049-1054; 1056-1064
wta_rankings_83_99.csv,1994-05-02,1,1059,587,472,23; 100; 118; 121; 131; 154; 170; 192; 195; 198; 223; 232; 236; 238-239; 242; 249; 256; 260; 262-263; 266; 270; 274-275; 277; 281; 283-284; 288; 290; 292; 294-295; 297; 304-306; 309; 313-314; 317-318; 320; 324; 326; 329-330; 333; 335; 339; 341; 347; 352; 355-356; 358; 361; 363-364; 368-370; 373; 375-376; 378; 382; 386-388; 392; 398; 405; 407; 409-410; 412; 414; 417-421; 425; 428; 430; 433-434; 437; 439; 442; 444; 449; 453; 455; 457; 462; 469-472; 475-478; 481; 485; 488; 493; 498; 500-501; 509; 513-514; 516; 518; 525-527; 530; 532-533; 536-537; 539-540; 543-544; 546; 548; 550; 554; 556; 558-560; 562; 564; 567; 569; 571; 573; 575; 578; 580-582; 585-586; 588-589; 591; 593-594; 598-602; 604; 606; 608; 611; 613; 618; 620; 624; 626-629; 631; 637-638; 640; 642; 646; 648-649; 652-656; 659; 661; 663-664; 669; 671-672; 674; 676; 678-680; 682-683; 685-689; 691; 693-701; 703; 705-707; 710; 714; 718-719; 722-723; 726-727; 729-731; 733-734; 736-737; 739-740; 743; 745; 748-753; 757; 759; 764-766; 769-773; 775; 777; 780-781; 783; 785-787; 789-791; 793-794; 796; 798; 800-801; 804-807; 809; 812; 814; 816-818; 821-824; 827-828; 830; 832-833; 835; 838; 842; 844-847; 849-853; 855-861; 864-867; 869-872; 875-882; 885-887; 889; 891-899; 901-909; 911-917; 919-925; 927-933; 936-943; 945-947; 949-950; 952-960; 963-967; 970-981; 983-994; 996-1001; 1003; 1005-1006; 1008; 1010; 1012-1024; 1026-1032; 1034-1038; 1040-1041; 1043-1049; 1051-1058
wta_rankings_83_99.csv,1994-05-09,1,1052,572,480,20; 71; 96; 118; 128; 150; 161; 170; 183; 187; 195; 197; 212; 219; 228; 232; 234-235; 238; 249; 253; 255-256; 261; 264; 267-268; 272; 274; 277; 283; 285; 287-288; 291-292; 294; 300-302; 304; 306; 309; 314-315; 320; 322-324; 329-330; 332; 335-336; 346-347; 349; 351; 353; 355-358; 360; 364; 368-370; 372; 375-376; 378; 380; 392; 398-399; 402-403; 405-407; 409; 412; 414; 416; 418-419; 423; 426; 428-429; 431-433; 438; 442; 452; 454; 456; 463-464; 466-468; 470-472; 477; 479; 481-482; 484-486; 490-491; 498-499; 501; 508; 510; 514-515; 518; 524-526; 529; 531; 533-537; 539-542; 545; 547; 549; 551; 556; 558; 562; 564; 567-569; 575; 577-579; 581-583; 585-586; 589; 594-597; 599-600; 602-604; 609; 612-614; 617-618; 621-622; 625; 627-628; 631; 633-637; 639; 644; 646; 649-651; 656-657; 659-662; 665; 669; 671-673; 676; 678-681; 683; 685-687; 689; 691-693; 695-700; 702-703; 706-707; 710-711; 716-717; 720-721; 723; 725-729; 731-733; 735; 737; 739; 741-742; 745; 747; 749-750; 752-755; 760-761; 766-767; 769-772; 774-775; 778; 780-784; 786-787; 789-790; 792-795; 798-801; 803; 805-806; 808-811; 813-816; 818-819; 821-822; 824; 827-828; 831; 833-837; 839-843; 845-851; 853-855; 857-861; 863; 865-872; 874-876; 878-882; 884-889; 891-897; 899-904; 906; 908-909; 911-914; 916-918; 920-923; 926-932; 934-937; 939-941; 943-944; 946-952; 955-959; 962-973; 975-983; 985-988; 990-995; 997; 999-1000; 1002; 1004; 1006-1014; 1016-1027; 1029-1031; 1033-1040; 1042; 1044-1051
wta_rankings_83_99.csv,1994-05-16,1,1049,573,476,19; 77; 98; 126; 129; 151-152; 158; 173; 180; 186; 192; 201; 220; 222; 231; 235; 237; 245; 247; 253; 259; 262; 264; 268-269; 274-275; 280; 287-288; 291-294; 296; 298; 302-303; 305; 311-312; 317; 319; 321; 327-328; 330-331; 339-340; 342; 347; 349; 351; 355; 357-358; 362; 366; 368-372; 378; 380-381; 384; 390; 392; 400; 402-407; 409; 411; 414; 422-424; 426-427; 429-431; 435; 439; 443; 450; 453; 457-458; 469-471; 473; 475-477; 479-480; 486; 488; 490-491; 494; 496-497; 501-502; 509; 515; 518-519; 522; 526-527; 531; 534-538; 541-542; 544-546; 548-549; 551; 553; 555; 559; 562; 565-566; 568-571; 575; 578; 580-583; 585-586; 588; 590-592; 597; 599; 601-603; 606-607; 611-613; 617; 619-620; 623; 626-627; 631-632; 636-637; 639; 641-643; 645-646; 649-650; 652-653; 656-657; 659-660; 662; 664; 666-667; 669-671; 673; 675; 679; 681-685; 688-691; 693; 695-696; 698; 700-704; 707; 709-710; 714-715; 719; 721-722; 724-728; 730-733; 735; 737-738; 740; 742-743; 745; 747; 750-751; 753-757; 762-764; 769; 772-773; 775-776; 779-780; 782-786; 788-789; 791-793; 795-798; 801-804; 806-807; 809; 811-814; 816-819; 821-822; 824-826; 828; 831-832; 834; 836-844; 846-853; 855-858; 860-861; 863-868; 870-871; 873-875; 877-882; 884-888; 890-893; 895; 897-901; 903; 905-910; 912-916; 918-922; 925-936; 938-940; 942-943; 945-947; 949-955; 958-964; 967-976; 978-985; 987-990; 992-998; 1000-1001; 1003; 1005; 1007-1016; 1018-1029; 1031-1033; 1035-1041; 1043-1048
wta_rankings_83_99.csv,1994-05-23,1,1051,576,475,26; 93; 120; 130; 141; 150-151; 159; 169; 179; 193; 201; 223; 228; 232; 242; 248-249; 253; 256; 259; 263; 271-272; 276; 279; 283; 287; 290; 292-294; 296-297; 299; 301-302; 305-306; 308; 312; 319-320; 323; 328; 332-333; 339; 341; 345; 348; 351; 354-355; 357-358; 360; 365; 367-368; 370; 374-375; 377; 382; 389; 391; 393-394; 398; 402; 406-407; 409-410; 412; 415; 419; 425-426; 428; 431; 433-436; 445; 448; 451; 453; 459; 465; 470-472; 474; 476-478; 481-482; 486-487; 490; 492; 497-498; 501-502; 510-511; 520; 523; 525-526; 529; 531; 534; 537; 539; 541-549; 551-553; 555-557; 563; 566; 569-574; 576; 580; 582-583; 585-589; 591-595; 598; 601; 603-604; 609; 613; 615-616; 621; 623-624; 628; 631-633; 637-638; 640; 642-643; 645-646; 650; 652-657; 659-661; 663-664; 666-668; 672-673; 677; 679; 681-683; 686; 688-690; 692-695; 697-698; 700-706; 710-712; 715; 717; 721-722; 724-725; 729; 731-734; 736-742; 744; 746-747; 751-752; 754-758; 763; 766; 770-774; 776-777; 779; 782-786; 790; 792-799; 802-805; 807; 809; 811-813; 815-816; 818-821; 823-827; 829-831; 833-835; 837; 839-848; 851; 853-856; 858-861; 863; 865-870; 872-877; 879-883; 885-897; 899; 901; 903-906; 908-911; 913-916; 918; 920-930; 932-935; 937-939; 941-954; 957-963; 966-972; 974-978; 980; 982-986; 988-990; 992-998; 1000; 1003-1004; 1006-1017; 1019-1031; 1033-1036; 1038-1042; 1044-1046; 1048-1050
wta_rankings_83_99.csv,1994-05-30,1,1047,514,533,26; 50; 71; 93; 114; 120; 130; 134; 137-138; 141; 147; 150-151; 158-159; 169; 179; 193; 201; 204; 216; 222-223; 228; 232; 239; 242; 248-249; 253; 256-257; 259; 263; 268; 271-272; 276; 279; 283; 287; 290; 292-294; 296-297; 299; 301-302; 305-308; 312; 318-320; 323-324; 328; 332-333; 338-339; 341-342; 345-346; 348; 351; 354-358; 360; 365; 367-368; 370; 374-375; 377; 382; 389; 391; 393-394; 398-400; 402; 406-407; 409-412; 414-415; 419; 422; 425-426; 428; 430-431; 433-436; 444-446; 448; 450-451; 453; 459; 465-466; 468; 470-472; 474; 476-478; 481-482; 486-488; 490; 492; 497-498; 501-502; 504; 510-511; 514; 520; 523; 525-526; 529-532; 534; 537; 539; 541-549; 551-553; 555-557; 563-564; 566; 569-574; 576-577; 580; 582-583; 585-589; 591-596; 598; 600-601; 603-606; 609; 611; 613; 615-616; 621; 623-624; 628; 631-633; 637-638; 640-643; 645-646; 648; 650; 652-657; 659-661; 663-664; 666-668; 672-673; 677-679; 681-683; 685-686; 688-690; 692-695; 697-698; 700-706; 710-715; 717; 721-722; 724-725; 729-742; 744; 746-747; 751-752; 754-758; 762-764; 766; 770-774; 776-777; 779; 782-786; 790-799; 802-805; 807; 809-813; 815-827; 829-831; 833-835; 837; 839-848; 851; 853-856; 858-861; 863; 865-870; 872-877; 879-897; 899; 901; 903-906; 908-911; 913-916; 918; 920-930; 932-935; 937-939; 941-954; 957-963; 966-972; 974-978; 980; 982-986; 988-990; 992-998; 1000; 1003-1004; 1006-1031; 1033-1042; 1044-1046
wta_rankings_83_99.csv,1994-06-06,1,1051,585,466,24; 89; 126; 128; 150; 163; 165; 190; 194; 197; 223; 226; 228; 237; 247-248; 251; 258; 260; 268; 274; 276-277; 279; 283; 287; 289-291; 294; 296-297; 299-300; 302; 308; 310; 314; 317; 319; 322; 329-330; 336; 341; 343; 345; 348; 350; 353-354; 356-358; 361; 365; 368-372; 378; 380; 385; 390-391; 396; 402-406; 411-412; 414-415; 418; 424-425; 428-430; 432; 437; 442; 449; 453; 456; 459; 461; 465-467; 469-471; 473; 476; 478; 484; 487-490; 492; 496-499; 504-505; 512; 516; 519; 523; 525; 528; 531; 533-537; 539; 542; 545-547; 549; 553-555; 557-558; 560; 563-564; 566-571; 575; 578; 582; 584; 586; 589-593; 595; 598; 600-601; 603; 605-608; 610; 612-613; 616; 619-620; 624; 627; 630-631; 634-635; 638; 641; 644-645; 648; 650-651; 657-661; 663-664; 666; 668-670; 672-674; 676; 680; 682; 685; 687; 689; 691-692; 694-695; 697-701; 703-706; 708-713; 715-717; 720; 722-723; 725-727; 729-730; 734-735; 737-739; 741; 743; 746-747; 749; 754; 756-757; 759-762; 764; 767-768; 774; 778-779; 781-783; 785-788; 790-796; 798-799; 801-810; 812; 814-815; 817; 819-820; 823-825; 827-830; 832-834; 836-837; 840-842; 844-852; 856; 858-860; 862; 864-867; 869; 871-875; 877-878; 880-881; 883-884; 886-888; 890-897; 899-900; 902-907; 909-912; 916-918; 920; 922-935; 937-942; 944-945; 947-958; 961-965; 967; 969-974; 976-978; 980-985; 987-990; 992-997; 999; 1001; 1003-1005; 1007-1020; 1022-1025; 1027-1036; 1038-1039; 1041-1043; 1045-1047; 1049-1050
wta_rankings_83_99.csv,1994-06-13,1,1045,581,464,25; 89; 124; 142; 147; 152; 158; 165; 189; 191; 204; 219; 223; 233; 235; 240; 249-250; 252; 258; 260; 265-266; 274; 277; 280; 283; 287; 293; 296-299; 302-303; 306; 308; 317; 319; 323; 329-332; 339; 341; 343-344; 346-347; 349-350; 353-354; 357; 363; 366-367; 370; 374; 378; 382-383; 387-388; 395-396; 403-408; 412; 415-416; 421-422; 426-428; 430; 437; 443; 447-449; 451-456; 458; 460; 464; 467; 472; 474; 477; 480; 482; 485-486; 488-489; 491; 496-497; 499; 503; 515; 519-520; 523; 527-529; 533; 535; 537-539; 541; 543; 545-546; 548; 550-551; 553; 556-557; 561-563; 565-566; 568-569; 576; 578; 580-583; 586; 588-590; 592-593; 595; 598; 600; 602-606; 608; 611; 614; 620-621; 625-626; 628; 631; 633-634; 637; 640; 642; 645-649; 651; 656-660; 662; 665-667; 671; 673; 676-677; 679-680; 682; 684-685; 687; 689-692; 694; 696-699; 701-710; 713; 715-717; 722; 725-728; 730-732; 735; 737; 740-741; 744; 747-748; 750-751; 753-755; 757-758; 760; 763-766; 768; 770; 772; 774; 777-779; 781-784; 786-787; 789-792; 795-799; 801-802; 804; 806; 808-809; 812-813; 815-817; 819-821; 823-828; 831-839; 841; 843-846; 849; 852-855; 857; 859-864; 866-867; 869-872; 874-879; 881-884; 886-896; 898-901; 903-912; 916-917; 920-934; 936-938; 940-941; 943-944; 946-955; 958-962; 964; 966-969; 971-972; 974-981; 983-988; 990-994; 996; 999-1000; 1002-1028; 1030; 1032-1034; 1037-1040; 1042-1044
wta_rankings_83_99.csv,1994-06-20,1,1051,584,467,28; 89; 119; 144; 151-152; 159; 165; 180; 190; 202; 217; 221; 227-228; 238; 252-253; 257; 260; 262; 266-269; 278; 284; 289; 296; 298; 300-301; 304; 307; 309; 318; 321; 324; 326-329; 332-333; 335; 344; 346; 348; 350-352; 354; 357-359; 361; 363; 365-366; 368; 373-374; 378; 381; 387; 392; 396-401; 403; 407; 409; 411; 417; 419; 422; 425; 428-429; 437-438; 442; 444; 448-449; 452; 454-460; 463; 472; 474; 477; 479-481; 483; 486; 488; 490-491; 493; 497-499; 513; 516-517; 522-523; 525; 528-530; 533; 535; 539-540; 542; 544-545; 548-549; 552; 554-555; 558; 561; 564; 566; 568; 570; 572; 575; 577; 579; 582; 584-585; 587; 590; 592; 594-599; 603; 607; 609-611; 613; 616-618; 620; 624; 626; 628; 631-636; 642-643; 645; 647; 649-652; 654; 660-664; 667; 669-672; 674-675; 678; 680-681; 685; 688-689; 691; 693-694; 697-699; 701-703; 706; 708-710; 712-715; 719-722; 724-727; 729; 734-735; 737; 740; 742-743; 746; 749; 753-755; 758-762; 764; 768-769; 771-772; 774-775; 777-778; 780; 782-787; 789; 791-793; 795-801; 803-804; 806; 808; 810-812; 815-818; 820-823; 825-827; 829-831; 834-842; 844-847; 849; 851; 853-858; 860; 862-866; 868; 870-872; 874; 876-879; 881-882; 884-886; 889-900; 902-906; 908-915; 919-920; 923-932; 934-939; 941-947; 949-962; 964; 966-971; 973-976; 978-980; 982-989; 991-994; 996-1001; 1003; 1006; 1008-1022; 1024-1034; 1036-1037; 1039; 1042-1046; 1048-1050
wta_rankings_83_99.csv,1994-06-27,1,1047,519,528,28; 58; 85; 89; 105; 119; 128; 131; 144; 151-152; 159; 165; 169; 178; 180; 190-191; 202; 209; 217-218; 221; 223; 227-228; 234; 238; 242; 250; 252-253; 257; 260; 262; 266-269; 278; 281; 284; 287; 289; 296; 298; 300-301; 304; 307; 309; 318; 320-321; 324-329; 332-333; 335; 337; 339-340; 344; 346; 348; 350-352; 354; 357-359; 361; 363; 365-366; 368; 373-374; 377-378; 381; 387; 391-392; 396-401; 403; 407-409; 411; 415; 417; 419; 422; 425; 428-429; 432; 437-438; 442; 444-445; 448-449; 452; 454-460; 463; 471-472; 474; 477; 479-483; 486; 488-491; 493-494; 497-499; 509; 513; 515-518; 522-523; 525; 528-530; 532-533; 535; 539-540; 542; 544-546; 548-549; 552-555; 558; 560-561; 564; 566; 568; 570-572; 575; 577; 579; 582; 584-585; 587; 589-590; 592; 594-599; 603; 605-607; 609-611; 613; 616-618; 620; 624-626; 628-629; 631-636; 642-643; 645; 647; 649-652; 654; 657-658; 660-665; 667-672; 674-675; 678; 680-681; 685; 688-689; 691; 693-694; 697-699; 701-703; 706-710; 712-716; 718-727; 729; 734-735; 737-738; 740-743; 746; 749; 752-755; 758-764; 768-769; 771-772; 774-775; 777-778; 780; 782-787; 789-793; 795-801; 803-804; 806-808; 810-812; 814-823; 825-827; 829-831; 834-842; 844-847; 849; 851; 853-858; 860; 862-866; 868; 870-872; 874; 876-879; 881-882; 884-900; 902-906; 908-915; 919-920; 923-932; 934-939; 941-947; 949-962; 964; 966-971; 973-980; 982-989; 991-994; 996-1001; 1003; 1006; 1008-1022; 1024-1037; 1039; 1042-1046
wta_rankings_83_99.csv,1994-07-04,1,1041,586,455,24; 88; 125; 141; 152-153; 165; 175; 206; 208; 214; 216-217; 230; 237; 240; 249; 251; 253; 255; 260-261; 264; 277; 279-280; 284; 289; 292; 295-296; 301-302; 304; 315; 325; 329-331; 333; 337; 339; 341-342; 344; 346; 348-349; 351-353; 355; 359; 362; 364-365; 371-372; 374-375; 377; 383; 387-389; 393-395; 398; 404; 406-408; 410; 413; 415-416; 425; 434-436; 441; 443-446; 448; 452; 455; 457-458; 460; 462-463; 465; 471; 474-477; 479-480; 486-487; 492-493; 495; 497; 501; 503; 507; 511-512; 516-518; 522; 527-529; 533; 535; 538-540; 542; 544-547; 550-551; 553; 557-561; 565; 567-571; 574; 577; 581; 583-584; 588; 590-592; 599-601; 603; 606; 610; 613; 617-618; 620; 622-624; 627-632; 637; 639; 641-644; 646-647; 650-651; 653; 657-658; 661-662; 665-670; 673-674; 680; 683-689; 691-692; 696; 699-700; 704-708; 712-716; 718-721; 723; 727-731; 733; 735; 737-741; 743; 746; 750; 752; 754-759; 761-762; 764; 766; 770-772; 774; 776; 778-782; 784-787; 789-792; 794; 796; 799; 801-803; 805; 807-810; 812-813; 815-816; 819; 821-823; 826-830; 832-836; 838; 840; 842-845; 847; 850-855; 857; 859-861; 863-865; 867-869; 871-872; 874-875; 878-881; 883; 885-891; 893-900; 902-903; 905-907; 909-911; 914-930; 932; 934-939; 941; 943-946; 948-957; 959-960; 962-967; 969; 971; 973-975; 977-987; 989-992; 994-996; 998; 1000; 1002-1023; 1025; 1028; 1031-1034; 1036-1037; 1039-1040
wta_rankings_83_99.csv,1994-07-11,1,1041,591,450,24; 87; 111; 126; 147; 155-156; 165; 177; 206; 208; 210; 217; 219; 225; 241; 244; 252; 254; 258; 261; 263; 266; 270; 274; 279; 281; 284-285; 291; 293; 295; 298; 302; 305; 308; 314; 316-317; 324; 331; 336-338; 341-344; 348-349; 351-353; 358; 361; 363; 365; 373-374; 376-377; 380; 384; 388-389; 393; 396; 398-401; 403; 408; 411; 413-414; 417; 419; 423; 425-426; 437; 439; 442-444; 448; 450; 454; 459-460; 462; 466; 468; 470-471; 476-478; 480-484; 487; 489-490; 492-494; 497; 503; 511; 517-519; 522-523; 525; 527; 529-530; 534; 537; 539; 541; 545; 547; 549-551; 553; 556; 558-560; 562; 564; 567-569; 572; 576; 579; 581-582; 586; 590-591; 595; 598-601; 604; 606; 609; 616; 619-622; 624; 627; 629-634; 638; 640; 642-646; 648; 650; 654; 656; 658; 660; 663-666; 669; 672-673; 678; 681-682; 684-685; 688-689; 691; 693-694; 696-697; 699; 701-706; 709; 711; 713; 715-717; 719-722; 724; 728-730; 734; 736; 738-740; 742; 744; 746; 752-753; 755-763; 765; 769-771; 773-774; 776; 778-787; 789-791; 793-794; 796; 798; 802-803; 805-810; 812-813; 815-816; 819-820; 822-823; 827-829; 831-834; 836-838; 840-841; 844-848; 850; 853-856; 859; 861-865; 867-869; 871-872; 874-878; 880; 882-885; 888-889; 891-898; 900-904; 906-907; 909-916; 919-935; 937-941; 943; 945-947; 949-955; 957-958; 960-965; 967; 969; 971-973; 975-982; 984-989; 991-993; 995; 997-998; 1000-1021; 1023; 1025; 1027; 1030-1034; 1036-1037; 1039-1040
wta_rankings_83_99.csv,1994-07-18,1,1041,595,446,24; 87; 133; 149; 156-157; 174; 207; 210; 215; 218-219; 225-226; 244; 247; 253-254; 256; 260; 263; 270; 279; 282; 286-287; 291-292; 298-299; 301; 307-308; 314; 321; 328-329; 332; 338; 340-341; 343; 346-347; 349; 352; 354; 356; 361; 366; 368; 371-372; 374-375; 378; 382-383; 385; 388; 391; 394; 396-397; 402; 406; 409-411; 415; 417; 421-422; 426; 429; 435; 437-439; 442-443; 445-447; 451-452; 454; 458; 460-461; 463-465; 468; 472; 474-477; 479-481; 483; 486; 488; 496; 502; 508; 510-515; 519-520; 522; 527; 529; 531-532; 534; 540-541; 544; 547; 549-551; 557-558; 560-562; 566; 568-571; 574; 576; 578; 581; 583; 588; 593-594; 596-598; 605; 612-615; 617-619; 621-622; 625-630; 633; 635; 637; 639-642; 648-649; 653-656; 663; 665-669; 671; 676-677; 681; 684-685; 687; 689; 692; 694-695; 697-698; 703-707; 709-711; 713-716; 718-723; 725; 729; 733; 735-738; 740-742; 744; 749-750; 752; 754-760; 762-763; 767-770; 773; 776-789; 791-795; 800-801; 803-807; 809-810; 812-813; 816-817; 820-823; 825; 829-830; 832-833; 835-838; 840-842; 845-848; 850; 853-857; 860; 862-865; 867; 869; 871-872; 874-879; 881-885; 887-888; 890-897; 899-902; 904-905; 907-910; 912-916; 919-933; 935-939; 941; 943-946; 948-954; 956; 958-964; 966-967; 969-973; 975-983; 986-991; 993-994; 996; 998-999; 1001-1011; 1013-1022; 1025; 1027; 1030-1033; 1035-1036; 1038-1040
wta_rankings_83_99.csv,1994-07-25,1,1039,592,447,24; 86; 130; 147; 154-155; 170; 172; 211-212; 214-215; 227-228; 233; 238; 252-253; 259; 264; 268; 273; 275; 282; 284; 286; 290-291; 293; 300-301; 306; 310; 313; 315; 319; 322; 332-334; 336-337; 340; 348; 352-353; 355; 358; 361-363; 368; 372-375; 378; 384; 388-390; 392; 394; 396; 399-400; 406; 408-411; 414-415; 419; 422; 431; 433; 435-436; 440-441; 443; 448; 453; 455-456; 459-460; 462; 464-466; 469; 471; 473-476; 479-480; 482-483; 485; 488; 495; 500-502; 504; 513; 515-516; 518; 520; 527-529; 531-532; 535-536; 538; 540; 544-547; 554-556; 558; 560; 564; 566; 569; 571-572; 574; 576-577; 582; 589-591; 593; 597-599; 601-602; 605-607; 609; 614-615; 617-619; 621; 623-626; 630; 633; 635-641; 644; 649; 652; 654; 656; 662-665; 667; 670; 674; 677; 680; 683-688; 690; 692-694; 696; 698; 700-701; 703-705; 708-710; 713; 715-716; 718-721; 723; 725; 727; 731-739; 743-745; 748-753; 755-756; 760-761; 766-772; 775; 778-787; 789; 792-793; 796-799; 801; 803-806; 809-812; 815-816; 818; 820; 822-823; 825-826; 830-833; 835-837; 839-841; 843; 845-847; 850-853; 855; 858-862; 864-869; 871; 873-874; 876-878; 881-884; 886-887; 889-893; 895-898; 900-902; 904-906; 908-911; 913-915; 917-921; 924-939; 941-948; 950-956; 958; 960-966; 968-969; 972-976; 978-984; 986-990; 992-993; 996-997; 999-1020; 1022; 1024; 1026-1029; 1031-1033; 1035-1038
wta_rankings_83_99.csv,1994-08-01,1,1037,595,442,25; 83; 107; 133; 144-145; 150; 153; 176; 205; 208-209; 214; 219; 221; 224; 238; 246; 248; 253; 265; 268-269; 276; 284; 291-293; 295; 297; 299; 302; 305; 309; 313; 317; 320; 323; 328-330; 332; 335-336; 343-344; 352; 354-356; 359; 364; 366-367; 372-373; 376; 381-382; 386; 389-391; 394-395; 401-402; 405-406; 409-411; 415; 418; 420; 424; 428; 433-434; 439-440; 444; 450; 452-454; 457; 461; 464; 467-470; 472-476; 480; 482; 485; 490; 499-501; 508-509; 511; 515; 518; 521; 523-527; 529-531; 534; 536; 541-543; 546; 550-552; 554; 556-559; 562; 564-565; 569; 571; 573; 575; 581; 589-593; 595-596; 598-599; 602; 604; 607-608; 610-613; 615-616; 619-621; 626-627; 629; 632-637; 639; 646-647; 649-650; 655-657; 659; 666; 670; 673; 676; 679-683; 685; 687-689; 691; 693; 696; 698-699; 701-703; 705-707; 711; 714; 716-719; 721; 723; 725-728; 730; 733-739; 742-743; 745-750; 752-753; 755-757; 762; 764-768; 770-778; 780-783; 786; 790-793; 795-798; 800; 803-806; 809; 811; 813; 815-816; 818; 822; 824-825; 827-829; 832-834; 836-837; 840-841; 843-845; 847; 849; 851-854; 856-863; 865; 867-869; 871-872; 874-876; 880-882; 884-890; 892-894; 896-897; 899-901; 903-904; 906-908; 910-912; 914-916; 919-932; 934-942; 944-950; 952-953; 955-960; 962; 965-968; 970-976; 978-984; 987-989; 991; 993-994; 996-1002; 1004; 1006-1018; 1020; 1023-1027; 1029-1033; 1035-1036
wta_rankings_83_99.csv,1994-08-08,1,1037,596,441,25; 62; 101; 131; 148; 151; 157; 161; 167; 199-200; 202; 212; 216; 225; 232; 241; 243; 250; 260-261; 265; 267; 277; 279; 288; 291-293; 298; 307; 310; 315-318; 322; 326; 329-331; 333; 336; 338; 340; 344-345; 350; 353; 356; 358; 360; 364; 367; 371-372; 375; 384; 386; 391; 394-396; 399; 402; 404-405; 408-409; 414-415; 418-420; 422-423; 426; 429; 431-433; 444; 448-449; 451; 453-454; 456; 458; 461; 465-467; 469; 471-472; 475; 477-479; 483; 487; 493; 495-496; 503-504; 507-508; 513-514; 520-521; 523; 525-526; 528-529; 531-532; 535; 537; 539; 541; 543-548; 552-554; 556; 558; 560-561; 564; 567; 569; 571; 575; 579; 583-585; 589-591; 593; 595; 598; 602-605; 607-608; 610; 613; 617-618; 621; 623-624; 627-630; 632; 637; 641; 643; 646-647; 649; 655-658; 661; 663; 668; 670; 674; 676-678; 680-686; 688-690; 695-696; 698; 700-702; 705-706; 708-712; 714; 717; 719; 721-723; 725; 727; 729; 731-737; 739-742; 745-747; 750-751; 753-754; 757-758; 760-761; 763; 765-766; 769-773; 775-776; 778-782; 786; 790-797; 799-801; 804-806; 808-811; 814; 816; 818; 822; 825-827; 829-830; 833-838; 841-846; 848; 850; 852; 854-856; 858-859; 861-863; 865-866; 869; 871-872; 874-878; 881-888; 890-892; 894-895; 897-900; 902-904; 906-907; 909-910; 912-913; 915-916; 918-919; 921-928; 930-933; 935-941; 943-949; 951-958; 960; 962-965; 968-973; 975-979; 981-985; 987-988; 990-991; 994; 996-1000; 1003-1015; 1017-1019; 1021; 1024-1029; 1031-1034; 1036
wta_rankings_83_99.csv,1994-08-15,1,1040,600,440,26; 50; 63; 102; 123; 141; 145; 150; 152; 155; 171; 193; 197; 206; 212; 216; 226-227; 233; 239; 251-252; 258; 263; 275; 277; 279-280; 286; 289; 293; 296; 307; 309; 315; 317; 319-320; 324-325; 332; 335; 338; 341-342; 348; 350; 352-353; 359; 361-362; 366; 370; 373-374; 377; 379; 383; 385; 392; 394-395; 402; 404-405; 407-409; 418-419; 421-422; 424; 426-427; 429; 433; 435-436; 448; 456-459; 464; 466-470; 472-473; 477; 479; 481-483; 488; 492; 498; 500; 503; 506-510; 516; 521; 523; 526; 528-531; 533-535; 537-540; 542; 547-549; 551; 554-555; 558; 560-561; 565-566; 569; 572-573; 577; 580-582; 585; 587-590; 593-595; 600-602; 605-606; 609; 612; 615; 620; 622; 624-625; 628-631; 633; 637; 640; 643-644; 646; 652; 655-656; 658; 661-662; 664-665; 667-668; 671; 674-676; 678-681; 683; 686-688; 690; 693-694; 696-699; 701-703; 705; 707; 709-714; 716; 719-720; 722; 724-725; 727; 729; 731-733; 735-738; 740-741; 745; 747-750; 753; 755-758; 760; 762-763; 765; 767-768; 771; 773-775; 777-778; 780-787; 792; 795-799; 801-804; 806-808; 810-814; 817-818; 823; 825; 828-829; 831-833; 836; 838-840; 843; 845-851; 853-854; 856-858; 860-861; 863-866; 870; 872; 874-875; 877-882; 885-892; 894-898; 900-903; 905-906; 908-909; 911; 914-916; 918; 920-926; 928-933; 935-938; 940-942; 944-952; 954-959; 961; 963; 965-966; 969-974; 976-981; 983-987; 989; 991-995; 998; 1000-1005; 1008-1019; 1021-1022; 1024-1025; 1028-1032; 1034-1036; 1038-1039
wta_rankings_83_99.csv,1994-08-22,1,1041,605,436,25; 64; 106; 125; 132; 142; 146; 159; 170; 177; 203-204; 224-227; 232; 235; 249; 257; 260; 270; 272; 274; 277; 280; 285; 290; 294; 304-305; 312-313; 316; 320-321; 327-328; 333-335; 338; 349; 352; 354-355; 357; 365-366; 368; 377; 379-380; 383; 385-386; 390-391; 393; 396; 400; 403; 408; 410; 412; 414; 416; 418; 424-425; 427-429; 431; 436; 445; 448; 451; 453-454; 456; 458; 461-462; 467; 469-471; 474; 477; 479; 481; 483; 485; 489; 492; 499-500; 504-505; 507-508; 516-518; 523-526; 529; 531-535; 537-540; 542; 547-548; 550; 553; 556-558; 560-562; 564; 567-568; 571; 575; 579; 584-587; 589; 591; 593-594; 596; 598; 601-604; 607; 609; 614; 617; 621-623; 627-631; 633; 635; 638; 640-641; 643; 650-653; 656; 658-661; 663-664; 667; 671-672; 674; 678-679; 681-685; 687-689; 693; 697-698; 700-703; 706; 708-709; 711-713; 716; 718; 720-724; 726; 728-730; 732-733; 735-736; 738; 740-742; 744; 747-748; 750-751; 754-757; 759; 761-762; 766-767; 770; 772-778; 781-783; 785-791; 795; 799; 801; 803; 805-810; 812-815; 818; 820-823; 826; 828; 830-831; 834; 836-837; 840-842; 846-851; 853-854; 856-858; 860-862; 864-865; 868-870; 872; 878-884; 887-896; 898-902; 904-908; 910-912; 914-915; 917; 920-921; 923-926; 928-936; 938-944; 946-953; 955-960; 962; 964; 966-967; 970-976; 978-982; 984-987; 989; 991-995; 998; 1000-1004; 1007-1021; 1023; 1025-1027; 1030-1033; 1035-1040
wta_rankings_83_99.csv,1994-08-29,1,1038,607,431,26; 65; 106; 125; 132; 142; 146; 161; 169; 177; 202; 209; 223-226; 231; 235; 247; 258; 261; 273; 276; 278; 282; 286; 291; 303-304; 313-314; 317; 322; 324; 327-328; 334-335; 337; 340; 349; 352; 354-355; 357; 361-362; 365; 368; 373; 375-376; 380; 383; 386; 389-391; 396; 400; 405; 409-411; 414; 416-417; 423-424; 427; 430; 434; 437; 444-445; 450; 453; 455-456; 459-460; 466-468; 471; 473-474; 476; 478; 480-481; 489-490; 496-497; 502; 505-506; 509; 511; 513; 516-517; 522-523; 525-526; 528-533; 535-538; 541; 546; 548; 551; 554-556; 558; 562; 564-567; 569; 573-574; 576; 578; 582-585; 588-589; 593-594; 598-601; 603; 607; 609; 613-614; 616; 620-622; 625-628; 630; 633-634; 636; 638-640; 642; 651; 653; 655; 658-660; 662-663; 666; 668-669; 672-674; 677-678; 681; 683-686; 688-689; 691-692; 695-696; 700-701; 703; 705-706; 708-709; 711; 713-714; 717; 719-722; 724-726; 728; 730; 732-733; 735-736; 739-740; 742; 746; 748-749; 751; 753-757; 759; 761; 763; 765-766; 768; 770-775; 777-779; 781-787; 792-793; 797-798; 800; 802-806; 810; 813-818; 820-821; 824; 826-828; 830-831; 833; 835-836; 838; 841-843; 847-852; 854-855; 857-859; 861-863; 865; 867; 869-870; 875; 877-883; 886-896; 898-903; 905-907; 909-910; 912; 915-920; 922-924; 926-927; 929-933; 935-941; 943-950; 952-956; 958; 960; 962-963; 966-971; 973-977; 979-982; 984; 986-989; 992; 994-1001; 1004-1014; 1016-1017; 1019; 1021-1023; 1026-1029; 1031-1037
wta_rankings_83_99.csv,1994-09-05,1,1030,542,488,26; 43; 65; 84; 95; 100; 106; 125; 128; 132; 142; 146; 149; 161; 169; 173; 176-177; 188; 197; 202; 209; 221; 223-226; 231; 233; 235; 247-248; 254; 258; 261; 273; 275-276; 278; 282; 286; 291; 303-304; 310; 313-314; 317; 319; 322; 324; 327-328; 334-335; 337; 340; 349-350; 352; 354-357; 359; 361-362; 365; 368; 373; 375-376; 380; 383; 385-386; 389-391; 396; 400; 405; 408-411; 414; 416-417; 423-424; 427; 430; 432; 434; 437; 441; 443-445; 447; 450-451; 453-456; 459-460; 464; 466-468; 471; 473-474; 476; 478; 480-481; 489-490; 496-497; 500; 502-506; 509; 511; 513; 516-517; 522-523; 525-526; 528-533; 535-538; 541; 546-548; 551; 553-556; 558; 562; 564-567; 569; 573-574; 576-578; 582-585; 587-589; 593-594; 598-601; 603; 605; 607; 609-610; 613-616; 619-622; 625-628; 630; 633-634; 636; 638-640; 642; 646-648; 651; 653; 655; 658-660; 662-664; 666; 668-669; 671-674; 677-678; 681-686; 688-689; 691-692; 694-696; 700-706; 708-709; 711; 713-714; 717; 719-728; 730; 732-733; 735-736; 739-740; 742; 746; 748-749; 751; 753-757; 759; 761-763; 765-766; 768-775; 777-789; 792-793; 797-800; 802-806; 809-810; 813-818; 820-821; 824; 826-828; 830-831; 833; 835-836; 838; 840-843; 847-852; 854-855; 857-859; 861-865; 867; 869-870; 875; 877-883; 885-896; 898-903; 905-907; 909-910; 912; 915-920; 922-924; 926-927; 929-933; 935-941; 943-950; 952-956; 958; 960; 962-963; 965-971; 973-977; 979-984; 986-989; 992; 994-1002; 1004-1014; 1016-1017; 1019; 1021-1023; 1026-1029
wta_rankings_83_99.csv,1994-09-12,1,1043,607,436,25; 69; 108; 130; 136; 147; 154; 164; 172; 178; 205; 207; 216; 219; 223; 227; 232; 234; 245; 256-258; 262; 268; 273; 276; 282; 290; 296; 301-302; 311-312; 319; 324; 327-330; 333; 335-337; 339; 345; 348; 351; 355; 357; 359-360; 363; 368; 372; 375; 382; 389-390; 394; 397; 399; 403; 406-408; 411; 413-414; 418; 421; 426; 429; 431; 439; 442-443; 449; 451-452; 454; 457-459; 463; 465-466; 468; 470-471; 473; 475; 477; 482; 485; 487; 489; 494-495; 498-501; 504; 509; 511-512; 516-517; 521; 524; 526-528; 530-535; 537-539; 541; 543; 545; 552; 559-561; 563; 567; 570; 572-574; 576; 579; 581-583; 585; 589-591; 593; 595-596; 598-599; 601; 607-608; 610; 614; 616; 618; 620; 622; 624; 628-629; 631-633; 637-640; 642; 645; 651-652; 655-656; 659-661; 665-670; 672-673; 676; 678-679; 682; 688; 692-696; 698-701; 703; 705; 707-708; 710; 713-714; 716-720; 722-723; 727-730; 732-733; 735-736; 738; 740-742; 744; 746; 748-753; 756-757; 762-763; 766-770; 772; 774; 776-778; 781-788; 791-793; 797; 799-801; 805-806; 809-812; 814-816; 821; 823-824; 826-827; 829-832; 834; 836; 839-840; 842; 845; 848-849; 851-854; 859-861; 863-866; 868; 870-871; 873-874; 876-885; 890; 892-897; 899-904; 906-914; 916; 918-920; 923-929; 931-939; 941-947; 949-954; 956-958; 960-962; 964; 966; 968-969; 971-973; 975-978; 980-983; 985; 987-988; 991; 993-1000; 1003-1021; 1024-1027; 1030-1032; 1034-1038; 1040-1042
wta_rankings_83_99.csv,1994-09-19,1,1047,614,433,25; 68; 107; 129; 137; 148; 152; 172; 176; 205; 213; 215; 219; 226; 231-233; 244; 254-256; 267; 272; 275; 287; 289; 296; 298; 304-305; 313-314; 320; 323; 325; 331; 334; 341-342; 345-347; 351; 354; 358; 361; 364; 367; 373; 375; 381-383; 389-390; 393; 396; 398-399; 402-403; 405; 407; 416; 419; 421-422; 427; 432; 434; 436-437; 444; 448; 450; 454-456; 460-461; 463; 465-466; 468; 470-471; 474; 479; 485; 487-488; 492-494; 496-497; 500; 505; 509-510; 516; 518; 520; 522; 525-532; 535-537; 540-541; 548; 553-554; 556-557; 560; 564; 567; 569-570; 572; 576; 578; 584; 586; 590; 593-594; 596; 600-602; 604-605; 609; 611-612; 615-616; 618-619; 621; 625; 627-628; 630-631; 633; 636; 638; 641-642; 644; 649-650; 655; 657-658; 661-663; 665; 667-669; 671; 673-674; 676; 681-682; 684; 687-690; 692-695; 697-698; 702; 704-709; 711; 714-717; 719-721; 725-727; 729-730; 733-734; 736; 739-741; 743-752; 758-761; 763; 766-769; 774; 776-777; 779-785; 787-789; 793-798; 801-803; 808; 810-811; 813; 815; 821-824; 826; 828; 830-832; 834-837; 839; 842-844; 846-850; 852; 854; 856-860; 863; 865; 867-868; 870-882; 885; 887-888; 891-896; 899-904; 907-913; 915-916; 918-919; 921-922; 924-930; 932-939; 941-947; 949-955; 957-960; 962-967; 969; 971; 973-975; 978-979; 981-985; 987-989; 991; 993-995; 997; 999-1004; 1007-1020; 1022-1026; 1029-1031; 1034-1038; 1040-1042; 1044-1046
wta_rankings_83_99.csv,1994-09-26,1,1057,612,445,25; 69; 110; 130; 135; 146; 150; 174; 178; 206; 216; 218; 220; 228-231; 244; 246; 248; 251; 257; 260; 264; 268; 270; 273; 288; 300; 309; 312-314; 317; 338; 347; 349-350; 352-353; 355-356; 358; 364; 372; 376; 381; 383-385; 389-390; 394; 396; 398-399; 403-404; 407-408; 410-411; 415; 418; 420; 425-426; 428; 430; 433-434; 437-438; 442-443; 447; 449; 451; 455; 458-459; 462; 464-466; 469; 471-472; 476; 485-486; 490; 492; 495; 501; 503-504; 508-509; 511-513; 515-516; 524-527; 531-534; 541-542; 544-545; 547; 549; 555-558; 560-563; 565; 568; 570-571; 574; 580; 583; 588; 591; 594; 599-601; 603; 605-606; 611-613; 615-616; 618; 621-622; 624; 628-629; 632; 635; 639-640; 643; 646-647; 649; 651; 654-655; 661; 665; 667; 669-673; 675-678; 680; 682-683; 685; 689; 691; 693-696; 698-701; 704-710; 712; 714-721; 725-726; 728; 730-731; 734-735; 737-738; 741-743; 745-754; 757; 759; 761-762; 765-766; 771; 773; 775-782; 785; 787-788; 790-792; 794-796; 798-799; 801; 803-804; 806; 811; 813-814; 816-818; 820-821; 824-825; 827; 829-830; 833-834; 838-839; 841-842; 844-845; 847; 849-851; 853-854; 856-860; 862; 864-867; 869-871; 873-884; 886; 889; 891-892; 894-896; 900-907; 909-910; 912-914; 916-917; 919-925; 927; 929-931; 933-943; 945-949; 951-958; 960-966; 968-971; 973-976; 978; 980-982; 985-996; 998; 1000-1001; 1003; 1005-1009; 1012-1014; 1016-1027; 1029-1033; 1036-1038; 1041-1047; 1049-1052; 1054-1056
wta_rankings_83_99.csv,1994-10-03,1,1055,616,439,25; 69; 111; 131; 145; 147; 151; 173; 176; 211; 217; 219-220; 228-230; 232; 236; 244; 246; 248; 264; 267; 273; 286; 293; 296; 307; 310-311; 316; 320; 322; 333; 344-345; 349; 351; 353-354; 356; 361; 366-367; 372-373; 376; 380-384; 392; 394; 397-398; 400; 402; 404-405; 407-409; 415; 420-421; 426; 429; 433; 435-436; 440-443; 450; 453; 457; 459; 461; 463-464; 466; 468; 470; 475; 479-480; 483; 488; 491; 493; 498; 500; 504; 506; 513; 515-520; 525-526; 529; 531-533; 536; 541-543; 545-546; 548; 550; 552; 555; 557-559; 561; 564; 573-575; 577; 579; 582-583; 587; 590; 594; 600; 605-607; 610; 612-613; 616-618; 620-621; 623; 626; 628-630; 632; 635; 637; 640-641; 646-647; 649-650; 653-654; 660; 663; 665; 667-670; 672-673; 675-677; 680; 682; 684-685; 688; 690; 692-695; 697-700; 702-708; 711; 713-717; 722-723; 725-729; 732-733; 736-739; 741-748; 750-751; 753; 756-757; 759; 762; 765-767; 772; 775-782; 784; 786; 788; 790-791; 794-795; 799; 802; 806; 808-815; 817-819; 825-829; 831-832; 835-836; 839-841; 843-844; 848-849; 851-854; 856; 858-861; 863; 865-873; 875; 877; 879; 881-884; 887-889; 892-899; 901-904; 906-908; 910-912; 914-915; 917-924; 926-928; 930-931; 933; 935-944; 947-958; 960-962; 964-970; 972-974; 977-980; 982-989; 991; 993-995; 997; 999-1003; 1007-1011; 1013-1022; 1024-1029; 1031-1035; 1038-1045; 1047-1051; 1053-1054
wta_rankings_83_99.csv,1994-10-10,1,1050,622,428,25; 69; 110; 131; 140; 144; 153; 158; 172; 210; 213; 215-216; 218; 226; 228-229; 231; 236; 246; 248; 250; 261; 264; 273; 275; 288; 297; 306; 309; 311; 317; 323; 325; 327; 332; 334; 339; 350; 353; 356-358; 360; 363; 365; 367-368; 371; 378; 380-381; 383-384; 396-398; 402-403; 405-408; 413-414; 422; 430; 432-433; 439-441; 445; 448-449; 451-452; 456-458; 462; 466; 468; 471; 474; 478; 480; 483; 485; 494-495; 502; 505; 509-511; 513-515; 518; 523-526; 528; 531; 533; 536-537; 539; 541-542; 545; 547-548; 550-551; 554; 558-559; 561; 563; 568-569; 575-576; 578-579; 581; 583-585; 588; 604; 610-612; 615-616; 618-620; 622-624; 626; 628-629; 632; 636; 640-644; 649-650; 653-654; 656-657; 661; 663-664; 666-668; 671; 673-676; 678; 680; 682-683; 685-686; 688; 690; 692-693; 695-699; 702-706; 708-709; 712-713; 716; 718-721; 724; 728; 730-731; 733-736; 739-742; 749-757; 761-763; 767-769; 771-772; 776-777; 779-787; 791-792; 794-795; 797; 799; 803-804; 807-808; 811; 813-819; 822; 824; 830-834; 838; 841-843; 845; 847-848; 850-851; 853-857; 859; 861-863; 865-867; 869-875; 877; 879-880; 883; 885; 887; 889-890; 892-897; 900-902; 904-906; 908; 910-916; 918-924; 926-927; 929-930; 932-936; 938-939; 941-942; 944-951; 953-955; 957-961; 963-966; 969-972; 974-981; 983; 985-988; 990; 992-996; 998; 1000; 1002-1006; 1008-1016; 1018-1024; 1026-1030; 1033-1040; 1042-1046; 1048-1049
wta_rankings_83_99.csv,1994-10-17,1,1047,623,424,25; 68; 109; 128; 130; 139; 153-154; 165; 175; 214; 216; 219-220; 223; 229-230; 232; 247; 250; 254; 260; 263; 268; 271; 285; 299-300; 305; 310; 312; 323; 329; 336; 339; 343; 350; 355-359; 362-363; 365; 367; 369; 371; 375; 377; 380; 385; 391; 393-395; 398; 401-404; 406-407; 412; 419; 422; 425; 429-430; 438; 440; 443; 446-447; 452-453; 458; 462; 464; 466; 468-469; 473; 482-483; 485; 490-491; 496; 498; 503; 505-508; 510; 518-519; 522; 525-526; 531; 533-534; 536; 538; 541-542; 544-545; 550-552; 554-557; 561; 563-565; 572-573; 575; 577-578; 580; 582; 587-588; 590; 592; 605; 608-609; 611-614; 617; 619-622; 624-625; 629; 633; 636-641; 648; 650-653; 655-656; 659; 661-663; 666-667; 671; 673-677; 679-680; 682-684; 686-688; 690; 692-700; 702-708; 712-714; 716-718; 724; 727; 729-731; 734-735; 738; 743-746; 748; 750; 752; 755; 757-758; 762-765; 769; 771; 773-775; 777-778; 780-785; 788; 790; 792; 794-795; 797-799; 803-804; 808; 810; 812-818; 821; 823; 825-826; 828; 834-840; 843-844; 846-848; 850-851; 854; 856; 858-859; 861-862; 864-865; 867; 869-876; 878-879; 884-886; 888-892; 895-897; 899-901; 903; 905; 907-911; 913-914; 916-920; 922-925; 927; 929-936; 938; 940; 942-946; 948-952; 954-957; 959-962; 965-970; 972-980; 982; 984-986; 989-996; 998; 1000-1004; 1006-1016; 1018-1020; 1022-1023; 1025-1029; 1032-1038; 1040-1043; 1045-1046
wta_rankings_83_99.csv,1994-10-24,1,1041,620,421,26; 65; 96; 107; 122; 127; 131; 142; 151-152; 163; 173; 213-214; 216; 219; 230-231; 234; 252; 254; 256; 261; 263; 265; 267; 284; 301; 308; 311; 313; 323; 327; 329; 336; 339; 347-349; 352-353; 358-359; 361; 363; 365-367; 372; 376; 380-382; 386; 391; 395; 397; 399-402; 416; 420; 422; 424-425; 429-430; 435; 437-439; 442-443; 446-447; 450; 459; 461; 463-464; 466; 470; 472; 478; 480; 482; 487; 490-491; 496; 498-501; 503; 505; 513-514; 517; 521; 525; 527; 532-533; 538-539; 542-544; 546-547; 553; 556-558; 563; 565; 568-569; 571; 573; 575-577; 581-582; 584; 587; 592-593; 597-598; 601; 603; 605; 608; 610; 612-617; 619-620; 622; 624-625; 627; 629-630; 633; 635; 638; 640; 648; 650; 654-655; 657-659; 661-662; 665-666; 668-669; 671-672; 674-676; 678; 680-691; 693-695; 697-699; 702-707; 709; 711; 714; 716-718; 721; 723; 726; 729-730; 732-733; 737-738; 745-749; 751; 753-755; 758-760; 764; 766; 768-770; 775-777; 779; 781-785; 787; 789-791; 793-796; 799-801; 806-807; 811; 813-814; 816-819; 821; 823-825; 828; 830; 832; 837-838; 840-841; 843-844; 848-852; 854-858; 860-861; 863-865; 867-871; 873-878; 880-882; 886-887; 889-890; 892-897; 900-901; 903-904; 906-908; 910; 912-917; 920-928; 930-931; 933-934; 936-942; 944-948; 950-954; 956-960; 962-964; 967-970; 972-973; 975-978; 981; 983-984; 987-993; 996; 998-1001; 1003-1011; 1013-1014; 1016-1017; 1019-1024; 1027-1033; 1035-1040
wta_rankings_83_99.csv,1994-10-31,1,1042,621,421,25; 66; 112; 119; 121; 131; 140; 149-150; 162; 174; 208; 215; 224-225; 227; 231; 233; 240; 250; 253; 257; 261; 263-264; 303-304; 306-307; 315-316; 319; 322; 328; 331; 343; 346-347; 351-352; 354-355; 357; 359; 361-363; 367; 374-375; 377; 384; 386; 390; 392-393; 396-398; 412; 416-417; 419-420; 424-426; 433-434; 436-438; 444; 448-449; 455; 458; 463-464; 467; 471-473; 475; 481; 484-486; 491; 496; 498-502; 512; 518; 521; 524; 526-527; 533; 535-536; 539; 543; 545-548; 553; 559-560; 563-564; 566-568; 576; 579; 583-584; 586-587; 592-595; 598; 600-601; 603-604; 606-607; 610-615; 617-620; 626-627; 633; 635; 640; 644; 648; 652-653; 655-658; 660-661; 663-664; 667-668; 670-676; 678-681; 683-687; 689-691; 693-695; 698; 700-706; 708; 710-713; 716; 718-719; 722; 726-727; 729-730; 732-733; 737; 741-745; 747-748; 750-752; 755-756; 760; 762-766; 768-770; 774-775; 777; 779; 781-782; 784-785; 787; 789-790; 792-793; 795; 797-798; 805-807; 810-813; 815-817; 819; 821-823; 826; 830; 832; 835; 837-839; 841-846; 849-851; 853; 855-859; 861-862; 864-866; 868-875; 877-880; 882-884; 886; 890-891; 893-898; 901; 903; 905-907; 909; 911-915; 917; 920-926; 928-930; 932-933; 935-937; 939; 941-944; 946-947; 949-951; 953-958; 960-963; 965; 967-970; 972-976; 978-980; 983-986; 988; 990-992; 994-999; 1001-1008; 1010-1011; 1013-1019; 1021-1025; 1028-1035; 1037-1041
wta_rankings_83_99.csv,1994-11-07,1,1040,627,413,25; 62; 78; 113; 122; 124; 138; 144; 149; 175; 178; 201; 214; 226; 230; 233; 241; 251-252; 258; 260; 271; 274; 278; 292; 300; 306; 308; 310; 313; 324-325; 333; 339; 341; 346-347; 351-352; 354; 356; 358-360; 364; 369-371; 376; 380; 383; 385-387; 390; 397; 399-400; 410-412; 414-416; 418; 422-424; 431; 434; 436; 443-445; 448; 453; 456; 460; 463-464; 471; 477; 479; 481-482; 485; 488-491; 499-500; 503-504; 514; 518-519; 521; 524-525; 528; 531-533; 540-541; 543; 550-551; 557-558; 562; 565; 570-573; 576; 578; 582; 588-589; 594-596; 599; 601; 603; 605-607; 609-615; 620; 623; 625; 629-631; 637; 640; 642; 644-645; 649-650; 652-654; 658-659; 661-664; 666; 669-675; 677; 679-682; 684-692; 694-698; 701-704; 706-708; 710-712; 715-718; 723; 725-726; 728; 732-734; 737; 741; 743-748; 750; 752-753; 755; 758; 762; 764-765; 767-770; 775-776; 778-779; 781; 783; 785-788; 790-793; 797-798; 800; 803-804; 811-814; 817-818; 820-821; 824-827; 829; 833-834; 836; 839; 842-843; 845-846; 848-852; 854-857; 859; 861-864; 866; 868-869; 871-879; 881-885; 887; 889-890; 896-897; 899-903; 905; 907-910; 912-913; 915-917; 919; 922-931; 933-934; 936; 938-941; 943-945; 947; 949-952; 954-958; 960-962; 964; 966; 968-971; 973-978; 981-982; 985-988; 990; 992-998; 1000-1006; 1008-1009; 1011-1013; 1015-1018; 1021-1031; 1033-1039
wta_rankings_83_99.csv,1994-11-14,1,1050,632,418,26; 58; 81; 117; 126; 128; 133; 144; 153; 159; 204; 216; 231-232; 235; 245; 251; 257-259; 265; 268; 273; 277; 307; 310-311; 313; 315; 326; 333; 340; 342; 347; 349-351; 353; 355-358; 360-361; 363; 368; 370; 380; 384; 387-392; 396; 401; 407; 410; 413; 415-419; 422; 426-427; 437-439; 444-450; 453; 460; 464; 468; 471; 478; 481-482; 485-486; 488; 490; 493; 496; 502; 504-505; 507; 514-515; 518; 522-523; 526; 528; 531; 534-535; 538; 545; 547-550; 557; 561; 568; 571; 575-579; 586; 591-592; 596-599; 601; 604-606; 609-610; 612-613; 615-618; 621-622; 629-632; 636; 638-639; 641; 643-644; 647; 651-653; 657-658; 660-661; 664-665; 667-671; 674; 676-685; 688-689; 692-693; 695-699; 701-702; 704-706; 710-718; 720-724; 730-731; 734; 737-739; 741-743; 745; 749; 752-756; 758; 760-761; 766; 768; 770; 772; 774; 778; 781; 783; 785-786; 789-791; 793; 795-800; 804-806; 808; 810; 812; 814; 818-821; 824; 826; 829; 832-837; 842-844; 846; 849; 851-852; 854-860; 863-866; 868-870; 872-876; 879-888; 890; 893; 895; 900-901; 903-907; 910-911; 914-918; 920-923; 925; 928-936; 938-940; 942-946; 948-950; 952-953; 957; 960-962; 964-966; 968-971; 973; 976; 978-981; 984-989; 992-994; 996; 998-1003; 1005; 1007-1026; 1028-1032; 1035-1043; 1045-1049
wta_rankings_83_99.csv,1994-11-21,1,1047,634,413,26; 59; 83; 118; 127-128; 134; 145; 153; 183; 205; 218; 230-231; 234; 244; 251; 255; 257-258; 261; 263; 274; 292; 308-309; 311; 313; 320; 324; 331; 338; 340; 346; 348-353; 355-356; 358-359; 361; 366; 368; 376-377; 380; 385; 387-388; 390; 393; 402; 405; 407; 412-418; 425; 427-428; 435; 437; 439; 443-446; 448-449; 457; 464; 468; 474; 476; 478; 481-483; 486; 488; 491-493; 501-504; 512; 516; 520-521; 523; 528; 532-533; 538-539; 541-543; 550; 552; 563; 566-568; 571; 573-574; 577; 580-581; 587; 589; 593-600; 602-603; 608-609; 611-612; 614-617; 620-621; 626-629; 633; 636-637; 640-641; 643; 647-648; 652; 654-655; 659; 662-663; 666-667; 669-678; 680-681; 683; 686-689; 691; 693-697; 700-703; 707-711; 713-715; 717-722; 725; 728-729; 733; 735; 739-741; 744; 748-749; 751-754; 756; 758; 761; 766-767; 769-771; 774-776; 779; 782; 785; 787-788; 792-795; 798-801; 805-807; 809; 811-812; 814; 816; 820-826; 829-830; 834-838; 843; 845; 848; 850; 852; 854-857; 859-861; 864; 866-868; 870-871; 873-874; 876-878; 881-889; 891; 894; 898-899; 901-905; 907; 909; 912-913; 915-916; 919-921; 923; 925; 927-938; 940-945; 947-949; 951-956; 959; 962; 964-966; 968-972; 974; 976-981; 984-990; 992-994; 997-1001; 1003; 1005; 1007-1027; 1029-1033; 1036-1041; 1043-1046
wta_rankings_83_99.csv,1994-11-28,1,1052,630,422,26; 59; 83; 117; 127-128; 134; 143; 154; 195-196; 216; 219; 224; 231-232; 241; 245; 254-255; 261; 269; 273; 278; 302; 306; 310-311; 313-314; 319; 321; 330; 335; 337; 339; 344-347; 349; 352; 354-355; 357-358; 360; 368; 370-372; 377; 381; 386-388; 390-392; 403; 406-407; 412; 414; 416; 418-419; 421-422; 429-430; 435; 437-438; 440; 444; 448-449; 452; 455; 462-463; 465; 476; 479; 481; 484-487; 489; 491-492; 497; 504; 508-510; 515; 517-518; 520; 524; 528-529; 531; 535; 540; 545; 549; 551; 562; 566; 568-569; 574; 577-578; 580; 583; 585; 588-592; 598; 600-604; 606; 608-611; 613; 615; 618-624; 626; 629; 635-636; 638-639; 643; 646-647; 649-650; 654; 656-657; 660; 662; 665; 668-678; 681-683; 686-689; 691-695; 699-701; 707-709; 711-715; 717-720; 722-723; 725; 729-730; 734-737; 741-743; 745-746; 750-754; 757; 759; 761; 765; 767-768; 771-772; 774; 776; 778; 780-781; 783-784; 786; 790-793; 795; 798-799; 801-802; 805-809; 812; 815-816; 819-821; 825-827; 829-830; 834-837; 839; 843-844; 846; 849; 851-852; 854; 856-858; 860; 862-863; 865-866; 868-871; 873-874; 876-880; 883-889; 891; 895-896; 900-901; 903-908; 910-913; 916-922; 924; 927-937; 939-940; 942-943; 945-948; 951-957; 960-961; 964; 966; 968-970; 972-976; 978; 980-985; 987-992; 994-995; 998-1004; 1006-1007; 1009-1010; 1012-1032; 1034-1038; 1041-1046; 1048-1051
wta_rankings_83_99.csv,1994-12-05,1,1041,628,413,26; 59; 83; 116; 122; 126-127; 134; 149; 155; 191; 194; 217; 224; 226; 231; 242; 247; 255-256; 258; 267; 274; 280; 292; 302; 305; 307; 310; 318; 321; 324; 329; 331; 334; 339; 342; 345; 347; 351; 353-356; 358; 363; 368; 370; 372; 375; 377; 384-385; 387-388; 397; 404-405; 407; 410; 412-414; 416; 418-421; 429; 435; 437-439; 441; 445; 448; 454-455; 461-462; 464; 473-477; 480-483; 486; 492-493; 500-501; 503; 505-507; 511; 514-515; 517-518; 521; 524; 527; 532; 536; 540; 546; 561; 563; 566; 571-572; 575; 577-578; 581-582; 585-588; 591-592; 594; 597; 599-601; 603-604; 607; 609-610; 612; 614; 616-619; 621; 623; 626; 629-631; 634; 637-638; 641; 643-645; 648; 651; 656; 658; 661; 663-674; 677; 680-682; 684-687; 689; 692-694; 700-702; 704; 706-709; 711-715; 717; 722-723; 726-727; 729-731; 735-737; 742-743; 747-751; 753; 755; 757-759; 761; 764; 766-767; 769-770; 772; 775; 777; 780; 782; 784-785; 788; 791-794; 796; 799-801; 803-806; 808; 811; 813-814; 816; 818; 820; 822-824; 826-828; 831-832; 834; 838-839; 843-845; 847-848; 850-851; 853; 855; 857-859; 861-862; 864; 866-867; 869-874; 877-884; 886; 890-891; 894; 896-898; 900-905; 907-909; 911-914; 916-919; 921; 924-934; 936-937; 939-940; 942-944; 947; 949-952; 956-957; 960; 963-967; 969-973; 975-979; 981; 983-990; 993-999; 1001-1002; 1004; 1006-1023; 1025-1029; 1032-1040
wta_rankings_83_99.csv,1994-12-12,1,1049,638,411,26; 59; 83; 115; 124; 127-128; 134; 149; 155; 189; 192; 224; 226-227; 229; 235; 238; 249; 256; 258; 267; 281; 286; 293-294; 298; 304; 310; 313; 319; 321; 334; 336; 339; 345; 347-348; 351-357; 367; 371; 375-376; 382; 386-387; 395; 398; 404-405; 408-409; 411-412; 416-418; 420-422; 433; 436; 438; 440; 442; 447; 452-454; 461-462; 464; 472-477; 481-484; 491; 493; 495; 498; 504-508; 514-515; 517; 519; 523; 527; 532; 537; 541; 546; 562; 566-567; 572; 574-575; 577; 580; 582; 584-587; 591; 593-594; 596-598; 600-603; 605; 607-608; 611-612; 615-617; 619; 621; 623-624; 627-628; 630; 633; 635-637; 641-642; 645; 648; 651-652; 654-655; 658-659; 661; 663-670; 672; 674; 677; 679; 681-682; 684-687; 689; 693-695; 701-703; 706; 708-712; 714-718; 721; 725-726; 729; 732-733; 735; 739-741; 743; 747-748; 750-754; 757; 759; 761-764; 767-769; 771; 774-775; 777; 780; 782; 786; 789-790; 793; 796-801; 804-805; 807-810; 812; 816-817; 821; 823-825; 827-828; 833-835; 837; 841-842; 847-849; 851-852; 854-855; 857; 860-861; 863; 865-866; 868; 870-876; 879-887; 889; 893-894; 897-898; 900-903; 905-911; 914-916; 918-921; 923-926; 928-929; 932-942; 944-945; 947-948; 950-953; 957-960; 963-964; 967; 970-975; 977-982; 984-987; 989; 991-1000; 1003-1009; 1011-1012; 1014; 1016-1031; 1033-1035; 1037-1038; 1041-1048
wta_rankings_83_99.csv,1994-12-19,1,1049,639,410,26; 59; 83; 111; 117; 127-128; 136; 150; 154; 189; 193; 226; 229; 232-233; 237; 248-249; 251; 268-269; 283; 289; 292-293; 301; 312; 314-315; 318; 323; 325; 332; 337; 339; 342; 350; 353-360; 371; 373-374; 377; 379; 387-389; 399; 405-406; 408; 410-411; 415; 417-418; 420; 422-423; 432; 435; 438-439; 441; 446; 451-453; 456; 462; 466; 471-473; 475-477; 479; 482-483; 485; 488; 495; 497; 504-509; 514-515; 517; 519; 522; 526; 532; 537; 541; 546; 560; 562; 565; 570-571; 573-574; 576; 578; 581; 583; 585-587; 590; 592-594; 597-599; 601-602; 606-609; 611-613; 615-616; 619; 623; 625; 628-629; 632; 634-636; 638; 640-641; 644; 649-651; 653; 658; 660-667; 669; 673-676; 679; 681-684; 686-687; 690-691; 693-694; 699; 701-703; 705-706; 708-712; 715-720; 722; 726-727; 730; 733-734; 736; 740-742; 747-748; 750-753; 756; 758; 761-764; 767-768; 770; 772-773; 775-776; 779; 781; 785; 788-789; 791; 793-797; 801-802; 804-808; 810; 814-815; 819; 821-823; 825-826; 831-832; 834; 836; 840-841; 846-850; 852; 854; 858-859; 861; 863; 866; 868-875; 878-886; 888; 892-893; 896-897; 899-900; 902-908; 910; 912-914; 916-918; 920-924; 926; 929-936; 938-939; 941-942; 944-946; 948-951; 955-959; 962; 965; 968-973; 975-980; 982-985; 987; 989-997; 1000-1006; 1008-1009; 1011; 1013-1030; 1032-1034; 1036-1037; 1040-1048
wta_rankings_83_99.csv,1994-12-26,1,1055,636,419,26; 59; 83; 111; 117; 127-128; 135; 150; 154; 184; 193; 225; 228; 231-232; 235; 250; 252; 258; 265; 271; 284; 288; 292; 295-296; 301; 314; 316; 318; 323-324; 326-327; 332; 337; 341; 343; 346; 352; 356-361; 371; 373-374; 378; 382; 384; 388-390; 402; 404; 408; 410; 412-414; 418; 420-421; 423; 425; 433; 437; 439; 441; 443; 449; 454-457; 465; 469; 474-476; 479-480; 482-483; 486-490; 494; 499; 501; 507-512; 518; 520; 522; 524-525; 527; 534; 539; 549; 562; 564; 567; 573; 575-577; 579-581; 583; 586; 588; 590-592; 595; 597-600; 602-603; 605; 608; 610-611; 613; 615-617; 619; 621; 625; 627; 630-633; 635; 637-638; 640; 642-643; 646; 651-654; 656; 661-662; 664-666; 668-672; 675; 679-682; 684; 686-689; 691; 694-695; 697; 701; 703-705; 707-708; 710-714; 717-721; 723; 727-729; 732; 734; 736-737; 739; 743-745; 750-751; 754-757; 760; 762-763; 765-769; 772-773; 775; 777-778; 780; 783; 785; 789; 792-793; 795; 797-800; 804; 806-811; 813; 818-819; 825-827; 829-830; 832; 834; 837-838; 840; 842; 845-846; 850-854; 856; 858; 860; 863-864; 866; 868; 871-879; 882-890; 892; 896; 899-900; 902-904; 906-912; 914; 916-919; 921-923; 925-928; 930; 933-939; 941-942; 944-945; 947-949; 951-954; 958-964; 967; 970; 972; 974-979; 981-986; 988-991; 993; 995-1003; 1006-1012; 1014-1015; 1017-1018; 1020-1037; 1039-1040; 1042-1043; 1046-1054
wta_rankings_83_99.csv,1995-01-02,1,1054,635,419,25; 58; 82; 110; 116; 126-127; 134; 149; 153; 183; 192; 224; 227; 230-231; 234; 249; 251; 257; 264; 270; 283; 287; 291; 294-295; 300; 313; 315; 317; 322-323; 325-326; 331; 336; 340; 342; 345; 351; 355-360; 371; 373-374; 378; 382; 387-390; 402; 404; 408; 410; 412-413; 417; 419-421; 423; 425; 433; 437; 440; 442; 444; 449; 451; 456-458; 466; 468; 475-477; 480-481; 483-484; 487-490; 494; 499; 501; 507-512; 518; 520; 522; 524-525; 527; 534; 539; 549; 556; 558; 564; 566; 569; 574; 576-578; 580-582; 584; 587-588; 590; 592-594; 597; 599-600; 602-603; 605; 608; 610-611; 613; 615-618; 620; 624; 626-627; 631-633; 635; 637-638; 640; 642-643; 645; 647; 652-654; 656; 662; 664-666; 668-672; 674; 677; 679-682; 684; 686-689; 691; 693; 695; 700; 702-704; 706-707; 709-713; 716-721; 723; 727-729; 732-733; 736-737; 739; 743-745; 750-752; 755-758; 761; 763; 765-768; 771-772; 774; 776-777; 779; 782; 784; 789; 792-793; 795; 797-800; 804; 806-811; 813; 815; 819-820; 825-827; 829-830; 832; 834; 837-838; 840; 842; 845-846; 850-854; 856-857; 859; 862-863; 865; 867; 870-879; 882-890; 892; 896; 899-900; 902-903; 905-911; 913; 915-918; 920-922; 924-927; 929; 932-938; 940-941; 943-944; 946-948; 950-953; 957-963; 966; 969; 971; 973-978; 980-985; 987-991; 993; 995-1003; 1006-1012; 1014-1015; 1017-1018; 1020-1036; 1038-1039; 1041-1042; 1045-1053
wta_rankings_83_99.csv,1995-01-09,1,1057,640,417,26; 59; 118; 124; 135-136; 148; 184; 190; 194; 220; 226; 228-229; 233; 236; 250; 252; 259; 266; 272; 293; 295; 299; 313; 315; 317; 322; 324-325; 331-332; 336; 339; 341; 344; 351; 355-359; 364-365; 370; 372-373; 381; 385-387; 389; 397; 399; 404; 408; 410; 412-413; 417; 419-420; 422-423; 425; 434; 437; 440; 442; 444; 449; 451; 456-457; 464; 466; 475-477; 480-481; 483-485; 488-491; 495; 499; 501; 507-511; 517; 520-521; 523; 525; 527; 533; 538; 549; 555; 557; 562; 566; 573; 575-577; 579; 582-583; 585; 588-593; 596; 599; 601; 603-604; 606-607; 610-611; 613; 615-618; 620; 624; 626-627; 631-634; 636; 638-639; 641; 644-645; 648; 653-654; 656; 661; 663-667; 669-673; 675; 678; 680-683; 685; 687-690; 692; 694-695; 697; 702; 704-706; 708-709; 711-712; 714-715; 718-721; 723-724; 726; 730-732; 735-736; 738; 740; 743-745; 749-750; 753; 755-757; 761; 763; 765-768; 771-772; 774; 776-777; 780; 782; 785; 787; 789-791; 793-796; 799; 802; 806-811; 816-817; 821-824; 827-828; 831; 833; 836-837; 839; 841; 844-845; 849-853; 855-856; 858; 861-862; 864; 866; 869-878; 881; 883-891; 893; 897; 900-901; 903-905; 907-914; 916; 918-921; 923-925; 927-930; 932; 935-941; 943-944; 946-947; 949-951; 953-956; 959-965; 968; 971; 973; 975-981; 983-988; 990-994; 996; 998-1006; 1009-1015; 1017-1018; 1020-1021; 1023-1039; 1041-1042; 1044-1045; 1048-1056
wta_rankings_83_99.csv,1995-01-16,1,1053,639,414,26; 51; 83; 88; 112; 124; 132; 141; 149; 186; 192; 208; 220; 225; 228; 230; 232; 239; 251; 258; 266; 271; 291; 295; 297; 300; 316; 318; 324-325; 330-331; 335; 338; 340; 343; 351; 353; 356-360; 365; 369; 371-372; 380; 384-386; 388; 397; 403; 407; 409-410; 412-413; 418; 420-421; 423-425; 433; 436; 439; 441-442; 447; 450; 455-456; 463; 465; 474-476; 478; 481-482; 484-485; 488-490; 492-493; 497; 502; 508-512; 518; 521-522; 524; 526; 528; 533; 538; 549; 555; 557; 562; 565; 572; 574-575; 577; 581-582; 584; 587-592; 595; 598; 600; 602-603; 605-606; 609-610; 612; 614-617; 619; 623; 625-626; 630-633; 635; 637-638; 640; 643-644; 647; 652-653; 655; 660; 662-667; 670-673; 675; 678; 680-683; 685-688; 690; 692-693; 695; 700; 702-703; 705-707; 709-710; 712-713; 716-719; 721-722; 724; 728-730; 733-734; 736; 738; 741-743; 747-748; 751; 753-754; 758; 761-763; 766-767; 769; 771-772; 775-776; 778-779; 782; 784; 786-789; 791-792; 795; 798; 800; 803-807; 809; 813-814; 818-822; 825; 828; 830; 833-834; 836; 838; 841-842; 846-850; 852-853; 855; 858; 860; 862; 864-874; 877; 879-885; 887-889; 891; 895; 898-899; 901-903; 905-912; 914; 916-919; 921-923; 925-928; 930; 933-939; 941-942; 944-945; 947-949; 951-954; 957-963; 965; 968; 970; 972-976; 978-983; 985-989; 991; 993-1002; 1005-1011; 1013-1014; 1016-1017; 1019-1036; 1038-1039; 1041-1042; 1045-1052
wta_rankings_83_99.csv,1995-01-23,1,1053,566,487,26; 39; 51; 71; 83; 88; 100; 112; 124; 126; 132; 141; 149; 154; 168; 178; 180; 182; 186; 192; 208; 212; 220; 225; 227-228; 230; 232; 239; 244; 251; 258; 266-267; 270-271; 275; 291; 293; 295; 297; 300-301; 310; 313; 316; 318; 324-325; 330-331; 335; 338; 340; 343; 351; 353; 356-362; 365-366; 369; 371-372; 380; 384-386; 388; 392; 397; 403; 407-410; 412-413; 418; 420-421; 423-425; 431; 433-436; 439; 441-442; 447; 450; 454-457; 463-465; 468; 474-476; 478-482; 484-485; 488-490; 492-493; 497; 499-500; 502; 508-512; 518; 520-522; 524; 526; 528; 533; 538; 542; 545; 548-549; 555; 557; 562-563; 565; 568-569; 572; 574-575; 577; 581-582; 584; 586-592; 595; 598-600; 602-603; 605-606; 609-612; 614-617; 619; 622-623; 625-626; 628-633; 635-638; 640; 643-644; 647; 652-653; 655; 658; 660; 662-667; 669-673; 675; 678; 680-688; 690; 692-693; 695-696; 698; 700; 702-703; 705-707; 709-710; 712-713; 716-719; 721-722; 724; 728-730; 733-734; 736; 738-743; 747-749; 751; 753-754; 756; 758; 761-763; 766-767; 769; 771-772; 775-776; 778-779; 782; 784; 786-792; 795; 798; 800; 803-809; 812-814; 818-822; 825; 828; 830; 833-834; 836; 838; 841-842; 846-850; 852-853; 855; 858; 860; 862-874; 876-877; 879-889; 891; 893; 895; 897-899; 901-903; 905-912; 914; 916-923; 925-928; 930; 933-939; 941-942; 944-945; 947-949; 951-963; 965-966; 968; 970; 972-976; 978-983; 985-989; 991; 993-1003; 1005-1014; 1016-1017; 1019-1036; 1038-1039; 1041-1042; 1044-1052
wta_rankings_83_99.csv,1995-01-30,1,1052,641,411,17; 55; 120; 126; 131; 140; 148; 190; 209; 218; 225; 233-234; 239; 243; 251; 255; 259; 269; 292; 294; 297; 302; 309; 313; 315; 317; 323-324; 331; 334; 336; 339; 344; 347; 349; 353; 355-357; 361-362; 367; 369-370; 377; 381-382; 384; 388; 395; 399; 404; 406-407; 409-410; 413; 417; 419; 422-425; 432; 435-436; 440; 444; 448; 450-451; 457-458; 464; 469; 471-473; 475; 478; 480; 482-483; 486; 488-489; 492; 501-502; 504-505; 510; 514-515; 518; 520; 522; 527; 531; 533; 536; 538; 549; 551; 554; 556; 566; 571; 573-574; 576-577; 580; 584-585; 587; 589-591; 595; 598; 600; 602-603; 605; 607-611; 614; 616-618; 621-622; 627; 629-630; 632; 634-635; 638-640; 643-644; 653-656; 661; 663; 665-666; 668; 670-672; 674-675; 677; 679; 681-684; 686-690; 692; 695; 697-698; 700; 702; 704-705; 707-708; 711-715; 717-721; 725-727; 729; 732; 735-737; 741-743; 747; 749-750; 753; 756; 759; 762-764; 766-767; 770; 773-774; 776; 779-780; 783-787; 789-791; 794; 797-798; 800-801; 803; 805-809; 812-813; 817; 820-823; 826; 829-830; 833; 836-837; 839-840; 843-844; 848-851; 854; 856; 858-860; 862; 864; 866-874; 876; 878-883; 885-888; 890; 895-896; 898-899; 901-905; 907; 910-914; 916-920; 923-925; 927-929; 932-940; 942; 946-949; 951-953; 955-956; 958-962; 964; 966; 968; 970-972; 974-979; 982-992; 994; 996-1003; 1006-1014; 1016-1017; 1019-1033; 1035-1036; 1038-1039; 1042-1051
wta_rankings_83_99.csv,1995-02-06,1,1041,639,402,14; 57; 119; 121; 126; 135-136; 145; 192; 208; 217; 224; 226; 229; 231; 246; 248-249; 259; 265; 281; 292; 295-296; 301; 303; 312; 314; 319; 326; 331; 335; 338-340; 344-345; 348-349; 351-352; 354; 357; 364-365; 367-368; 376; 380-381; 383; 386; 393; 395; 398; 404; 408; 410-411; 413-414; 417; 421-425; 431; 434; 438; 441-442; 455; 457; 460; 466; 468; 471-472; 474-475; 480-483; 486-489; 493; 504-507; 513; 515; 517; 522-524; 528; 534; 540; 546; 550; 554; 562-563; 567; 570; 572-574; 577; 579; 581-582; 584; 586; 588-591; 597-600; 602-604; 606-608; 612; 614; 618; 620; 622; 624; 627-630; 633; 636-637; 639-641; 646; 650-651; 654-655; 659; 661-666; 668-669; 671-673; 675; 678-682; 686-687; 691; 693-697; 699; 701-702; 704-706; 708-713; 716-717; 721-722; 724-726; 729; 732-735; 740-742; 745; 748-749; 754; 758; 760; 762-763; 765-767; 770; 772-774; 778; 783-785; 788-791; 794; 796-797; 799; 802; 804-805; 810-813; 816; 818-821; 824; 827-828; 831; 834-836; 838-839; 843; 845; 847-849; 852-854; 857-858; 860-862; 864; 866-869; 871; 873-881; 883; 887-889; 891-892; 894-896; 898-900; 902; 905-908; 910-911; 913; 916-918; 920-922; 925-927; 929-931; 933; 935; 938-939; 941-943; 945-951; 953; 955-957; 959-961; 963-967; 970-980; 983-989; 992-1000; 1002-1003; 1005-1023; 1025; 1027-1029; 1032-1040
wta_rankings_83_99.csv,1995-02-13,1,1031,634,397,14; 58; 114; 118; 137-138; 144; 166; 191; 203; 209; 212; 221-222; 225; 242-243; 246; 253; 262-263; 282; 292; 296-297; 304-305; 317; 327; 331; 334; 336; 339-340; 342; 347-348; 350-351; 353; 355; 357; 361-362; 366; 368-369; 375; 378-379; 382; 385; 387; 390; 393; 398; 403-404; 407; 409-410; 412; 417; 419; 425; 427; 429; 434; 440; 442; 444; 447; 455-456; 459; 462; 467; 469; 472-473; 475; 479-480; 483-484; 487; 491; 494; 505-507; 512; 515; 518-519; 522; 526-527; 530; 533; 541; 543; 553; 555-556; 558; 560; 564; 566; 569; 571-572; 574; 576; 578; 580-581; 583-584; 586-587; 589; 595; 599-600; 603-607; 612-613; 615-616; 618-619; 621; 623-624; 626-627; 629-630; 632-633; 635; 637; 641-643; 645-646; 651-652; 655; 657-658; 661-665; 668; 671-672; 675-676; 678-679; 684-686; 689-690; 694-698; 700; 702; 706-714; 718-722; 725-727; 729; 731-734; 738; 741-742; 745; 748; 751; 755; 759-760; 762; 764-765; 767-769; 771-772; 774; 778-781; 784-786; 788; 790; 793; 795-797; 802-805; 809-816; 819-820; 823-824; 827-828; 831-833; 835-836; 840; 842; 844-845; 847-849; 852-853; 855; 857-858; 860; 862-865; 867; 869-874; 876-879; 882; 885-887; 890-891; 893-896; 898-900; 903-906; 908; 910; 912-916; 919-921; 923-925; 928; 931-932; 934-937; 939; 941-945; 947; 949-951; 953-956; 958-960; 963-973; 976-983; 986-994; 996-997; 999-1017; 1020-1022; 1025-1030
wta_rankings_83_99.csv,1995-02-20,1,1026,635,391,14; 49; 111; 115; 128; 141; 188; 198; 203; 207; 216; 221; 240; 243-244; 249; 260; 262; 270; 290; 292; 295; 297; 302-303; 315; 325; 327; 334-335; 337-338; 343; 345; 347; 349; 351-352; 357; 360; 362; 366; 375; 379; 383; 385; 388; 390-392; 396-397; 402-403; 405; 409-410; 414; 419-420; 428-429; 437; 439; 447; 449; 454; 457; 459-460; 462; 466-467; 470; 473; 475; 479; 481; 483; 488; 497-500; 505; 509; 512; 514; 516; 520; 522-524; 529; 535; 537; 548-550; 552-553; 556; 558; 561-562; 566; 568; 572-573; 575-577; 579; 583-584; 591-592; 595-597; 601; 603-606; 608-610; 612; 615-616; 618; 620-625; 627; 629; 631; 635; 637-638; 642-643; 645; 647; 649-651; 654-659; 662-663; 665; 668; 672-673; 676-677; 682-683; 685-687; 689-690; 693; 695-703; 707-711; 713; 715-719; 721-722; 724-727; 731; 734-735; 738; 741; 744; 749; 753-755; 757; 759; 761-764; 766-768; 770; 774-776; 779-781; 783; 785; 790; 793; 796-799; 803-808; 811-812; 815-816; 819-820; 823-826; 828-830; 834-835; 837-838; 840; 842-845; 848-849; 852-853; 855; 857-859; 861; 863-869; 871-872; 874; 877; 880-882; 885-886; 888-889; 891-895; 898-902; 904; 906; 909-915; 918-920; 922-924; 929; 931-935; 937; 939-943; 945; 947-949; 951-953; 955-957; 960-969; 972-975; 978-986; 988-989; 991-1011; 1013; 1015-1017; 1020-1025
wta_rankings_83_99.csv,1995-02-27,1,1032,637,395,16; 50; 109; 112; 131; 140; 173; 188; 198; 204; 216; 222-223; 231; 233; 240; 244; 248; 260; 262; 270; 283; 291; 295; 297; 300; 306; 310; 316; 319; 322; 330; 336; 339-340; 344; 347-348; 350; 354-356; 360; 365; 367; 373; 381; 384; 389; 392; 395; 397; 400-403; 406; 409; 412; 419; 421; 424; 426; 431-432; 440; 449; 452; 457-458; 462; 464-467; 469; 472; 476; 480; 482-483; 486; 489; 498-503; 510; 514-515; 517; 519-520; 524; 529; 533; 539; 549-550; 552; 554-555; 557-558; 561; 564; 567; 571; 573; 575; 578-579; 581; 583-586; 593; 595; 597; 600-610; 612; 614; 616; 618; 620-622; 627-628; 632-633; 638-639; 644; 646; 648-650; 653-659; 662; 666-667; 670-671; 673-675; 679; 681; 683; 685-686; 689-692; 695-698; 702-708; 710; 712-717; 720-723; 729-730; 734; 736; 739; 741; 745; 748; 750; 754-756; 758-759; 762-763; 765; 771-775; 779-780; 782; 784-785; 789-790; 793; 796-799; 801; 804-805; 807-810; 813; 816-817; 819-820; 822-825; 827-829; 832; 834; 837-838; 840-842; 844-845; 847-848; 851-852; 854; 856-858; 860; 862-869; 871; 875; 877-879; 882-883; 885-886; 888-892; 895-899; 901; 903; 905-910; 912; 914-916; 918-920; 923-924; 927; 929-933; 935; 937-942; 944; 947-949; 951-953; 955-957; 960-968; 971-974; 976; 979-986; 988-989; 991-999; 1001-1016; 1018; 1020-1021; 1024-1031
wta_rankings_83_99.csv,1995-03-06,1,1025,638,387,14; 53; 108-109; 137; 141; 172; 186; 196; 199; 218; 222-223; 240; 245; 251; 253; 256; 268; 296-297; 299; 302-303; 305; 313; 320; 325-326; 328; 330; 338; 344; 347; 349; 352-353; 355; 357; 362-363; 365; 369-370; 374; 376; 381; 389; 391-392; 398-402; 404-405; 411-412; 416; 419; 427-428; 431; 450; 453; 456; 458; 461; 467-468; 470; 472; 474-477; 480; 483; 486; 490; 494; 496-499; 507; 509; 514-515; 518; 521; 525; 528; 532; 536; 545; 548-549; 552; 554-556; 558; 561; 563; 566; 570; 572; 575-576; 578-579; 582; 584; 590-591; 594; 596-597; 600-602; 604-608; 610; 612; 614-615; 617-622; 624; 629; 636-637; 639; 642-643; 645; 647; 649-650; 653-655; 657-659; 661; 663; 667; 670; 673-676; 679; 682; 684-685; 687-688; 691-694; 696-700; 704-708; 710; 713-715; 717; 720-722; 726-727; 732; 735; 737-738; 741; 745; 749; 753-757; 760-762; 764-765; 771-773; 775; 778-779; 781; 783-785; 788-789; 792; 794-797; 799; 802-806; 811; 813-814; 816-817; 819; 821-823; 826; 828-830; 832-834; 836-839; 841-843; 845; 847-849; 851-852; 854-862; 865; 869; 871-874; 877-878; 880-881; 883-887; 890-894; 896-897; 899; 901-906; 908; 910-912; 914-916; 918; 920; 924-925; 928-932; 934; 936-939; 941-942; 944-950; 952-953; 956-964; 967-970; 972; 974-980; 982; 984-990; 992-995; 997-998; 1000-1005; 1007-1009; 1011; 1013-1014; 1017-1024
wta_rankings_83_99.csv,1995-03-13,1,1030,638,392,15; 53; 108; 117; 132; 140; 193; 197; 200; 218; 225; 227-229; 241; 245; 249-250; 253; 271; 298; 300-301; 313-314; 316; 323; 325; 327; 332; 340; 343; 345; 349-350; 354; 357-358; 362-363; 367; 369; 371-373; 382; 384-385; 389; 391; 396; 400; 404-405; 407; 411; 414; 419; 424; 427-428; 430; 434; 436; 438; 448; 452; 455-456; 458; 461-462; 470; 472; 474-476; 480-481; 484; 487; 493; 498-499; 502-504; 506; 511-512; 516; 519-520; 523; 526; 531; 543; 547-548; 550; 552-553; 555-556; 558; 562; 565; 568; 570; 574; 577-578; 581; 584; 590-591; 594; 596; 598-600; 602-606; 608-611; 613-614; 616-617; 619-620; 622-625; 630; 636; 641-642; 644; 647; 649-650; 653-658; 660-661; 663-664; 666-667; 669; 671-673; 675; 677; 680-681; 684; 686; 688; 691-694; 696-700; 703; 705-709; 711; 714-716; 718-719; 722-724; 728-730; 736; 738-739; 741; 743; 746; 751-752; 754-755; 758-759; 761-762; 766; 768-769; 771-772; 775-776; 778; 781; 785-786; 788-789; 791-795; 797; 799-801; 803-805; 810; 812; 814-816; 819; 821-823; 827; 829-830; 832-838; 840; 842; 844-846; 848; 850-852; 854-855; 857-862; 864; 867; 870-873; 876-877; 879-881; 883; 885-887; 890; 893-896; 898-899; 901; 903-909; 912-914; 916-918; 920; 922; 926-927; 930-934; 936-938; 940; 942-944; 946-947; 949-954; 956-957; 961-969; 971-974; 976-983; 985-986; 988-993; 995-998; 1000-1008; 1010; 1012-1013; 1015; 1017-1018; 1021-1029
wta_rankings_83_99.csv,1995-03-20,1,1020,567,453,15; 42; 53; 67; 99; 107-108; 117; 132; 140; 146; 153; 166; 177; 189; 193; 197; 200; 209; 218; 225; 227-229; 236; 241; 245; 249-250; 253; 269; 271; 284; 287; 292; 296; 298-301; 313-314; 316; 323; 325; 327; 331-332; 340; 343; 345; 347; 349-350; 354; 356-358; 362-363; 366-367; 369; 371-374; 382; 384-385; 389; 391; 396; 400; 402-405; 407; 411-414; 419; 422; 424; 427-428; 430-431; 434; 436; 438; 445; 448; 450; 452; 455-458; 461-462; 470; 472; 474-476; 480-481; 484; 486-487; 489-490; 493-494; 497-499; 502-504; 506; 510-512; 514; 516; 519-520; 523; 526; 530-531; 534; 543; 546-548; 550; 552-553; 555-556; 558; 560-562; 565; 568; 570; 573-574; 577-578; 581; 584; 590-591; 594; 596; 598-606; 608-614; 616-617; 619-620; 622-625; 628; 630; 632-633; 635-636; 641-642; 644; 647-651; 653-658; 660-661; 663-664; 666-667; 669; 671-673; 675; 677; 680-681; 684; 686; 688; 691-694; 696-700; 703; 705-709; 711; 714-716; 718-724; 728-731; 733; 736; 738-739; 741; 743; 746; 749; 751-752; 754-755; 758-759; 761-762; 766; 768-776; 778; 781; 783; 785-786; 788-795; 797; 799-801; 803-805; 809-810; 812; 814-816; 819; 821-823; 827; 829-830; 832-838; 840; 842; 844-846; 848; 850-855; 857-862; 864; 867; 870-873; 876-877; 879-881; 883; 885-887; 890; 893-901; 903-909; 912-914; 916-918; 920; 922; 925-927; 930-938; 940; 942-944; 946-947; 949-954; 956-958; 961-969; 971-983; 985-986; 988-993; 995-998; 1000-1008; 1010; 1012-1013; 1015; 1017-1018
wta_rankings_83_99.csv,1995-03-27,1,1013,638,375,14; 53; 114; 125; 133; 140; 191; 194; 213; 222; 225; 231; 234; 242; 246; 254; 262; 265; 269-270; 280; 288; 300; 302; 305; 307; 318-319; 330; 333; 336; 338; 346; 348; 350; 355-356; 358; 363; 366; 369; 371; 373; 375-376; 384-385; 389-391; 394; 401-402; 405; 413; 416; 418; 421; 424; 429; 431; 434; 441; 445; 447; 449; 451; 455-458; 465; 470-473; 480-481; 483; 488; 494-498; 501; 505; 507; 511; 513-514; 518; 524; 526; 529; 539; 541; 543-545; 547-548; 550; 552; 555; 560; 562; 564-565; 568-569; 573-574; 579; 582; 587; 590; 593-597; 599-600; 603-604; 607-608; 610; 612; 615; 617-622; 629; 632; 635-638; 641; 644-646; 649-654; 656; 658-661; 664; 667-669; 674; 676; 679-680; 684; 686-687; 690; 692-693; 696-702; 704; 706-708; 710-711; 716-718; 723; 725-727; 729-730; 736-738; 742; 744-745; 747-748; 750; 753-755; 759; 763; 766; 770; 773-778; 783-787; 789; 791; 793-796; 798-801; 803-804; 807-808; 811-814; 816-819; 823; 826; 828-829; 831-835; 837; 840; 842-844; 846-847; 849-851; 853-854; 856-865; 867-868; 872-873; 876; 878-879; 881; 883-885; 888; 890-892; 894-896; 900-902; 904-906; 909-911; 913-916; 918; 923-924; 926-929; 931-933; 935; 937-942; 944; 946-949; 951; 955-962; 964-971; 973-979; 981-982; 984-989; 992-994; 996-1004; 1007-1008; 1010-1011
wta_rankings_83_99.csv,1995-04-03,1,1012,641,371,14; 53; 110; 126; 133; 140; 188; 196; 208; 222; 225; 230; 233; 243; 246; 254; 261; 263; 276; 283; 285; 287; 302; 304; 306; 311; 316; 332; 336; 338-339; 348; 356-358; 360; 362; 369; 371-372; 375-376; 378-379; 386; 389-390; 395; 400-401; 404; 408; 412; 415; 418; 421; 424; 426; 431; 438; 443; 445; 447; 451-453; 455-456; 465; 471-474; 476-477; 481; 484; 486; 495-498; 502; 506-507; 509; 515; 518; 523; 526; 530; 537; 539; 541-542; 544; 547; 549-550; 552-554; 558; 560; 564; 567-568; 572-574; 576; 579; 582; 584; 586; 588; 590; 592; 594; 596; 598-599; 601; 603-604; 608; 610; 613; 615; 618; 621; 624-625; 629-631; 635; 639-640; 642-643; 646-647; 649-653; 655-657; 659-660; 662-663; 666-668; 671-673; 675; 679; 681; 685; 688-691; 693-694; 697-704; 706-708; 711-712; 714-715; 720; 722; 728; 730-732; 734-735; 741-743; 745; 748-749; 751-752; 754; 756; 759-762; 764; 768; 773; 777; 780-785; 787; 789-792; 794; 798-801; 803-805; 807-808; 811; 814-819; 821-823; 825; 827-828; 831; 833-834; 836; 839-842; 844; 846; 848-850; 852-853; 856; 858-859; 861-867; 869; 871-873; 876-877; 879-880; 882; 884-887; 890-891; 893-894; 896; 901-902; 904-907; 910-912; 914-916; 918-919; 923-924; 926-929; 932; 934-935; 937; 939-944; 946; 948-950; 954-957; 959-962; 964-970; 972-978; 980-981; 983-987; 989-994; 996-1003; 1005-1007; 1009-1010
wta_rankings_83_99.csv,1995-04-10,1,1006,643,363,15; 55; 105; 133-134; 143-144; 193; 195; 205; 220; 226; 230; 232; 241; 254; 259-260; 267; 282-283; 287; 290; 303-304; 312-313; 329; 332; 334; 339-340; 342; 346; 359; 363-364; 366; 369; 371; 373-375; 378; 384-386; 389-390; 395-396; 400; 406; 412; 418; 422; 426; 430; 434; 436; 444-445; 447; 451; 453; 456; 458; 461; 465; 467; 469; 472; 475-477; 480; 482-484; 493-495; 498; 501; 503; 511; 514; 517; 519; 522; 529; 532; 537; 539-542; 545-548; 551; 553-556; 560-561; 564-565; 569-571; 575-576; 579; 582-583; 585; 589-590; 593-597; 600-601; 605; 610; 615; 618; 623-624; 627-628; 631-632; 635-636; 638; 640; 642-644; 646-648; 650; 652-654; 657-658; 661; 663; 666; 668-669; 672-675; 678; 682; 685-687; 689; 691-693; 695; 698; 700-703; 705; 707-708; 711-712; 715-716; 720; 725; 727-729; 732; 735-736; 740; 742-744; 747-751; 755; 757-758; 760; 763; 767; 769-770; 772; 775-776; 779-786; 788; 791-794; 796-797; 800; 802; 805-806; 809; 812-815; 818-820; 823-824; 828; 832-836; 838; 840; 842; 844; 846-847; 849; 851; 853-854; 856-857; 859-863; 865; 867-870; 873-874; 876-877; 879; 881-884; 887-888; 890-892; 897-899; 901; 903-904; 907; 909-910; 912-914; 916; 919-920; 922-925; 927-929; 931; 933-938; 940; 943-945; 948; 950-953; 955-957; 959-965; 967-974; 976; 978-980; 982-987; 989-996; 998; 1000-1001; 1003-1004
wta_rankings_83_99.csv,1995-04-17,1,1012,646,366,15; 48; 86; 106; 137; 139; 145-146; 193; 201-202; 205; 226; 231; 237; 258; 260; 264; 270; 282-283; 287; 291; 303; 305; 313-314; 329; 333; 335; 338; 341; 343; 347; 359; 364; 366; 368; 371; 373-374; 377-378; 385; 387-389; 391; 393; 399; 406; 408; 413; 415; 421; 424; 427; 429; 432; 437; 447-448; 453-455; 457; 461-462; 469-470; 472; 474-475; 479; 482-483; 491; 493-495; 499; 503; 505; 510; 516; 518-519; 522; 526-527; 529; 531; 535; 540; 542-544; 546; 549-553; 557; 559-562; 569; 571; 575-578; 581; 584; 587; 590; 594; 596-597; 599; 601; 603-607; 609; 611-612; 619; 623; 629; 631; 633-634; 637-641; 643; 645-646; 648; 651-655; 658; 660-662; 666-667; 670; 673; 676-678; 680-683; 686; 689; 692-695; 697-698; 700-701; 703; 705-706; 708; 710-712; 714; 716; 718-719; 722-724; 728-729; 733; 735-737; 740; 747; 749-751; 754-756; 760; 762; 766; 770; 772-774; 776; 779-780; 783-788; 790; 793-796; 798-799; 801; 803; 806; 808; 811-814; 816; 818-821; 824-826; 828; 832-833; 837-840; 843; 845; 847; 849; 852-853; 855; 857; 859-861; 863-864; 866-872; 874; 876-880; 883-884; 886; 888; 890-895; 898-899; 901-902; 907-911; 913; 915; 918-920; 922-924; 926; 928; 930-934; 936-938; 940; 942-946; 948; 951-952; 956-959; 961-964; 967-971; 973-980; 982; 984-987; 989-994; 996-1003; 1005; 1007-1008; 1010
wta_rankings_83_99.csv,1995-04-24,1,1011,644,367,14; 44; 86; 105; 136; 139; 143-144; 193-194; 201-202; 205; 219; 237-238; 261; 264; 267; 282; 286-287; 290; 300; 307-308; 315; 330; 335; 339; 341; 346; 357; 360-361; 363; 365-366; 368; 370; 372-373; 378; 382; 384-385; 387; 390; 398; 400; 404; 407; 411; 418; 421; 423-425; 429; 440; 444-445; 450-451; 453-454; 459; 465; 467; 470; 472-473; 477; 482; 489; 491-492; 494-495; 498-499; 506; 510-512; 516; 519; 522; 526; 528; 533; 536-537; 540-542; 544-545; 549-552; 555; 558; 560-563; 570-571; 573; 576-579; 581; 584; 587; 590; 592; 597; 599-600; 603; 605-608; 611; 613; 617; 626; 630; 633-634; 637-641; 645-647; 650; 652; 654-657; 659; 661-662; 666-667; 669; 672; 675-676; 678-681; 683-684; 688-689; 692-693; 695-696; 698-701; 703-704; 706; 708-710; 713; 715-716; 718-719; 721-722; 724-726; 731; 735-737; 739; 742; 745; 748; 750-752; 755-756; 760; 762; 764; 766; 770; 772-773; 775; 777; 780-781; 783-788; 790-791; 794-797; 799-800; 802-803; 806-807; 810-813; 815; 817-819; 821; 823-825; 828-829; 833-836; 840; 842; 844; 846; 849-850; 852; 854; 856-858; 860-861; 863-870; 872; 874-878; 881-883; 885; 887; 889-894; 897; 899-900; 905-908; 910; 912; 915-917; 919-921; 923; 925; 927-931; 933-935; 937; 939-942; 944; 947-949; 953-956; 958-959; 961-962; 965-970; 972-980; 982; 984-987; 989-994; 996-1002; 1004; 1006-1007; 1009
wta_rankings_83_99.csv,1995-05-01,1,1020,639,381,15; 45; 107; 138; 149; 170; 203-204; 207; 222; 236-237; 239; 248; 263; 269; 284; 287; 290; 293; 296; 299; 304; 306; 308; 313; 332; 339-340; 345; 353-355; 357; 363-364; 369-371; 376; 378; 380-382; 387; 389; 392; 395; 400; 402-403; 409; 411; 415; 418; 420; 422; 424-426; 429; 440; 442; 446-447; 449-450; 456; 460; 463; 465; 467; 469-470; 476; 481-482; 484; 487; 489-491; 497; 503-505; 510; 515; 517; 519; 522; 524; 526; 528; 530; 534-535; 537-540; 542; 546; 548; 551; 553-554; 558-561; 569-572; 575; 577; 579; 583; 586-587; 589-590; 594; 596-597; 599; 601-604; 607; 610; 613; 616; 624; 630; 632; 635-639; 642; 644; 646-647; 649-653; 656; 661-662; 664; 666; 669-673; 675-676; 679; 681-684; 687; 689; 691-696; 698; 700; 702-703; 705; 707; 709-710; 712-713; 715-716; 718-719; 726; 729-730; 732-733; 735-736; 740; 742-743; 746; 748; 751; 753-754; 756; 758-759; 763; 765; 767; 769-770; 773; 775-778; 780-782; 784-785; 791-794; 796; 798-799; 802; 805-808; 811; 813-816; 818; 820-821; 823; 825-826; 830-834; 837; 839; 841; 844-847; 850; 852-854; 856-857; 859-865; 867-868; 870-874; 877-879; 881-883; 887-892; 895; 897-898; 903-905; 907; 909; 912-914; 916-918; 920-921; 923; 925-929; 931-933; 935; 937-938; 940; 942; 946-947; 951-959; 962-967; 969-977; 979-980; 982-985; 987-992; 994-1000; 1002-1003; 1005-1007; 1010-1019
wta_rankings_83_99.csv,1995-05-08,1,1018,633,385,15; 46; 107; 149; 166; 168; 186; 203; 206; 221; 223; 233; 236; 244; 251; 263; 274; 276; 286; 291; 296; 299; 303; 307-308; 315; 326; 336; 339; 343; 351; 356; 362-364; 367; 370; 373-374; 377; 379; 383; 387-389; 392; 395; 397; 400-402; 408; 411-412; 418-421; 423; 427; 429; 437; 439-440; 447-448; 453; 457-458; 464; 470-471; 473; 478; 481-482; 484-485; 490; 492-494; 496; 504; 506-507; 509-510; 514; 516; 526; 529-530; 532; 534; 537; 539-542; 544-545; 547; 549; 553; 555; 557; 560-562; 570-572; 575; 578; 580-581; 583; 587; 590; 593; 595; 597; 599; 601-605; 610; 612-613; 615-616; 618; 623; 626; 631-632; 635-637; 639; 642-649; 655-656; 659; 661; 663-665; 668; 670-673; 675-676; 678; 680; 682-683; 685; 688-689; 691-698; 701-702; 704; 706; 709-710; 712-713; 719; 721-722; 726-727; 729-730; 733-734; 737-738; 740; 745-747; 751-753; 755-756; 758-759; 762-763; 766; 768-769; 771-772; 774-776; 778-782; 788-789; 792-796; 799-800; 802; 804; 806-808; 811; 813-816; 818; 820-822; 824; 827-828; 832-834; 836; 838-839; 841; 844-846; 850-852; 854-855; 857-863; 865; 867-871; 873; 875-877; 879-882; 885-890; 892; 895; 899-901; 903; 905; 907-908; 910-912; 914-915; 917; 919-920; 922-924; 926-927; 929; 931-932; 934-935; 937; 939-942; 946-953; 956-959; 961-962; 964-972; 974; 976-981; 983-989; 991-997; 999-1000; 1002-1005; 1008-1017
wta_rankings_83_99.csv,1995-05-15,1,1003,637,366,16; 46; 146; 149; 164; 169; 203; 205; 220; 230; 237-238; 247; 256; 276; 288; 291; 295; 298; 301; 304; 309; 311; 319-320; 337; 339-340; 346; 359; 365-366; 368-369; 371; 373; 376-377; 381-382; 385-386; 388; 394-398; 401; 403; 406-408; 419; 421-422; 425-426; 438-440; 445-446; 449; 452; 456; 463; 469-471; 478; 481-484; 490-491; 493-496; 498; 509; 511-514; 526; 529; 531-532; 536; 540; 543-545; 547-548; 550-551; 556-557; 560-562; 565-566; 572-573; 575; 577-578; 580; 583; 585; 591; 593-594; 597; 600-601; 608; 610; 613; 617; 620-621; 626; 628-630; 634-641; 643; 646-647; 650-651; 653-654; 656; 659; 663; 665-667; 669-670; 673; 675-677; 679; 681-682; 686-693; 696-698; 700; 703-706; 708-710; 713; 717; 719; 722-723; 726-727; 730-731; 734; 736-737; 739; 741; 743; 747-749; 751-752; 755-756; 759; 762; 764-765; 767; 770-773; 775-778; 782-783; 785-786; 788-792; 794; 796-797; 799-800; 802; 804; 807; 809-812; 814; 816-819; 822; 826-827; 830-831; 833; 835; 837; 841-844; 846-849; 851-852; 854-857; 859-861; 863-868; 870-872; 874-875; 878-882; 887; 891-893; 895; 897-900; 902-903; 905-907; 909-912; 915-917; 919-921; 923; 925-929; 932; 935; 937-939; 943-950; 953-956; 959-960; 962-970; 973-977; 979-984; 986-994; 996-997; 999-1002
wta_rankings_83_99.csv,1995-05-22,1,1005,637,368,16; 45; 111; 149; 166; 170; 202; 204-205; 222; 230; 237; 244; 266; 286-287; 290; 295; 298; 304; 309-310; 315; 321-322; 338; 342; 346; 349; 359; 367; 369; 371-373; 379; 382; 386; 388; 390; 392; 399-402; 405-406; 408-411; 418; 420; 424-426; 429; 442-443; 445-447; 450; 454; 456; 469; 471-472; 479-480; 483-484; 487-488; 490; 494-495; 497; 499-501; 503-504; 509-510; 516; 520-521; 534-536; 540; 544-549; 552-554; 556; 558-561; 564; 570; 572; 574-575; 578-580; 584; 587; 593-595; 598-599; 602-604; 606; 608-609; 613; 616-617; 619; 622; 625; 628-629; 631; 633; 635-637; 639-640; 642; 646-647; 649-653; 661-662; 665; 669; 671-675; 677; 679; 681-683; 687-690; 693-695; 697; 699; 701-703; 705; 707; 710; 712-713; 715; 717; 721; 723-725; 728-729; 731-733; 736-740; 742; 745; 750; 754-757; 759-760; 762; 765-766; 770; 774-776; 778-780; 783-788; 791; 793-798; 800; 803; 805; 808; 810; 812; 814; 816-817; 820-824; 827-828; 831; 833-834; 837; 839; 842-846; 848-849; 851; 853-856; 858-859; 861-862; 864-868; 870-876; 878-881; 884-885; 888-889; 891; 895-896; 898; 900-902; 904-907; 910-911; 913; 915; 917-921; 923-925; 927-931; 933; 937; 939-942; 946-952; 954-957; 960-965; 967-975; 978-983; 985-989; 991-994; 996-998; 1001-1004
wta_rankings_83_99.csv,1995-05-29,1,1008,639,369,15; 47; 112; 149; 167; 171; 203; 205-206; 221; 232; 241; 247; 269; 282; 289; 298-299; 301; 305; 312; 316; 323-324; 335; 343; 346; 348; 354; 363; 365; 368; 370-371; 375-376; 383-384; 392-394; 396; 401; 407; 409; 411-415; 417; 424; 426; 429-431; 441; 444; 447; 449-450; 453; 457; 461; 470; 472-473; 479; 482; 486; 489-490; 492; 494; 498-499; 501-503; 505; 507; 510; 520; 523-525; 528; 538-539; 542; 544; 546-549; 551; 553-555; 560; 562-564; 567; 572-576; 578; 580; 582; 585; 588; 590; 593-594; 598-600; 603-604; 609; 611; 613-614; 616; 619; 621; 623; 625; 627; 629; 632-634; 636; 639-641; 643; 645-647; 649-651; 653-656; 658; 661; 664-665; 669; 671; 673; 675; 678-680; 682-683; 685-686; 691-693; 697-698; 700; 702-705; 707; 709; 714; 716; 718; 722; 724-727; 729-733; 736-740; 742; 745; 748; 753-756; 758-760; 765; 767-768; 772; 776-779; 781-782; 786-790; 792; 794-796; 798-799; 801; 803; 805; 807; 809; 811; 813; 815; 818-819; 821-822; 824-825; 828; 830-833; 835-836; 838; 842-847; 849-850; 852-855; 857-858; 860-864; 866-867; 869; 871-873; 875-881; 885-886; 888-890; 892; 896; 898; 900-902; 904-905; 907-908; 910-911; 913; 915-918; 920-923; 926-929; 931; 935-936; 938-940; 944-949; 951-954; 956; 958-964; 966-974; 977-983; 985-994; 996-998; 1001-1003; 1006-1007
wta_rankings_83_99.csv,1995-06-05,1,1008,559,449,15; 39; 47; 74; 108; 112; 118; 149; 167; 169; 171-172; 178-179; 203; 205-206; 215; 218; 221; 224; 232; 241; 247; 250; 269; 282; 289; 294; 298-299; 301; 305; 307-308; 312; 316; 321; 323-324; 326; 335; 343; 345-346; 348-349; 354; 363-365; 368-372; 375-377; 383-384; 387; 392-394; 396; 399; 401; 404; 407; 409; 411-415; 417-418; 424; 426; 429-431; 436-438; 441; 444; 447; 449-450; 453-455; 457; 460-461; 465; 470; 472-473; 479; 482; 485-486; 489-490; 492-496; 498-499; 501-503; 505; 507; 510; 520; 522-525; 527-529; 534; 538-539; 542; 544; 546-549; 551; 553-556; 560; 562-565; 567; 572-576; 578; 580; 582-583; 585; 588; 590-591; 593-594; 596; 598-600; 603-604; 606; 608-609; 611; 613-614; 616-617; 619-621; 623-625; 627; 629-630; 632-634; 636; 638-641; 643; 645-647; 649-651; 653-656; 658; 661; 664-666; 669; 671; 673; 675; 678-680; 682-686; 688; 691-693; 697-698; 700; 702-705; 707; 709; 711; 713-714; 716; 718; 720; 722-727; 729-734; 736-740; 742; 744-745; 748; 753-756; 758-760; 762; 765-772; 776-779; 781-782; 786-792; 794-796; 798-799; 801; 803; 805; 807; 809; 811; 813-815; 818-819; 821-822; 824-825; 828; 830-833; 835-836; 838; 842-847; 849-850; 852-858; 860-867; 869; 871-873; 875-881; 884-886; 888-890; 892-893; 896; 898; 900-902; 904-905; 907-908; 910-911; 913; 915-918; 920-923; 926-931; 935-936; 938-941; 943-949; 951-954; 956-974; 977-983; 985-994; 996-999; 1001-1003; 1006-1007
wta_rankings_83_99.csv,1995-06-12,1,1018,643,375,15; 46; 117; 149; 165; 171; 197; 199; 203; 215; 217; 220; 237; 240; 253-254; 258; 276; 291; 294; 297; 302; 310; 318-319; 329; 332; 342; 348; 354; 358; 364; 369; 374-375; 384-385; 387; 391; 394; 399-401; 403-407; 410; 412; 417-418; 422-423; 426; 429; 439; 446-451; 456; 468; 470-472; 474; 480; 483-484; 487; 491; 493; 495-496; 501-502; 504; 508-511; 515-516; 523; 526; 534-535; 537-538; 540; 544; 547; 549; 551-553; 555; 558-561; 564; 567-568; 570-571; 573; 575; 578; 580; 583; 586-587; 589-590; 594; 596; 598; 604; 608-611; 613; 615; 617; 621; 623; 625-627; 629; 631; 633-634; 636; 639; 641-642; 644; 646-649; 651; 653-655; 657-658; 662; 665-666; 669; 674-676; 678-679; 685-691; 693; 695; 697; 700-701; 703-704; 707; 710; 712-713; 715; 719-722; 724-727; 733-735; 737; 740; 743; 745; 747; 751; 753-754; 756-757; 759; 761-763; 766-768; 772; 775; 779; 781-782; 784-787; 789; 792; 796; 798-799; 801; 803-806; 809; 811-813; 815; 821-822; 824; 826-830; 833; 835-838; 842-846; 848; 850-852; 854; 856-859; 862-864; 866-869; 872-873; 875; 877-878; 880-881; 883; 886; 891-894; 896; 898-900; 902-905; 907-909; 911-913; 915; 918-919; 921-925; 927-928; 930-933; 935-936; 939-941; 943-950; 952; 954-956; 958-967; 970; 972-979; 981-989; 991-994; 997-1000; 1002; 1004-1009; 1011-1017
wta_rankings_83_99.csv,1995-06-19,1,1023,645,378,15; 46; 116; 150; 166; 169; 199; 201; 216; 220; 238; 241; 250; 255; 259; 283; 291; 294; 297; 301; 307; 319-320; 330; 336; 338; 346; 350; 354; 361; 366; 370; 373-374; 380; 384; 388; 390; 394-396; 399-401; 404-405; 407; 410; 414; 416-417; 420-421; 424; 429; 432; 449-453; 459; 461; 468; 474; 477; 481; 483; 490-491; 493-494; 497-500; 507-508; 515; 520-522; 529; 533; 538; 540; 542; 545; 548; 551-557; 559-562; 565; 569; 572; 574-575; 577; 579; 582; 588-589; 591-593; 596; 598; 600; 604-605; 610-614; 616; 618; 620-621; 623-627; 629; 632-633; 636-637; 640-641; 643; 645-647; 649; 651; 653; 655-657; 660-661; 663-664; 667; 670-672; 674; 676-677; 682-684; 688-695; 698; 700-701; 703; 706-707; 709; 713; 718; 721-723; 726-729; 731-734; 739; 741; 747; 749-750; 752; 757; 759-760; 762-763; 766; 769-772; 776; 780; 783; 785-789; 791-795; 797-799; 802; 804-805; 807-808; 810-812; 814; 816-817; 819-823; 829-831; 833-836; 839; 841-845; 849-853; 855; 857-859; 863-866; 869-871; 873-876; 878; 880; 882; 885-888; 890; 892; 894; 899-900; 903; 905-912; 914-917; 919-923; 926; 928-929; 931-934; 936; 938-939; 941; 943-944; 947-949; 951-958; 961-969; 972; 974-982; 984-992; 994-997; 999; 1001-1005; 1007; 1009-1014; 1016-1022
wta_rankings_83_99.csv,1995-06-26,1,1019,638,381,15; 46; 112; 123; 143; 150; 166; 170; 202; 206; 215; 223; 240; 246; 252; 256; 259; 268; 276; 295-296; 300; 305; 308; 312; 324; 334-335; 348; 356; 358; 363; 369-370; 374-375; 381-383; 389-390; 397-400; 402-403; 406-407; 411-412; 417-419; 422; 424; 433-434; 446; 450-453; 457; 459; 462-465; 477; 480; 485; 490-492; 496; 499-502; 510; 517-518; 520-523; 540; 543; 546; 548; 550-555; 557-558; 561-563; 566; 568; 572-573; 575; 577; 579; 581; 585; 589; 594; 596-597; 599; 603; 605; 607-608; 610; 614-619; 621; 625; 628-629; 631-633; 636-637; 641-642; 646-647; 649; 651-652; 655-658; 660-663; 667-669; 671-672; 674-675; 678-682; 684-685; 689-690; 692; 694; 697-701; 703; 706-707; 710-711; 713; 715; 717-720; 723; 727; 729-730; 734-736; 738; 741; 744-745; 748; 750-751; 754; 756-757; 759; 763; 765-767; 771; 773-775; 777; 779; 782; 785; 787-790; 792-794; 796-800; 803; 805-806; 809-811; 814-815; 817; 819-823; 825-826; 831-833; 835-839; 843-844; 847-848; 850-851; 853-856; 858-859; 861-862; 865-869; 872-875; 877-882; 884; 886; 888; 890; 892-894; 896; 898; 900-901; 904; 906-911; 913-919; 922-926; 929-937; 939-940; 942; 944-945; 949-951; 953-954; 956-964; 967-973; 976; 978-983; 985-998; 1000; 1002-1005; 1007-1008; 1010; 1012-1018
wta_rankings_83_99.csv,1995-07-03,1,1019,558,461,15; 35; 46; 83; 112; 123; 126; 134; 140; 143; 150; 156-157; 166; 168; 170; 185; 202; 206; 215; 219; 223; 233; 240; 246; 252; 254; 256; 259; 263; 268; 276; 289; 295-296; 300; 305; 308; 312-313; 321; 324; 334-335; 338; 340; 348-349; 356; 358; 363-365; 369-370; 373-377; 381-383; 389-390; 397-400; 402-403; 405-407; 411-412; 414; 417-419; 422; 424; 430; 433-434; 436-437; 442; 446; 450-454; 457; 459-460; 462-465; 474; 476-477; 480-481; 485; 490-492; 495-497; 499-503; 505; 510; 517-518; 520-523; 528; 531; 534; 537; 540; 543; 545-546; 548; 550-555; 557-559; 561-564; 566; 568; 570; 572-579; 581; 585; 588-589; 591; 594; 596-599; 603; 605; 607-608; 610; 614-619; 621; 625; 628-629; 631-633; 636-638; 641-642; 646-647; 649; 651-652; 655-658; 660-663; 667-672; 674-675; 678-682; 684-685; 689-690; 692; 694-695; 697-703; 706-707; 710-711; 713-715; 717-720; 722-723; 725; 727-731; 734-739; 741; 743-746; 748; 750-751; 754; 756-757; 759; 763; 765-767; 771-779; 782; 784-785; 787-790; 792-794; 796-800; 803; 805-806; 809-811; 814-815; 817; 819-823; 825-826; 830-833; 835-839; 841; 843-844; 847-848; 850-851; 853-859; 861-862; 864-869; 872-875; 877-882; 884-886; 888; 890; 892-894; 896; 898; 900-901; 904; 906-911; 913-919; 922-926; 928-937; 939-942; 944-945; 948-951; 953-954; 956-965; 967-973; 976; 978-983; 985-1000; 1002-1005; 1007-1008; 1010; 1012-1018
wta_rankings_83_99.csv,1995-07-10,1,1029,644,385,16; 42; 81; 113; 159; 165; 172; 198; 202; 208; 215; 227; 242; 245; 247; 265; 272; 284; 287; 295; 300; 308; 314; 329-330; 333; 345; 351; 356; 367; 369; 371-372; 374; 379; 384-385; 391; 393-398; 400; 404-405; 407; 409; 416-417; 419-420; 431; 435; 438; 440; 445; 451-452; 456; 458-460; 462-463; 471-472; 474-475; 480; 491; 493; 496; 500; 503; 505; 507; 513; 520-523; 526-527; 529; 533; 536; 542; 548; 552-553; 556-562; 564-566; 568; 570-571; 574; 577; 580; 582-583; 587; 589; 594; 597; 600; 603; 606-610; 612-614; 617-619; 622; 625-628; 631-633; 635-637; 641; 644-645; 648; 650-651; 653-654; 657; 659-660; 663-664; 666-667; 670; 672; 674; 676; 678-679; 682-687; 689; 691; 693; 696; 699-700; 702-703; 705-707; 709; 711; 713; 716-719; 721-722; 724; 728; 730-731; 733; 735; 737-740; 744-746; 748-749; 751; 754; 756; 759; 764; 766-767; 769; 771; 774; 777-778; 782; 784-785; 787-788; 790-797; 799-803; 805; 808; 810-812; 814; 817; 819-821; 823; 825; 827-828; 830-835; 837-840; 842; 845-846; 848-849; 851-853; 855-857; 859-860; 862-863; 866-868; 873-877; 879-884; 889-893; 895-901; 903-904; 906; 909-910; 914-918; 920; 922-924; 927-928; 930; 933-939; 941-942; 944; 947; 950-952; 954; 956-957; 959-967; 969; 971; 973-978; 981-983; 985-988; 990-1001; 1003-1004; 1006-1009; 1011-1012; 1014; 1017-1024; 1026-1028
wta_rankings_83_99.csv,1995-07-17,1,1033,641,392,16; 42; 113; 164; 170; 176; 205-206; 217; 239; 243; 245-246; 249; 264; 267; 271; 273; 289; 298; 311; 316; 329-330; 333-334; 343; 345; 347; 363; 365; 374; 376; 378; 380; 386-388; 396; 401-405; 410; 412; 415-416; 420-421; 429; 433; 435; 446; 451; 453; 456-457; 459-460; 462; 466; 473; 475; 477; 490; 493-494; 496; 498; 500-501; 505; 509-510; 514; 518; 520; 522-523; 525; 527; 529; 533; 535; 542; 544-545; 549; 552-557; 561-564; 566-567; 573; 575; 577-578; 580; 582-584; 587; 589; 591; 594; 598-599; 602; 605-613; 616-618; 622-626; 628-630; 632-635; 640; 643; 647-651; 653-655; 658-659; 661-662; 665; 668-672; 674; 676; 678-680; 684-685; 687; 689; 691; 695-698; 700; 702; 704; 707-710; 712-714; 718; 721; 724-726; 728; 730-734; 737-738; 740; 742; 745-746; 750; 755; 758-759; 761-762; 764; 766; 768; 771-772; 775-777; 779; 781-782; 784; 787; 789-790; 793-800; 802-806; 811; 814-815; 817-818; 822-823; 825-826; 828-833; 835; 838-842; 846-847; 849-850; 853; 855-857; 859-861; 863-865; 867-868; 870-873; 878-883; 885-890; 893; 895-897; 899-900; 902-905; 907-909; 911-912; 915-916; 920-927; 929; 931-932; 934; 936-937; 940-946; 948; 951; 953-955; 957; 959-960; 962-964; 966-972; 974-975; 977-981; 983-984; 986-988; 990-1003; 1005-1006; 1008-1011; 1013-1014; 1016; 1018; 1020-1027; 1029-1032
wta_rankings_83_99.csv,1995-07-24,1,1025,639,386,16; 42; 114; 148; 164; 170-171; 176; 203; 208; 217; 231; 239; 243-244; 259-260; 265; 268; 272; 277; 309; 313; 327-329; 333-334; 336; 342; 346; 364; 371-376; 379; 386; 388; 398; 400-401; 403; 405-407; 411-414; 419-421; 438; 449; 451; 454-455; 457-458; 464; 467; 469; 472; 486; 490; 492-496; 507; 511; 513; 515; 517-519; 523; 526-527; 538-540; 542-543; 546; 548; 551; 553-557; 560-561; 563-565; 569; 571-572; 574; 576; 578-580; 582; 584; 586-588; 593; 596; 598; 601; 606-611; 613; 615; 619-622; 624; 626-629; 632-633; 636-638; 641; 645; 647-648; 650-652; 654; 656; 660-664; 666; 668-669; 671-672; 674-676; 681; 685; 687-689; 692-699; 703; 705; 707-708; 710-711; 713; 715; 718; 720-721; 724; 726; 728-733; 736-738; 741; 750-751; 754; 756-757; 759-761; 765-767; 769-771; 774; 776-777; 779; 781; 783; 785-793; 795-797; 799; 803; 805; 808-811; 813-815; 819-820; 823-824; 826-827; 832-837; 841; 843; 847-848; 850-853; 855-857; 859; 863-866; 869; 871-876; 878-886; 889; 891; 893-895; 897-898; 900; 902-905; 907-908; 910-911; 914; 917-923; 925; 927-928; 930-932; 934; 936; 938-946; 948; 950-952; 954; 956-957; 960-961; 963; 965-970; 972; 974-979; 981-982; 984-985; 987-999; 1001-1006; 1008-1010; 1012; 1014-1024
wta_rankings_83_99.csv,1995-07-31,1,1037,648,389,16; 43; 118; 142; 171-172; 184; 208; 212; 220; 240; 246-247; 256; 263; 271-272; 274; 277; 282; 308-309; 320; 322; 328; 330-331; 340-341; 343; 346; 353; 369-370; 373-375; 377; 385; 387; 391; 395-396; 402; 405-408; 417-419; 421-422; 427; 433; 435; 447; 451; 456; 458; 461; 465; 468; 471; 473-475; 477; 484; 486; 488; 496; 498; 500; 509; 511; 513; 516; 518-521; 524; 528; 538; 541-543; 545-546; 549; 552; 554-558; 560-562; 564-567; 571-572; 577; 580; 582-583; 585-590; 596; 599; 601; 605; 607; 609-611; 613-614; 617; 619; 622; 624; 626-628; 631-638; 641; 643; 645; 648-649; 651-653; 659-661; 665; 667-668; 670-671; 673-676; 684; 686-688; 693-700; 702; 704; 707; 709; 711; 713-714; 717; 719-720; 723; 725-730; 733-734; 736; 738; 749; 751; 754; 756; 758-759; 762-763; 765-767; 769; 772; 774-775; 777; 779; 782-791; 793; 795-798; 801-803; 805-806; 808-810; 814-816; 819-821; 824-825; 831-834; 837; 839; 842-844; 847-851; 853-856; 858-859; 862-865; 868-869; 872-875; 877-880; 882-886; 890; 892-894; 896-898; 900-901; 903; 905-906; 908-911; 914; 917-924; 926; 928-929; 931; 933-935; 937; 939; 941-947; 949; 951; 954-955; 957; 959; 961-963; 966-968; 970; 972; 974-979; 981-984; 986-989; 991; 993-998; 1000-1001; 1003-1008; 1010-1015; 1017-1021; 1023-1032; 1034-1036
wta_rankings_83_99.csv,1995-08-07,1,1037,655,382,16; 58; 88; 164; 173; 184; 196; 205; 213; 217; 220; 236; 241; 246; 256; 267; 272; 281; 295; 299; 322; 326; 332-333; 340; 344; 346; 350; 352; 355; 363; 367; 370-371; 376; 378; 383; 385-386; 393; 399; 402; 405-408; 410; 412; 416; 418; 420-421; 424; 429; 432; 437; 448; 452; 458-459; 461-462; 464; 470; 472; 475; 481; 485; 492; 496-497; 504; 506; 508-509; 511; 516; 518; 520-522; 525; 529; 538-539; 541-542; 548; 551-554; 556-559; 561; 563-567; 569; 572-574; 576; 581; 583; 585; 587-589; 591-592; 596; 598; 600; 602-603; 607-609; 611; 613-615; 617-619; 622; 625-627; 630-631; 633-638; 641-643; 645; 647-648; 650-651; 653; 657-658; 661-664; 667; 670; 672-673; 676; 687-689; 692; 694-697; 699-700; 703; 705-706; 708; 711; 713-714; 717-718; 720; 726; 728-730; 733-734; 736; 739; 746-747; 749; 751-753; 755-756; 758-759; 763; 765; 767-768; 770; 772-774; 777; 779-780; 782; 785-794; 796; 798-801; 805-807; 811; 813; 815; 820; 822-823; 826-828; 833; 835-839; 842; 844-845; 847; 849; 852-856; 858-859; 861-862; 865-866; 868; 871-874; 876-879; 881-884; 888; 890-894; 896-901; 904-905; 907-908; 910; 912-913; 916-921; 923-927; 929-930; 933; 935-937; 939; 941; 944-950; 952-953; 955; 958-959; 961; 963; 965-968; 970-971; 974; 976-980; 982-983; 985; 987-988; 990; 992; 994-998; 1000-1001; 1003-1008; 1010-1014; 1016-1019; 1021-1031; 1033-1036
wta_rankings_83_99.csv,1995-08-14,1,1040,659,381,16; 59; 174; 181; 184; 200; 206; 211; 225; 232; 243; 256; 261; 271; 277; 286; 298; 301; 309; 322; 325; 330; 333; 341-342; 353; 360; 370; 372-375; 385-386; 389; 394-395; 400-401; 407; 410; 413; 415; 417; 422-423; 425-426; 430-431; 433; 441; 448-449; 453-454; 458; 462-463; 468; 470; 474; 477; 481; 490; 494; 499; 501-503; 507; 509; 511; 513; 518; 524; 526-529; 531; 534; 536-537; 543; 547; 549; 554; 556-557; 560-561; 563; 565-568; 570; 572; 574; 576; 578; 580; 582; 584; 586; 588-590; 592-594; 597; 603; 606-607; 609; 611-612; 614-622; 629-632; 635; 637-641; 643; 645-647; 652-654; 660-661; 663; 665-666; 669; 672-673; 675-676; 678; 681; 685; 691; 694-695; 698-700; 702-703; 706-707; 709-710; 713; 715; 717; 721-722; 725-730; 737; 739-740; 742; 744; 748-749; 753; 756-757; 759-760; 762-765; 767; 769; 771-773; 775-776; 778-779; 782; 784; 786-787; 789; 791-792; 795-796; 798-800; 802-804; 807; 811-814; 816; 820; 822; 824; 826-828; 831; 834-839; 841-842; 844-845; 847; 849; 851; 853-854; 857-860; 862-863; 865; 867; 869-870; 872; 874; 878-882; 884-887; 889-891; 895-896; 898-900; 902-905; 907-910; 913-914; 916-917; 919; 921; 923; 925-934; 936; 939-943; 945-946; 949-950; 952; 954-956; 958-961; 963; 965; 967-968; 970-971; 973-975; 977-978; 981-987; 989; 991-994; 996; 998-1003; 1005-1007; 1009-1013; 1015-1018; 1020-1022; 1024-1025; 1027-1039
wta_rankings_83_99.csv,1995-08-21,1,1044,660,384,17; 45; 60; 175; 180; 199; 201; 204; 215; 223; 233; 243; 246; 259; 272; 276; 284; 299; 301; 309; 322-323; 328; 334; 340; 349; 358; 360; 364-365; 370; 374; 378; 386; 388; 392; 395-398; 401-402; 407; 413; 420-422; 425-426; 430; 432; 434; 447; 451; 453; 459; 462; 464; 466-467; 472; 474; 477; 480; 483; 495; 497; 499-500; 502; 504-505; 508; 513; 517; 522; 524-526; 528-529; 532-534; 537; 539-540; 545; 549; 551-552; 560-564; 567-568; 570-573; 579; 581; 583; 586; 588-592; 595; 597-599; 602; 605; 609-610; 612; 614-615; 617-624; 626-627; 635; 638; 640; 642-647; 650; 652; 654; 657-660; 664; 669; 671; 675-676; 679-680; 682-683; 686; 688; 695; 697; 700; 702-704; 706; 709-710; 712-714; 717; 719-721; 724; 727; 729-730; 732-733; 738; 740-742; 744-745; 747; 751; 754-755; 760-762; 764; 766-770; 773-774; 776-778; 780; 783; 786; 790; 792; 794-795; 797-798; 800-802; 804; 806-807; 809; 811; 813-814; 817-821; 823; 828; 830; 832; 837; 840-844; 846-847; 849-850; 852-854; 856-858; 861-866; 868-869; 871; 873-877; 879; 882-885; 887-890; 892-893; 897-898; 900-903; 905-908; 910-914; 917-919; 921; 923-924; 926; 928; 930; 932-942; 944; 947-949; 951-953; 956-957; 959; 961-962; 964-968; 970; 972; 974-975; 977; 979-980; 982-983; 985; 987-991; 993-997; 999-1000; 1002-1007; 1009-1011; 1013-1020; 1022-1025; 1027-1029; 1031; 1033-1043
wta_rankings_83_99.csv,1995-08-28,1,1051,663,388,17; 59; 177; 183; 200; 205; 211; 216; 222; 235; 242; 252; 263; 276; 278; 284; 286; 292; 301; 310; 318; 326; 331; 335; 339; 345; 362; 367-369; 380; 382; 387; 389; 393; 398-399; 401-403; 405-406; 409; 412; 414-415; 420; 424-425; 427-428; 430; 432-433; 440-441; 453; 456; 462-463; 467-468; 475; 479-482; 485; 496; 500-501; 504-505; 507-509; 517; 524-530; 533-534; 537-538; 540; 550; 552; 558; 560; 562; 564-569; 573; 577; 581; 584; 586; 588-589; 593-594; 596-598; 600-602; 605; 611; 613; 615-620; 622-625; 627; 629-630; 632; 637; 639; 641-642; 644-649; 654; 656; 658-659; 668-672; 677; 681-682; 685-687; 689-691; 694; 698-700; 704; 708-712; 715; 719-721; 723-724; 726; 731-732; 734; 736-737; 739-740; 744-747; 750; 753; 755; 758-759; 766-768; 771-774; 776; 779-780; 783; 785; 787; 789; 791-792; 794; 796-797; 799-800; 802-803; 805; 807; 811; 813-815; 818-825; 827; 832-835; 839-840; 842; 845-848; 850-851; 853-854; 856; 858-860; 864-867; 869-870; 872-873; 875-877; 879-881; 883-885; 887; 889-890; 892; 894-895; 897-899; 902; 904-905; 907-910; 912-914; 916-920; 923-925; 927-928; 930-932; 936; 938-948; 950-952; 954-956; 959-960; 962; 964-970; 972; 974; 976-979; 981; 983-985; 987-988; 990; 992-1001; 1004-1005; 1007-1013; 1015-1016; 1019-1026; 1029-1031; 1033-1036; 1038-1039; 1041-1050
wta_rankings_83_99.csv,1995-09-04,1,1040,587,453,17; 59; 77; 89; 128; 157; 163; 175; 177; 182-183; 200-201; 205; 211; 213; 216; 218; 222; 229; 235; 242; 248; 252-253; 263; 276; 278; 284; 286; 292; 295; 300-301; 310; 318; 321; 326; 329; 331; 334-336; 339; 344-345; 347; 353; 360; 362; 365; 367-369; 380; 382-384; 386-387; 389; 393; 398-399; 401-403; 405-406; 409; 412; 414-415; 418; 420; 424-425; 427-428; 430; 432-433; 436; 440-441; 443; 449-450; 453; 455-456; 462-463; 465; 467-468; 471; 475-477; 479-482; 485-486; 496; 499-501; 504-509; 517-518; 524-530; 533-535; 537-538; 540-541; 548-550; 552; 558; 560; 562; 564-569; 571; 573; 576-577; 580-581; 583-584; 586; 588-589; 593-602; 605; 608-609; 611; 613-620; 622-625; 627; 629-630; 632; 637; 639; 641-642; 644-649; 654; 656; 658-659; 664; 668-672; 674; 676-677; 681-682; 685-687; 689-691; 694; 697-700; 704; 708-712; 715; 719-721; 723-724; 726; 728; 731-732; 734; 736-737; 739-740; 742; 744-747; 749-751; 753; 755; 758-759; 766-768; 771-774; 776-777; 779-780; 783; 785; 787; 789; 791-792; 794; 796-797; 799-800; 802-803; 805; 807; 811; 813-815; 818-825; 827-828; 832-835; 839-840; 842-843; 845-848; 850-854; 856; 858-860; 864-870; 872-881; 883-885; 887; 889-895; 897-900; 902; 904-905; 907-910; 912-914; 916-920; 923-925; 927-928; 930-933; 936; 938-948; 950-952; 954-956; 959-960; 962; 964-970; 972; 974; 976-979; 981; 983-985; 987-988; 990; 992-1002; 1004-1005; 1007-1013; 1015-1016; 1019-1026; 1029-1031; 1033-1039
wta_rankings_83_99.csv,1995-09-11,1,1054,678,376,18; 58; 125; 191; 202; 208; 211-212; 222; 236; 247; 257; 263; 268; 271; 277; 280; 287; 290; 298; 311; 325-326; 335; 351; 353; 359; 363; 368; 373; 378; 385; 388; 395; 398-400; 402-403; 405; 410-412; 414-415; 421; 424; 427; 436-437; 440; 446-447; 453; 460; 465-466; 468; 474; 477; 481; 487; 491-492; 496; 498; 500; 502; 506-507; 509; 511; 518-521; 523-525; 529; 533-534; 537-538; 547; 556; 558; 561-562; 564; 566; 568; 571-572; 574-575; 580; 582; 589-591; 593; 596-597; 599-600; 604-605; 607; 609-611; 613-615; 618; 620; 622-630; 632-633; 640; 643-645; 649; 651-652; 656; 658; 660; 663-664; 669; 672-673; 675; 677-680; 682-683; 685-687; 691-693; 696; 702; 704; 707; 709-710; 712-714; 716-717; 721; 723-725; 727; 733; 737-738; 740-743; 745-748; 750; 760-761; 764; 767-768; 771; 773-775; 778; 780; 783; 789; 791-793; 795-796; 798-799; 801; 803-804; 809-811; 813-814; 816-821; 823-824; 827; 829-831; 834; 838; 840; 842; 845-849; 851; 853-854; 859; 861-862; 866-869; 871-872; 874-877; 879; 882-885; 887-888; 890-891; 893-894; 896-898; 900; 902-903; 905-907; 910-912; 914-917; 919; 921-922; 924; 926-927; 929-930; 934-935; 937-951; 953-958; 960-961; 963-964; 967-971; 973-974; 976; 978-983; 985-986; 989-991; 993-995; 998-1008; 1010; 1013-1014; 1016-1020; 1022; 1025-1027; 1029; 1031; 1033-1036; 1038-1040; 1042; 1044-1053
wta_rankings_83_99.csv,1995-09-18,1,1056,679,377,18; 58; 132; 152; 176; 200; 213; 215; 221; 225; 242; 248; 261-262; 273; 276; 280; 282; 288; 291; 301; 310; 326-327; 329; 339; 352; 356; 359-360; 365; 369; 375; 382; 384; 391; 397-399; 402-403; 405-406; 408; 410-412; 416; 418-419; 424; 434; 437-438; 441; 445; 450; 459; 467-468; 470; 479; 481; 484; 489-490; 493; 502; 504; 506; 508-509; 512; 515; 522-523; 525; 527-531; 537-538; 540-541; 555; 557-559; 561; 563-564; 567-569; 571; 574-575; 578; 583; 588; 590; 592; 595-596; 598; 601-603; 607; 609-610; 612-613; 616; 618; 620-621; 623-630; 632; 638; 645; 647; 649-650; 654; 656-657; 662-663; 669-671; 673-679; 681; 684-686; 690; 692-693; 698-699; 701-705; 709-711; 713; 715; 720-721; 724-725; 728; 730; 732; 735-736; 738-740; 742; 746-748; 750-751; 754; 758-760; 764; 767-768; 771-774; 776-778; 781; 784; 790; 793; 795-796; 798-802; 804-806; 809-812; 815; 817-819; 821-823; 825; 829-830; 832; 834; 838-839; 841; 845-851; 853; 855; 857-858; 860-861; 866-867; 870-871; 873; 875; 878; 881-883; 885; 887; 889-891; 893-894; 896-897; 899; 902; 904-905; 908-910; 912-916; 918; 920; 922-923; 925; 928-929; 931-935; 937-941; 944; 946-950; 952-953; 956-957; 959-965; 967-968; 970-971; 973-975; 977-979; 981-982; 984-987; 989-995; 997-1004; 1007; 1009; 1011-1012; 1014-1019; 1021-1022; 1025-1031; 1033; 1035-1038; 1040-1041; 1045-1052; 1054-1055
wta_rankings_83_99.csv,1995-09-25,1,1063,679,384,17; 56; 132; 154; 202; 218-219; 226; 230-231; 245; 255; 266; 268; 276; 280; 283; 288-289; 291; 297; 308; 318; 325; 335; 338; 344; 346; 348; 358; 382; 394-395; 397-398; 404-407; 412; 415-418; 420-421; 423; 430; 435; 444-448; 451-452; 457; 465; 467; 470; 473; 480; 482-483; 485-486; 497-498; 505-506; 509-510; 515-517; 520; 524; 527; 531-534; 538; 541-542; 545-546; 550-551; 560; 562; 565-566; 569-570; 574-575; 579; 583; 585; 592-595; 598-603; 605-607; 609; 613; 615; 617; 619; 621; 624-627; 630; 632-635; 637; 642-644; 646; 648; 650-651; 658; 660-661; 667-671; 673; 676; 678; 680-681; 684-687; 689; 691-692; 695; 698; 701; 703-705; 711-713; 716-719; 721-722; 727; 729; 732-733; 736; 741; 744; 746; 748-751; 754; 757; 759; 761-762; 764-769; 771; 773-774; 776-778; 780-781; 784; 787; 791; 796; 799; 801-804; 807-808; 813-815; 817; 819-821; 823-826; 828-833; 835; 837-839; 846-847; 849; 851; 853-855; 857-858; 860; 862; 864; 866-868; 870; 872; 874-876; 879; 882-883; 885; 889; 891-892; 895-896; 898-899; 901-903; 905; 907-908; 910-913; 915-918; 920-923; 926-931; 933; 935; 937-941; 943-946; 948-950; 954-955; 957-958; 961; 963-970; 972-973; 975-978; 980; 982-984; 986-987; 990-992; 994-998; 1000-1009; 1012-1013; 1015; 1017; 1019-1025; 1028-1029; 1032-1038; 1040; 1042-1044; 1046-1047; 1050-1058; 1060-1062
wta_rankings_83_99.csv,1995-10-02,1,1064,683,381,17; 57; 131; 156; 204; 220-222; 236; 249; 258; 260; 263; 272-273; 281; 285; 287; 289; 291; 293; 301; 312; 320; 330; 338; 341; 345; 349; 356-357; 362; 373; 377; 386; 391; 397; 400; 404; 406; 408-413; 418; 423-424; 426-428; 432; 437; 444-445; 448; 450-451; 457-458; 468; 471; 474; 479-480; 482-484; 496; 500; 505-507; 511-513; 519; 528; 530; 532-534; 539-540; 542-543; 548-549; 560-561; 563; 565-566; 568-571; 574; 579; 582; 585; 587; 591; 595-598; 602-603; 606-609; 612-613; 616-618; 620; 625-628; 631-634; 636-639; 641; 644-646; 648; 652; 654; 658; 661-662; 669-671; 676-678; 680; 682; 685-687; 689; 691; 693-695; 698-699; 701; 704-706; 712-713; 715-720; 723-724; 727; 729-731; 735; 742-743; 745-746; 749-750; 753; 756-758; 760; 763-765; 767-772; 775-776; 778-779; 781-782; 786; 791; 794; 796; 800; 803; 805-807; 810; 812; 814; 820; 822-823; 827-829; 831-834; 836-842; 844; 846-849; 853; 857; 859-860; 862; 865-871; 873; 875; 877-879; 885; 889; 891; 893; 896; 898-900; 902-904; 906; 908-910; 913-914; 916-920; 922-924; 927-930; 934; 936-938; 940; 942-943; 945-954; 957-959; 961-962; 964; 966; 968-970; 972-973; 975-978; 980; 982-985; 987-988; 991-992; 994-1000; 1002-1011; 1014; 1016; 1018; 1020-1026; 1028-1029; 1032-1036; 1038; 1040-1042; 1044-1045; 1048-1057; 1059-1061; 1063
wta_rankings_83_99.csv,1995-10-09,1,1065,682,383,17; 58; 155; 203; 219-220; 248; 255; 260; 265; 273; 279; 281; 284; 288; 293; 297-298; 306; 311; 317; 320; 328; 330; 332; 338; 342; 352; 356; 367-368; 382; 386; 388; 393; 398; 401-403; 406; 408; 412-416; 422; 424; 428; 430; 435; 439; 450; 453-454; 457; 460; 467; 471-473; 475; 477; 480; 484-486; 500-501; 504-505; 510; 513-515; 518; 522-523; 532; 534-537; 540-547; 555; 568; 570; 572-573; 575; 577-578; 580; 583-585; 588; 593; 595; 597-598; 600; 603-604; 607-610; 614; 617-619; 622; 627; 629-635; 637; 639; 643; 645; 648; 657; 659; 662-666; 668-670; 673-675; 678; 680-681; 683; 686-687; 691-692; 694; 697; 699; 701; 703-704; 706; 711-713; 716-717; 719-720; 723; 726-730; 736-737; 739; 741; 743-744; 748; 755-757; 759-761; 763-765; 767-768; 770; 772-774; 776; 779; 782-783; 786; 790; 793; 795-796; 800; 802-803; 806; 808-810; 813-814; 816-817; 822-825; 828-830; 832-835; 838-841; 843-845; 848; 850-851; 856; 858-859; 861-864; 867; 869; 871-875; 877-878; 880; 882-883; 885; 889; 891; 893-894; 896; 899; 901; 903-905; 907; 911-915; 918-919; 921-925; 927-929; 932-934; 938; 940; 942-943; 945-946; 948-953; 955-956; 958-959; 961-962; 964-966; 968-970; 972; 974-979; 981-983; 985-988; 990-991; 994-1005; 1007-1012; 1015-1016; 1018; 1021-1026; 1028-1029; 1031-1036; 1038; 1040-1042; 1044-1047; 1050-1057; 1059-1064
wta_rankings_83_99.csv,1995-10-16,1,1062,674,388,17; 58-59; 158; 201; 218; 237; 248; 256; 262; 266; 268; 275; 280; 283; 288-289; 294; 298-299; 307; 313; 316; 318; 327; 330; 337; 340; 348; 354; 361-363; 372; 375-377; 380; 383; 387; 391; 398; 401; 405; 408-410; 415; 417-418; 420; 423; 433; 443; 447; 449-450; 453; 456-457; 459; 466-467; 469; 471; 475; 479-480; 483-484; 488; 497-498; 501-502; 504-506; 512-513; 515; 517; 522; 525; 527-528; 531; 536-537; 542-544; 546; 548; 550; 553; 558-559; 563; 573-576; 578; 580-582; 584; 588; 592-595; 597-598; 601; 604-607; 614; 620-622; 624-627; 630-631; 633-636; 639; 641-643; 647; 653-655; 657; 660-662; 666-667; 670-672; 677; 680-682; 684; 687-688; 691-692; 695; 697; 700-701; 707; 709; 711-712; 714-716; 720; 722-724; 731; 734-736; 738-739; 743-744; 749; 751-752; 754; 756; 758-762; 764; 766; 768-769; 771; 773-774; 777; 779-780; 783; 785; 788-789; 793-794; 799; 801-803; 806-808; 810-812; 814; 816; 818-821; 823-824; 827; 829-831; 833-837; 840-844; 847; 849; 851; 855; 857-858; 860-861; 864; 866-872; 874; 876-877; 884-885; 888-890; 892; 894; 896-898; 901; 906-909; 911-913; 915; 917-918; 920-924; 926-929; 932-934; 938-940; 942; 944-950; 952-955; 957; 959-963; 965-967; 970; 972-976; 978-979; 981-986; 988-992; 994-995; 998-1001; 1003-1006; 1008-1011; 1014-1015; 1017-1018; 1020-1027; 1029-1030; 1032-1037; 1039; 1041; 1043; 1045-1050; 1053-1061
wta_rankings_83_99.csv,1995-10-23,1,1063,676,387,17; 36; 59; 158; 202; 219; 224; 246; 257; 263; 268; 274; 277; 281; 286; 288-289; 291; 296-297; 300; 305; 308; 310; 317; 319; 325; 327; 336; 341; 346; 364-365; 370; 374; 377-378; 380; 382-383; 388; 395; 399; 402; 406; 409-410; 412-413; 417-418; 424; 426; 433; 436-437; 441; 445; 452-453; 455; 457; 461; 465; 467-468; 470; 474; 481-483; 494-496; 498-499; 501-503; 505-507; 515; 518-519; 523; 528; 530; 534; 537-538; 542; 544-545; 548-549; 551; 553; 560-561; 569-570; 572; 575; 578; 581; 583-584; 587-588; 591-592; 595-596; 599-602; 604; 606; 609; 612; 614-615; 622; 630; 632-635; 639; 641-645; 649-650; 653; 658; 661; 667-668; 670-671; 673-674; 677; 679; 681-682; 684-685; 688; 691-693; 697-698; 705-706; 709; 712; 716; 719-722; 725; 727; 729-730; 734-735; 737; 739-742; 744; 746; 749; 753-754; 756; 759; 762; 764; 766-773; 775; 777-778; 781-783; 785; 787; 790; 792; 795-796; 800; 803-805; 807-808; 810-813; 815-817; 819-825; 828-829; 831; 833-834; 836-837; 840-844; 847; 850; 855; 859-860; 862; 865; 867-872; 874-875; 877-878; 882; 885-886; 890; 892; 894-895; 897-899; 904-907; 909-910; 912; 914; 916-921; 923-924; 926; 928-931; 933; 937-939; 941; 943; 945-953; 955-958; 960-961; 963-967; 969-971; 975; 977-980; 982; 984-987; 989-992; 994; 996-999; 1001-1009; 1012-1013; 1015; 1017-1023; 1025-1027; 1029-1035; 1037-1038; 1040-1045; 1048-1055; 1057-1062
wta_rankings_83_99.csv,1995-10-30,1,1068,678,390,16; 36; 58; 155; 201; 225; 246; 249; 259; 262; 267; 273; 280; 289; 293; 301; 303; 310; 312; 327-328; 338; 343; 352; 354-356; 359; 367; 372; 375; 378-380; 390; 393-394; 397; 400; 405; 408-409; 411; 414-415; 419; 424; 426; 432; 434; 448-450; 453-454; 461; 463; 467; 469; 474; 477; 479; 485; 487-488; 491; 494; 497-498; 501; 503-505; 511; 513; 515-517; 522; 526; 528; 531; 533; 538; 540; 545; 548-549; 552; 554; 558; 565; 568-569; 572; 575; 578; 581; 584-587; 589-590; 592-593; 595-598; 600-602; 607; 609; 613; 615-616; 622-623; 625; 629; 632; 634-637; 641; 643; 645-647; 651-652; 656; 664; 667; 669; 672; 675; 680-684; 686; 688; 691-692; 694; 696; 698; 703; 708; 711; 713; 715; 717; 720-722; 724-727; 732-733; 735-737; 739-741; 744-746; 748; 752-753; 755; 758; 760; 762-768; 770; 772; 774-775; 778-779; 781-784; 787; 789; 791-792; 795-796; 798-799; 802; 805-806; 808-811; 814-818; 820-831; 833-834; 837; 840-841; 843-845; 847; 849; 852; 855; 858; 860; 862; 864; 866-868; 870; 873; 875-876; 880; 883; 885; 887; 889; 891; 893-894; 896; 898-902; 905; 908-910; 912; 914; 916-918; 920-921; 923-925; 927; 929-932; 935-939; 941; 943-946; 948-955; 957-960; 962-963; 965-969; 971-973; 977; 980-983; 985; 987-991; 993-996; 998; 1000-1008; 1011-1017; 1020-1021; 1023; 1025-1031; 1033-1040; 1042-1043; 1045-1048; 1050; 1053-1060; 1062-1067
wta_rankings_83_99.csv,1995-11-06,1,1064,685,379,16; 34; 62; 145; 168; 226; 243; 250; 259; 278; 283-284; 292; 297; 299; 301; 305; 309-310; 326; 328; 332; 334; 345; 348; 353; 360; 367; 375; 378; 382-383; 389-391; 396; 398-399; 403; 409; 413; 415-416; 420; 424; 427; 429; 435-436; 443; 450; 452; 454; 458; 461; 463; 466; 468; 471; 479; 485; 488; 491; 493; 497-498; 501; 503-505; 509; 512; 514; 518; 524; 529-531; 535-536; 544; 546; 548-550; 552-553; 555; 558; 565; 569; 574; 576-577; 579-580; 582; 587-588; 591; 593-598; 602; 607; 612; 614-615; 617; 622-624; 626; 631; 633-635; 637-639; 642; 644-646; 652-653; 656; 664; 666; 670-671; 674; 676-677; 681-683; 685; 687; 689-690; 693; 696; 700; 706; 709; 711; 714-715; 717-718; 722; 724-726; 729; 733; 735-739; 742; 746; 748; 752; 754; 756-757; 759-765; 767; 770-771; 773; 775-776; 778-782; 784; 786; 789; 791-792; 795-796; 798; 801; 804-805; 807-809; 811-813; 815-816; 818-821; 823-829; 831-833; 836; 838; 840; 843-844; 846-847; 851; 854; 858; 860; 862; 864-869; 871; 873; 875-876; 878; 880-881; 883; 885-886; 889; 892-893; 895-896; 898-901; 903; 905-906; 910-911; 913; 915-916; 918-919; 921; 923-925; 927; 929-934; 937-940; 942; 944; 946-947; 949-950; 952-958; 960-962; 964-972; 974-976; 978; 980; 982; 984-987; 989-990; 992-997; 999-1003; 1005; 1007-1012; 1015-1020; 1023-1024; 1026; 1028-1035; 1037-1040; 1042-1047; 1049-1050; 1052-1055; 1058-1063
wta_rankings_83_99.csv,1995-11-13,1,1071,692,379,17; 62; 148; 186; 227; 243; 249; 259; 277; 280; 285; 288; 293; 299; 302; 304; 308; 311-312; 329; 332; 335; 337; 350; 354; 359; 363; 368; 376; 380; 382; 384; 388-389; 391-393; 398-399; 402-403; 409; 417; 419-420; 423-424; 430; 435; 438; 453; 458; 461-462; 464; 469; 480-481; 485-486; 488; 493; 496; 500; 503; 505; 507; 509-510; 513; 521; 524; 529-530; 533; 535-536; 540; 544; 546-548; 550-553; 559; 563; 567; 572; 574; 576; 580-581; 586-587; 591; 593-594; 597-600; 603-605; 610; 615; 617; 620-621; 626-627; 629; 632; 634-636; 639-640; 642; 645; 647-650; 656-657; 660; 662-663; 669; 671; 673; 679-681; 683; 688-690; 692; 695-696; 698-699; 704; 708; 711; 713; 715; 717; 719; 723; 725; 727-728; 730-734; 737; 741-742; 744; 746-747; 752; 754; 756; 758-759; 761; 763-765; 767-771; 773; 777-778; 781-786; 795; 800-801; 803; 805-810; 813-815; 817; 819; 821-823; 825-826; 828; 830-835; 840-842; 844; 846-850; 854; 858; 862; 864; 866-868; 870; 872-874; 876; 878; 880; 882; 884; 886; 889; 892; 896-897; 899; 901-903; 905-907; 909; 911; 913; 915-916; 918; 920; 922-925; 927; 929; 931-932; 934; 936-943; 945; 947-949; 951-952; 954-956; 958-966; 968; 970; 972-978; 980; 982-984; 986; 988-989; 991-994; 996-1000; 1002-1006; 1008-1010; 1012-1018; 1020-1024; 1027-1028; 1030; 1032-1040; 1042-1051; 1053-1054; 1056-1060; 1063-1070
wta_rankings_83_99.csv,1995-11-20,1,1082,699,383,17; 62; 148; 188; 244; 249; 259; 275; 277; 284; 289; 291; 298; 300; 302; 305; 308; 311; 326; 333; 335; 339; 352; 354; 358-359; 364; 369; 372-373; 376; 384-385; 388; 390; 396; 399; 403-404; 408-409; 415; 417-418; 422-423; 436; 438; 443-444; 458; 460; 462; 470; 478-479; 481; 485-486; 488; 493-494; 498; 502; 504; 506; 508; 510; 512; 519; 524-525; 528-530; 538; 545; 548-551; 553-555; 558; 560; 562; 572-573; 579-581; 584-586; 591-592; 595-596; 598-599; 603-604; 607; 609; 615-616; 622-624; 626; 628-629; 633; 635-636; 638; 641-642; 645; 647-650; 655-656; 659-660; 666; 668; 671; 674; 678; 680; 682; 689-692; 694; 696; 698-699; 703; 706; 708; 710-712; 717; 719; 722; 724; 726-727; 729-732; 735; 738-739; 741-742; 744; 746; 749; 751; 753-754; 756-757; 761-763; 765-769; 771; 776-777; 779-784; 792; 794; 797-798; 800-802; 805-806; 809; 812; 814-815; 817; 819-822; 824-827; 829-832; 836-838; 841; 844-846; 848-850; 853; 856; 859; 861-862; 864; 866-869; 871; 873; 875; 877; 879; 885; 887; 892-894; 896; 899-901; 903-905; 907; 909; 911; 914-915; 917; 919; 921-923; 925-927; 929-934; 936; 938-942; 944-945; 947; 949-950; 952-953; 955; 958-964; 966-970; 972-973; 975-979; 981; 983-985; 988; 990-991; 993-995; 998-1003; 1005-1010; 1012-1015; 1017-1023; 1025-1027; 1030-1031; 1033; 1035-1045; 1047-1057; 1059-1060; 1062-1065; 1067; 1070-1074; 1076-1081
wta_rankings_83_99.csv,1995-11-27,1,1088,699,389,17; 62; 147; 191; 245; 248; 251; 263; 279; 281; 293; 299; 301-302; 306; 308; 312; 316; 330; 332; 334; 340; 355; 357; 362; 366; 369; 375; 377; 385; 387; 390; 395-397; 402; 405-406; 410; 412; 417-419; 423-424; 431; 443; 449; 456; 460; 462; 470; 478; 480; 484; 487-489; 495-496; 504-505; 507; 509; 511-512; 514; 522; 524; 528; 530-531; 533; 538-539; 542; 544; 546-548; 550-551; 553; 555; 562; 574; 576-577; 581-584; 587-589; 591; 595-596; 598; 600-601; 603; 605-606; 611-613; 618; 621-622; 630; 632-633; 635; 637-638; 643-644; 646; 648; 650-653; 656-657; 660-661; 667; 670; 673; 677; 682; 684; 686; 692-696; 698; 700-702; 707; 710; 713; 715-716; 718-719; 726; 728-729; 731-733; 735-737; 739-740; 743; 746-747; 749-750; 752-753; 757-758; 760; 762-764; 766-768; 770; 774-775; 777-778; 781; 786; 789; 791-796; 800; 804-805; 807-808; 811-813; 816-817; 820-823; 826-828; 831-836; 839; 841-843; 845; 847-850; 852-854; 857; 860; 862; 864-865; 868-870; 872-877; 879-881; 883; 885; 888-890; 897; 901-905; 909-912; 915; 917; 920-922; 925-929; 931; 933-936; 938; 940-943; 945-946; 948-949; 951; 953-955; 957; 960-967; 969-972; 974-975; 977-984; 987; 989-991; 993; 995-996; 998-999; 1001-1005; 1007-1010; 1012-1016; 1018; 1020-1021; 1023-1027; 1029-1031; 1034-1037; 1039-1050; 1053-1063; 1066-1067; 1069-1071; 1073; 1075-1078; 1080-1087
wta_rankings_83_99.csv,1995-12-04,1,1096,706,390,17; 62; 148; 190; 244; 247; 250; 262; 279; 282; 289; 295; 299; 302-303; 307; 309; 315; 322; 329-330; 332; 338; 358; 360; 365; 367; 370; 375; 377; 386; 389; 391; 393; 398-399; 402; 404; 407; 411; 415-418; 422; 424; 432; 450; 459; 462; 464; 471; 481; 486-489; 497-498; 507-508; 510; 513-514; 523; 525; 527; 529-531; 533; 536; 539; 541; 543; 545-547; 550-551; 554; 556; 560; 562-563; 574; 577; 581-584; 588-589; 591-592; 595; 597; 601-602; 604-606; 610; 612; 620; 626; 628-631; 635-636; 642-643; 646; 649; 651-652; 654; 656-657; 660-661; 663; 666; 668; 671; 673; 677; 680-683; 686; 688; 695-699; 701; 703-704; 709; 711; 714; 716-720; 722; 724; 726; 730; 732; 736; 738; 740-741; 743-746; 748-749; 751-752; 755; 761-762; 764; 766; 768-769; 771; 774-775; 777-778; 780-782; 784; 786-787; 790-794; 796; 800-802; 807-808; 810; 812-814; 817-818; 823-826; 829-830; 832-838; 841; 843-846; 849-850; 852; 856-857; 859; 861; 864-867; 870-873; 875; 877-879; 881-882; 884; 886-887; 891-892; 899; 901; 903; 906-907; 911-914; 916; 918-919; 922-924; 926; 928-933; 935-936; 938-940; 942; 944-947; 949-950; 952-953; 955; 957-959; 961-962; 965-970; 972; 974-977; 979; 982-988; 991; 993-996; 998; 1000-1001; 1003-1005; 1007-1009; 1011-1013; 1015-1020; 1022; 1024-1025; 1027-1032; 1034-1036; 1038; 1041-1044; 1046-1057; 1060-1065; 1067-1070; 1073-1079; 1082-1087; 1089-1095
wta_rankings_83_99.csv,1995-12-11,1,1099,701,398,17; 63; 148; 174; 189; 207; 244; 248; 251; 265; 282; 290; 297; 302; 304-306; 310; 313; 322; 328; 332-333; 335; 360; 362; 364; 366; 369; 378; 381; 388; 390; 392; 398-399; 403-404; 406-407; 411; 413; 418-420; 423-424; 432; 449; 456; 461; 463; 469; 476; 478; 488-489; 492; 497-498; 503; 508-509; 512; 519; 522; 524; 526-529; 531-532; 535; 544-546; 550; 553; 555-556; 558; 560; 569-571; 573; 579-580; 582; 584; 586-588; 590; 596; 598; 601; 603-604; 606-607; 610; 612; 614; 620; 628; 630-631; 634-635; 639; 643-645; 649-653; 656-657; 661-662; 666; 669-670; 673; 676; 678; 680-681; 684; 687; 689; 694; 696-698; 700-701; 703-704; 706; 711; 713; 715; 717-719; 721; 723; 725-726; 728; 730; 732; 735; 737-738; 740; 742; 744; 746; 749-750; 752-754; 756; 760; 762-765; 767-769; 771; 775-781; 783; 785-786; 789-792; 795; 800-802; 807-808; 810; 812-815; 818-819; 824; 826-829; 833-834; 836-840; 842; 844; 846-848; 851-855; 858-859; 861-863; 865; 867-870; 873-876; 878-881; 883-884; 886-888; 890-891; 893; 897-898; 901; 906-907; 909-910; 912-914; 918-920; 922; 924-925; 927-929; 931; 934-937; 939; 941-943; 946-949; 951-953; 955-956; 958-961; 963-964; 966-969; 971; 973-976; 979-985; 989; 991-994; 996-998; 1000-1001; 1003-1004; 1006; 1008-1010; 1012-1014; 1016-1019; 1021-1022; 1024-1025; 1027-1031; 1033-1035; 1037; 1040; 1042-1044; 1046-1058; 1061-1066; 1068-1071; 1074-1080; 1083-1089; 1091-1098
wta_rankings_83_99.csv,1995-12-18,1,1102,703,399,17; 63; 96; 149; 174; 188; 246; 250; 254; 267; 286; 291; 298; 304; 306-307; 309; 314; 320; 325; 331; 333; 338; 348; 351; 360; 362; 367-368; 370-371; 381; 391; 393; 396; 400-401; 405; 407; 410; 417; 419; 422; 424; 426-428; 432; 449; 458; 460; 465; 467; 471; 473; 479; 481; 485; 491-492; 500; 506; 511-512; 514; 521; 524; 526; 528; 530; 532-533; 535; 537; 540; 542; 544-546; 550; 552-553; 557-558; 560; 563; 569-571; 573; 579-580; 583-587; 595; 597; 601; 605-607; 611; 614-615; 617; 627; 629; 632-635; 641-643; 647; 649-650; 652; 655-656; 660-662; 666; 669; 672-673; 676; 679; 681-682; 686-687; 690; 695; 700-705; 707-709; 711; 717; 719-720; 722; 724; 726-728; 730-731; 733; 737; 739; 742-745; 747; 749; 751-753; 756-757; 761-763; 766-769; 771-772; 775-776; 781-785; 787; 789; 791-793; 795-796; 799; 803-805; 810-812; 814; 816; 820-821; 827-828; 830-832; 835-837; 839-843; 846; 848-851; 854-858; 861-862; 865-867; 869; 871-874; 877-879; 881; 883-884; 886-889; 891; 893-894; 898-899; 901-902; 904-905; 909-910; 913-914; 916-917; 919; 922-925; 927-928; 930-931; 934-936; 938; 940-943; 945; 947-949; 952-954; 956-957; 959-960; 962-964; 966; 968-972; 974-975; 977-980; 982-985; 989-990; 992-995; 997-998; 1000-1001; 1003-1004; 1006-1007; 1009-1014; 1016-1018; 1020-1023; 1025-1026; 1028-1029; 1031-1035; 1037-1041; 1044; 1046-1049; 1051-1062; 1065-1070; 1072-1075; 1077-1080; 1082-1083; 1086-1090; 1092-1101
wta_rankings_83_99.csv,1995-12-25,1,1092,707,385,17; 63; 96; 150; 174; 189; 248; 253; 256; 265; 288; 297; 303; 309; 311-312; 314; 317; 326; 335; 337; 341; 353; 355; 363; 365; 373; 375-376; 381; 385; 396-397; 400; 406; 411-413; 416; 418; 420; 423; 426; 428-430; 438; 450; 464; 467; 473; 475-476; 478; 483; 485; 494-495; 504; 510; 517; 519; 525; 527; 529; 531; 533-534; 537-538; 540-541; 545-548; 553; 555-556; 560-562; 566; 572-573; 575-576; 578; 583-584; 586-589; 592; 598; 601; 604; 607; 609-611; 614; 618; 625; 629; 633; 635; 638-640; 644-645; 647-648; 650-652; 654; 659-660; 665-666; 672; 674; 678; 681; 683; 686-688; 693; 695; 699; 703-709; 711; 713; 715; 717; 722; 724; 727; 729; 731-733; 735-737; 741; 743; 746-748; 750-752; 754-756; 759-760; 762-763; 767-768; 770-772; 774; 776; 779; 781; 785-790; 792; 794; 796; 798; 800-801; 803; 805; 809-811; 816-818; 820; 822; 824; 828-829; 834-835; 837-840; 842; 844-845; 847-848; 851-853; 855; 858-861; 864-867; 869-870; 874-877; 879; 881-883; 885-887; 889; 891-892; 894-895; 897; 899-900; 903; 906-907; 909; 911-912; 915; 917; 919-920; 922-923; 926-928; 930; 932-934; 936-938; 940; 942-946; 948; 950-953; 956-958; 960-961; 963-965; 967-969; 971; 973-977; 979-980; 982-985; 987-990; 993-995; 997-1000; 1002-1003; 1005; 1007-1008; 1010-1011; 1013-1016; 1018-1020; 1022-1024; 1026-1027; 1029-1030; 1032-1037; 1039-1044; 1047; 1049-1052; 1054-1064; 1067-1072; 1074-1077; 1079-1084; 1087-1091
wta_rankings_83_99.csv,1996-01-01,1,1092,707,385,17; 60; 90; 162; 169; 202; 236; 240; 264; 274; 277; 279; 295; 311; 319; 322-323; 325-326; 328; 331-332; 334; 348; 361; 364-365; 369; 383; 390; 396; 398; 404; 406-407; 411-412; 415; 417; 420; 425; 431; 436-437; 439-440; 449; 452; 456-457; 463; 474-475; 485; 491; 494; 496-497; 501; 503; 507-508; 513; 517; 519; 521; 527-528; 530; 542; 545; 548; 552; 555-558; 560; 562; 564-565; 571; 573-578; 580; 586-589; 591; 593; 595-597; 607; 609; 613-615; 618; 621-622; 626; 631; 635; 639-640; 642; 645-647; 653; 655-656; 658; 661; 667; 671-672; 678; 680; 684; 687; 689; 691-692; 694-695; 698; 700; 704; 706; 708-714; 716; 718; 720; 725-726; 728; 731; 733; 735-737; 739-741; 745; 747; 749-751; 753-754; 756; 758-759; 761-762; 764; 768-769; 771-773; 775; 777; 780; 782; 786-791; 793-794; 796; 798; 800-801; 803; 806; 810-812; 817-819; 821; 823; 825; 828-829; 834-835; 837-840; 842; 844-845; 847-848; 851-853; 855; 858-861; 864-867; 869-870; 874-877; 879; 881-883; 885-887; 889; 891-892; 894-895; 897; 899-900; 903; 906-907; 909; 911-912; 915; 917; 919-920; 922-923; 926-928; 930; 932-934; 936-938; 940; 942-946; 948; 950-953; 956-958; 960-961; 963-965; 967-969; 971; 973-977; 979-980; 982-985; 987-990; 993-995; 997-1000; 1002-1003; 1005; 1007-1008; 1010-1011; 1013-1016; 1018-1020; 1022-1024; 1026-1027; 1029-1030; 1032-1037; 1039-1044; 1047; 1049-1052; 1054-1064; 1067-1072; 1074-1077; 1079-1084; 1087-1091
wta_rankings_83_99.csv,1996-01-08,1,1089,706,383,17; 58; 162; 202; 233; 237; 262; 273; 275; 277; 293; 309; 316; 319-320; 322; 324; 328-329; 331; 348; 358; 361-362; 367; 381; 389; 394; 396; 402; 404-405; 409-410; 413; 417; 422; 428-429; 434; 436-437; 445; 447; 450; 455-456; 471-472; 481; 487; 490; 492-493; 497; 499; 503-504; 509; 513; 515; 517; 521; 525-526; 528; 537; 540; 545; 549; 552-555; 557; 559; 561-562; 568; 570-575; 577; 583-586; 588; 590-591; 593-594; 604; 606; 610-612; 615-616; 619-620; 624; 629; 633; 637-638; 640; 643-645; 651; 653-654; 656; 659; 664; 668-669; 674; 676; 680; 683; 685; 687-688; 690; 693; 695; 699; 701; 704-710; 712; 714; 716; 721-722; 724; 727; 729-730; 732-734; 737-739; 743; 745; 747; 749-750; 752-753; 755; 757-758; 760; 762; 766-767; 769-771; 773; 775; 778; 780; 784-791; 793; 795; 797-798; 800; 803-804; 808-810; 815-817; 819; 821-822; 825-826; 831-832; 834-837; 839; 841-842; 844-845; 848-849; 851; 854-857; 860-863; 865-866; 870-873; 875; 877-879; 881-883; 885; 887-888; 890-891; 893-894; 896; 899; 902-903; 905; 907-908; 911; 913; 915-916; 918-919; 922-925; 927; 929-931; 933-936; 938-942; 944; 946-949; 952-954; 956-957; 959-961; 963-965; 967; 969-973; 975-976; 978-981; 983-986; 989-991; 993-996; 998-999; 1001; 1003-1004; 1006-1007; 1009-1012; 1014-1016; 1018-1020; 1022-1023; 1026-1027; 1029-1034; 1036-1041; 1044; 1046-1049; 1051-1061; 1064-1069; 1071-1074; 1076-1081; 1084-1088
wta_rankings_83_99.csv,1996-01-15,1,1087,704,383,17; 62; 160; 200; 232; 261; 272; 274; 277; 291; 308; 311; 315; 318-320; 322; 326-327; 344; 354; 357-358; 363; 378; 387; 390; 393; 395; 401-402; 406-407; 411; 415; 421; 428-429; 433-435; 444; 446; 451-452; 467-469; 481; 487; 489-490; 493; 496; 500-501; 509; 511-512; 514; 518; 521-522; 524; 534; 537-538; 543; 547; 550-552; 554-555; 557; 559-560; 566; 568-572; 574; 580-583; 585-586; 588-589; 591-592; 602; 604; 608-610; 613-614; 617-618; 622; 627; 631; 635-636; 638; 641-643; 649-651; 653; 656; 662; 666-667; 671; 676; 680; 682; 684-685; 687; 690; 692; 696; 699-705; 707; 709; 711; 716-717; 719-720; 723; 725-726; 728-730; 733-735; 739; 741; 744; 746-747; 749-750; 752; 754-755; 757; 759; 763-764; 766-768; 770; 772; 775; 777; 781-788; 791; 793-794; 798; 801-804; 809-811; 813; 815-817; 819-820; 825-826; 828-831; 833; 835-836; 838-839; 842-843; 845; 848-850; 853-856; 858-859; 863-866; 868; 870; 872-879; 881; 883-884; 886-887; 889-890; 892; 895; 898-900; 903; 905-906; 909; 911; 913-914; 916-917; 920-923; 925; 927-928; 930-932; 934-938; 940; 942-945; 948-949; 951-952; 954-957; 959-962; 964; 966-970; 972-973; 975-978; 980-983; 986-987; 989-992; 994-995; 997; 999-1000; 1002-1003; 1005-1008; 1010-1012; 1014-1016; 1018-1019; 1022-1023; 1025-1030; 1032-1037; 1040; 1042-1045; 1047-1057; 1060-1066; 1068-1072; 1074-1079; 1082-1086
wta_rankings_83_99.csv,1996-01-22,1,1087,613,474,17; 62; 87; 91; 129; 146; 160; 182; 184; 197; 200; 214; 220; 223; 232; 234; 237; 240; 261; 272; 274; 277; 280; 291; 297; 301; 304; 308; 311; 313; 315; 318-320; 322-323; 326-327; 332; 339; 342; 344; 349-350; 354; 357-358; 363; 365; 368; 378; 387; 389-390; 392-393; 395; 401-402; 406-407; 410-411; 415; 421; 428-429; 433-435; 441; 444-446; 449; 451-453; 467-470; 476; 479; 481; 483-485; 487; 489-491; 493-494; 496-498; 500-501; 509; 511-515; 518-519; 521-522; 524; 534-535; 537-538; 543-544; 547; 550-552; 554-555; 557-560; 565-566; 568-572; 574; 579-583; 585-586; 588-589; 591-592; 594; 598-599; 602-605; 608-610; 613-614; 617-618; 622; 627; 631; 635-638; 641-644; 646; 648-653; 656; 658; 662; 666-668; 670-671; 676; 679-680; 682; 684-685; 687; 690; 692; 694-696; 699-707; 709; 711; 716-717; 719-720; 723; 725-726; 728-730; 733-735; 739; 741; 744; 746-747; 749-750; 752; 754-755; 757; 759; 763-764; 766-768; 770; 772; 775-777; 781-788; 791; 793-794; 798; 801-804; 809-811; 813; 815-817; 819-820; 825-831; 833; 835-839; 841-843; 845-846; 848-850; 852-859; 863-866; 868; 870; 872-881; 883-887; 889-890; 892; 895; 898-900; 902-909; 911; 913-914; 916-923; 925; 927-928; 930-932; 934-938; 940-945; 947-952; 954-957; 959-962; 964; 966-970; 972-973; 975-978; 980-983; 986-987; 989-995; 997; 999-1003; 1005-1008; 1010-1016; 1018-1019; 1021-1023; 1025-1030; 1032-1037; 1040; 1042-1045; 1047-1057; 1060-1072; 1074-1079; 1082-1086
wta_rankings_83_99.csv,1996-01-29,1,1087,706,381,21; 61; 163; 198; 230; 260; 269; 271; 275; 290; 294; 308; 312; 316-317; 319; 321; 325; 342; 350; 354-355; 358; 377; 379; 386; 388; 393; 399-401; 405-406; 410; 415; 418; 427; 431-432; 435-436; 440; 445; 447; 461; 469; 471; 473-474; 485; 493; 496; 499-501; 508-509; 513; 516; 521; 526; 528; 530; 533-535; 543; 547; 551-552; 554; 556; 560-561; 567; 569-573; 578-580; 582-584; 586; 588-589; 591; 594; 603-605; 607; 612; 614-615; 617; 625; 627; 629; 632; 635-636; 641-642; 648-649; 651; 654; 656-657; 661; 664; 666; 673; 676-678; 680-681; 687; 691-692; 694; 696-702; 704; 708; 713-716; 719; 721-722; 724-726; 728; 730-732; 735; 737; 739; 741-742; 744-747; 750-751; 754-755; 757; 760; 763; 765-768; 772; 774; 778-783; 785-787; 793-794; 796-797; 801-802; 805; 808-810; 812; 815-816; 819; 821; 826; 828; 830-833; 835; 837; 839-843; 846; 848-849; 851-852; 854; 857-860; 863-864; 867-869; 871; 873; 875-876; 879-883; 885; 887; 889-891; 893-894; 896-897; 899; 902-904; 906; 908-909; 911-913; 915; 917; 919-921; 924-928; 930-936; 938-942; 944; 946-948; 951-952; 954-955; 957-959; 961-962; 964; 966-969; 971-972; 974-978; 980-983; 986-987; 989-992; 994-995; 997; 999-1000; 1002-1008; 1010-1012; 1014-1016; 1018-1021; 1024-1025; 1027-1031; 1033-1039; 1042; 1044-1045; 1047; 1049-1059; 1062-1067; 1069-1079; 1082-1086
wta_rankings_83_99.csv,1996-02-05,1,1089,706,383,21; 62; 122; 134; 164; 194; 253; 258; 272; 274-275; 283; 286; 307; 310; 315-316; 324-325; 327; 339; 345; 349; 351; 357; 364-365; 379; 381; 387; 389; 396; 401-402; 405-407; 411; 419; 431-432; 434-438; 442; 445; 461; 463; 471; 476; 485; 487; 489; 493; 495; 499-501; 509-511; 522; 527-528; 530; 533; 536; 538; 543; 547; 549; 551; 553; 555; 566-571; 573; 579-580; 582; 584; 587-589; 592-593; 596; 600; 603; 606; 612; 615; 619-620; 624; 627; 630-631; 633; 636; 638-639; 646-648; 650; 653-654; 657; 660-661; 665; 669; 671; 675-678; 680; 682; 690; 694-698; 700; 703; 707; 709-710; 713; 715-718; 720; 722; 724-726; 730; 732-734; 737-741; 743; 745-747; 750-751; 755; 757; 759; 761; 766; 768-774; 779; 781-782; 785; 789-791; 793; 795-797; 800; 802-803; 806; 809; 811-813; 816-817; 819-821; 823; 825; 828; 830; 832-835; 837; 839; 841-843; 845; 849; 851; 855-856; 858; 861-864; 866-867; 869-871; 873; 875; 877-881; 883-884; 886; 888-891; 893-894; 896-897; 900; 903-904; 906; 908; 910-911; 913; 917; 919-921; 924-928; 930-937; 939-941; 943; 945-946; 948-950; 952-953; 955-958; 960; 963-965; 967; 969-977; 979-981; 983; 985; 987-991; 993-994; 996; 998-999; 1001-1007; 1009-1012; 1014-1016; 1018-1020; 1023-1024; 1026-1029; 1031-1035; 1037-1038; 1041; 1043-1045; 1047-1057; 1059; 1061-1066; 1069-1082; 1085-1088
wta_rankings_83_99.csv,1996-02-12,1,1096,713,383,19; 56; 135; 163; 197; 257; 262; 265; 273; 275-276; 287; 303; 307; 314; 317; 321; 329-330; 332; 346; 349; 355; 360-361; 376; 378; 388; 390; 395; 403-404; 407-410; 420; 422; 434; 436-438; 440-441; 443; 447; 462; 467; 471; 473; 478; 484; 489; 491; 493; 497; 502-503; 506; 509; 512-513; 515; 526-528; 530; 532; 535-536; 539; 544; 547-548; 550; 552; 555; 559-561; 571-574; 581-583; 587; 589-590; 592; 594-595; 599; 603-605; 609; 613; 618; 621; 629; 631; 634-636; 641; 643-644; 650-652; 654; 656-658; 660; 662; 664; 666; 669; 672; 674; 678-680; 682; 685; 691; 693; 699-703; 708-710; 714; 716-717; 720-725; 729-730; 734-736; 738-740; 742-745; 748; 750; 754-755; 757; 760-761; 765; 768; 771-772; 774-776; 779; 781-782; 788-791; 794-795; 797; 801; 803-805; 808; 810-812; 814-815; 818; 820; 822-826; 828; 833-836; 839; 841-843; 845; 847; 850; 852; 856; 860-865; 867-868; 870-872; 874-876; 878-879; 881-882; 884-885; 887-888; 890; 892-894; 896-897; 899-900; 903; 906; 908; 910; 912; 914; 916; 919; 921-923; 926-930; 932-938; 940-942; 944; 946-947; 949-951; 953-955; 957-960; 962; 964; 966-968; 970; 972-979; 981-983; 985; 987; 989-992; 994-995; 997; 999-1000; 1002-1009; 1011-1017; 1019-1021; 1023-1025; 1028-1029; 1031; 1033-1035; 1038-1041; 1043-1044; 1047; 1049-1051; 1053-1062; 1064; 1066-1070; 1073-1076; 1078-1088; 1092-1095
wta_rankings_83_99.csv,1996-02-19,1,1094,714,380,20; 61; 136; 165; 202; 255; 261; 270-273; 287; 301; 304; 306; 312; 320; 329-330; 332; 346-347; 350; 360; 373; 376; 381; 386; 392; 398-399; 403-404; 412-413; 415; 418; 421; 434; 436-439; 445; 448; 465-466; 468; 471-472; 477; 488; 493; 495; 500-501; 505; 511; 513; 523-525; 527; 531; 533; 537; 548-550; 552; 558; 562-564; 571-575; 582-584; 586; 589-590; 592; 594-595; 597; 600; 604-606; 608-610; 623; 629; 632; 635; 637-638; 642-643; 645; 647-650; 652; 654; 657; 659-661; 663-664; 666; 668; 670; 672; 675; 679-681; 683; 687; 689; 691; 693; 696; 700-703; 710-711; 715-716; 718; 721-726; 730-731; 733; 736-738; 740; 742-743; 745-748; 752-753; 755; 757; 760-761; 763; 768-769; 772-775; 777; 779-781; 783; 785; 787; 791-792; 794; 797; 802-803; 806; 810-811; 813-814; 817; 819; 821-824; 826; 831-835; 837; 839-841; 843; 845; 847; 849; 852-853; 857-862; 865-868; 870; 872-876; 878-879; 881; 883-884; 886-889; 891-892; 894-895; 898; 901; 903; 905; 907; 909; 911; 914; 916-918; 920-924; 926; 929-934; 936; 938-939; 941; 943; 945-947; 949-953; 955-956; 958-960; 962; 964; 966-968; 970-971; 973-981; 983-985; 987; 989; 991-993; 995-996; 999-1000; 1003-1010; 1012-1017; 1019-1020; 1022-1024; 1027-1028; 1030; 1032-1034; 1037-1039; 1041-1042; 1045-1046; 1048-1057; 1059; 1061-1064; 1067-1070; 1072-1084; 1086; 1089-1093
wta_rankings_83_99.csv,1996-02-26,1,1094,720,374,21; 63; 80; 153; 165; 256; 262; 269; 273; 275; 277; 279; 296; 299; 301; 305; 325; 328; 330; 333-334; 339; 352; 355; 365; 373-374; 383; 392; 395; 397; 401; 403; 412; 417; 428; 431; 433-434; 440-441; 446; 449; 454; 465-466; 469-470; 480; 493-494; 499-500; 506-508; 510-511; 524; 526-528; 530; 533; 538; 543-545; 547; 553; 557; 559; 561-562; 571-573; 582-584; 588-589; 591-595; 597; 599-600; 603; 605-606; 615; 617; 623; 626; 629; 631; 634; 637-639; 642; 645-646; 649; 651; 654; 656-660; 662; 664; 666; 668; 670-671; 675-677; 679-680; 686; 694; 697; 699-703; 708; 711-714; 716; 718; 723-725; 727; 731-732; 734-735; 737; 739; 741-743; 745-747; 750-751; 753-754; 758; 760; 762; 764; 766; 768-770; 772-774; 776-777; 779; 782; 785; 788; 790; 796-797; 800; 802-803; 805-806; 808; 810; 813; 815-816; 819-820; 822; 827; 829-832; 834-835; 837-839; 842; 844; 846; 849-850; 854-856; 859-862; 864; 866-870; 873; 875-876; 878-879; 881-885; 887; 889-891; 894; 897; 899-900; 902; 904; 906; 908; 911; 913-914; 916-919; 921; 924-930; 932-933; 935-936; 938; 940; 942; 944-945; 947-951; 953-954; 956-957; 959-960; 962; 964; 966-968; 970; 972-980; 982-983; 985; 988; 990-992; 994-995; 997; 999-1000; 1002-1010; 1012-1017; 1019-1020; 1022; 1025-1026; 1028; 1030-1032; 1035-1037; 1039-1040; 1042; 1044-1045; 1047-1056; 1058-1059; 1061-1064; 1068-1071; 1073-1076; 1078-1083; 1085-1086; 1089-1093
wta_rankings_83_99.csv,1996-03-04,1,1084,716,368,28; 64; 138; 160; 166; 235; 266; 279; 287; 291; 302; 304-305; 310; 322; 325; 328; 332; 340; 343; 348; 352; 356; 368; 372; 381; 389-390; 392; 398; 401; 406; 413; 422-423; 425; 427-428; 439; 448; 454; 456; 460; 465-466; 475; 477; 491; 496-497; 500; 504-506; 508; 516; 521-525; 527; 539-540; 548-549; 551-552; 555; 562; 564-565; 574-576; 581-585; 589; 592-593; 595; 599; 602-604; 607; 613-614; 618; 620; 624; 627; 629; 631; 633; 636; 639-640; 642-643; 645-646; 648; 650; 652; 655; 657-658; 660; 664; 666; 668; 672; 675; 677-678; 686; 694-695; 697-703; 708; 711-712; 714; 716; 718; 720-721; 723-725; 727; 731-732; 734-735; 737-738; 740-742; 744-746; 749-750; 752; 754; 758; 760; 762; 765-766; 768-770; 772-773; 776; 778; 780; 783; 786-789; 791; 795-796; 799; 801; 803-804; 807; 810; 812-814; 816; 819; 822-825; 828; 830; 832-834; 837; 839; 841; 844-845; 848; 850-851; 853-855; 857-859; 861-863; 866; 868; 870; 872-873; 875-879; 881; 883-884; 887; 890; 892-893; 895; 898-899; 901; 903; 906; 908-909; 911-914; 916; 918; 920-921; 923-928; 930; 932; 934; 936-940; 942-945; 947-950; 952-953; 955-956; 958; 960-962; 964; 966-969; 971-974; 976-977; 979; 982; 984-986; 988-989; 991-992; 994-995; 997-1006; 1008-1015; 1018-1020; 1022; 1024-1028; 1031-1034; 1036-1038; 1040; 1042; 1044-1053; 1055-1056; 1058-1059; 1062-1066; 1068-1074; 1076-1077; 1080-1083
wta_rankings_83_99.csv,1996-03-11,1,1084,619,465,28; 64; 79; 97; 138; 147; 160; 166; 176-177; 205; 212-214; 223; 227; 234-235; 238; 266; 269; 279; 287; 291; 293; 299; 302; 304-306; 310; 312; 314-315; 322; 324-325; 327-328; 332; 340; 343; 346; 348-349; 351-352; 356-357; 363; 368; 372; 381; 388-390; 392; 395; 398; 401-402; 406; 413; 422-423; 425; 427-428; 439-440; 442; 448; 454; 456; 460; 462; 465-466; 475; 477-479; 482; 485; 489; 491-492; 495-498; 500-502; 504-506; 508; 513; 516; 520-525; 527; 529-530; 536; 539-540; 542-543; 548-549; 551-552; 555; 557-558; 562; 564-565; 572; 574-576; 579-585; 588-589; 592-595; 598-599; 602-604; 606-607; 613-614; 618; 620; 624; 627; 629; 631; 633; 635-636; 639-640; 642-648; 650; 652-653; 655; 657-658; 660-661; 664; 666; 668; 670; 672; 675; 677-679; 685-686; 688; 690; 694-695; 697-703; 705; 708-709; 711-712; 714; 716; 718; 720-721; 723-725; 727; 731-732; 734-735; 737-738; 740-742; 744-746; 749-750; 752; 754; 758; 760; 762; 765-766; 768-770; 772-773; 776-778; 780; 782-783; 785-789; 791; 795-797; 799; 801; 803-804; 807; 810; 812-814; 816; 819-820; 822-825; 828; 830; 832-834; 836-839; 841-842; 844-845; 848; 850-851; 853-855; 857-863; 866-870; 872-873; 875-879; 881; 883-884; 887; 890; 892-895; 898-901; 903-904; 906; 908-914; 916; 918; 920-921; 923-928; 930-932; 934-945; 947-950; 952-953; 955-958; 960-962; 964; 966-969; 971-974; 976-977; 979; 982-989; 991-992; 994-1015; 1018-1020; 1022-1028; 1031-1034; 1036-1038; 1040; 1042; 1044-1053; 1055-1056; 1058-1060; 1062-1074; 1076-1077; 1080-1083
wta_rankings_83_99.csv,1996-03-18,1,1081,711,370,27; 63; 164; 167; 234; 236; 265; 282; 288; 290; 298; 305; 314; 317; 324-325; 328; 330; 333; 336; 349; 352; 356; 360; 371; 376-377; 382; 390; 393; 395; 409; 415-416; 428-430; 434; 440; 442; 454-455; 459-460; 463-464; 476; 479; 481; 485; 492; 500; 503-505; 510; 516; 519; 525-526; 528; 534; 537; 541; 545; 549-552; 562-563; 567; 572; 574-577; 579; 582; 584; 586-592; 594; 596; 599-600; 605; 615; 618; 620; 623; 626-627; 632; 636-638; 640-641; 643; 645-646; 648-649; 651; 656; 658-659; 664-667; 672; 674; 678; 680; 687; 690; 692; 695; 697-704; 708-709; 713-714; 717-719; 721; 724; 726-727; 729; 733; 735; 740-742; 747-748; 751-753; 756-759; 764; 767-770; 772; 774-775; 777; 779; 781; 785-786; 788; 790-792; 794; 798-799; 801; 803; 805; 807; 812; 814; 817-819; 822; 824-827; 829; 831-835; 838; 841-842; 844; 846; 849; 851; 853-854; 856-858; 860-867; 869; 871; 873; 875; 877-878; 880-881; 883; 885-886; 888; 890; 893; 895-896; 898-899; 901-902; 904; 906; 909; 911; 913-916; 918; 921; 923-928; 930-932; 934; 936-939; 941-944; 946-949; 951-952; 954-955; 957; 959-960; 962; 964-967; 969-972; 974-975; 977-978; 981-982; 984-987; 989-990; 992-994; 996; 998-1005; 1007-1014; 1017-1019; 1021; 1023-1028; 1030; 1032-1036; 1038-1040; 1042; 1044; 1046-1055; 1057-1058; 1060-1066; 1068-1073; 1075-1076; 1078-1080
wta_rankings_83_99.csv,1996-03-25,1,1081,616,465,27; 63; 70; 96; 158; 164; 167; 177-178; 183; 203; 210; 213; 223; 229; 234; 236; 238; 242; 265; 272; 282; 288; 290; 296; 298; 303; 305; 309; 314-317; 322; 324-325; 327-328; 330; 333-334; 336; 348-350; 352-353; 356; 360; 367-368; 371; 376-377; 380; 382; 390; 393; 395; 398; 404; 409; 415-416; 428-430; 433-434; 440-442; 454-455; 459-461; 463-465; 476-477; 479; 481-482; 485-486; 492-493; 497; 499-500; 503-505; 507-508; 510; 513; 516; 519; 524-526; 528; 531-532; 534; 536-537; 540-541; 543; 545; 549-552; 556; 559; 562-563; 567-568; 570-572; 574-577; 579; 582; 584; 586-594; 596; 599-600; 605; 612; 615; 618; 620; 622-623; 626-628; 630; 632-633; 636-638; 640-641; 643; 645-649; 651-653; 655-656; 658-659; 661; 664-667; 672; 674; 676; 678; 680; 683; 687-688; 690-692; 695; 697-704; 708-710; 713-714; 717-719; 721; 724; 726-727; 729-730; 733; 735; 740-742; 747-748; 750-753; 756-759; 764; 767-770; 772; 774-775; 777-779; 781; 784-788; 790-792; 794; 798-801; 803; 805; 807; 812; 814; 817-819; 822-827; 829; 831-835; 837-839; 841-844; 846; 849; 851; 853-854; 856-858; 860-867; 869; 871-875; 877-878; 880-881; 883; 885-886; 888; 890; 893; 895-899; 901-904; 906-907; 909; 911-916; 918; 921; 923-928; 930-932; 934-944; 946-949; 951-952; 954-957; 959-960; 962; 964-967; 969-972; 974-975; 977-978; 981-990; 992-994; 996-1014; 1017-1019; 1021-1028; 1030; 1032-1036; 1038-1040; 1042; 1044; 1046-1055; 1057-1058; 1060-1073; 1075-1076; 1078-1080
wta_rankings_83_99.csv,1996-04-01,1,1080,715,365,31; 70; 119; 161; 178; 217; 220; 234; 276; 285; 294; 297; 302; 320; 322; 325; 328-329; 333-334; 344; 346; 348; 356; 362; 370; 377; 388; 392; 402-403; 405; 407; 412; 415; 426; 433; 436; 439; 447-448; 451; 454; 461-462; 464-465; 478; 481; 489; 493-494; 502-504; 511; 516; 519; 524; 527-529; 535; 537; 540-542; 549; 552-553; 556; 561; 564; 566-567; 572; 576; 580; 582; 584; 587; 589-590; 593-594; 596; 598-599; 602; 604; 616-617; 619-620; 628; 630; 633-634; 636-637; 639; 642-643; 645-647; 654; 656-657; 659; 662; 664; 666-667; 669-671; 676; 678; 681; 683; 686; 688; 697-702; 710; 716; 718-722; 724-725; 728; 731; 733; 738-739; 742; 744-745; 748; 750-751; 753-754; 756-758; 761; 763-767; 770-771; 773; 775; 777; 779; 785-788; 791; 794-796; 802; 804; 808; 810; 812-813; 815; 817-821; 823; 826-832; 834-836; 839-840; 842; 845; 848; 850; 852-853; 855-859; 861-864; 866-868; 870-871; 873; 875-876; 878; 880; 882-884; 887; 890; 892-895; 898; 900-901; 903; 906; 908; 910; 912-914; 916; 919; 921-926; 928-930; 932-933; 935-937; 939-942; 944-947; 949-950; 952-953; 956-957; 959-960; 962-964; 966-967; 969; 972-973; 975-977; 979-982; 984-987; 989; 991-993; 995-1000; 1002-1008; 1011-1014; 1017-1020; 1022; 1024-1027; 1029-1031; 1033-1034; 1036-1046; 1048-1049; 1051-1057; 1059-1060; 1062-1066; 1068-1069; 1072-1074; 1076-1079
wta_rankings_83_99.csv,1996-04-08,1,1078,713,365,31; 71; 161; 176; 217; 220; 233; 237; 277; 285; 295; 298; 304; 320; 322; 324; 326; 330; 333-334; 342; 345; 347; 349; 351; 362; 369; 378; 386; 394; 402; 405-406; 411; 415-416; 423; 432; 436; 439; 445-447; 449; 457; 461; 463; 475; 478; 480; 484; 486; 489; 491; 494-495; 503; 512; 516; 522; 526-527; 529-530; 534-535; 538; 540-541; 547; 550-552; 555; 559-560; 563; 570; 574; 580; 582; 584; 586; 588; 590; 592; 595; 597-598; 601; 613-615; 617; 619; 623; 626; 629-630; 633-634; 636; 639; 642-644; 651-652; 656; 658; 661-662; 665-668; 673; 675; 677; 679; 681; 685-686; 689; 695; 697-699; 707; 711; 716-717; 719-722; 725-727; 731; 733; 738-739; 742; 745-750; 752-753; 755; 759-760; 763-767; 770-771; 773; 775; 777; 783-784; 786; 790; 793-795; 799; 801; 803; 806; 808; 811-813; 815-816; 818-822; 824-829; 831-832; 835; 837; 840; 842; 844; 846; 848; 850-855; 857-859; 862-864; 866-867; 869-870; 872-873; 875; 877-878; 880-882; 885; 887; 889-892; 895; 897; 899; 906-908; 910; 912; 914-921; 923-928; 930-931; 933-935; 937-939; 941-943; 945-946; 948; 951-952; 954-955; 957-960; 962; 964; 967-968; 970-971; 973-976; 978-980; 982; 984-985; 987-993; 995-1002; 1005-1010; 1013-1017; 1019; 1021-1023; 1025-1026; 1028-1029; 1031-1042; 1044-1045; 1047-1052; 1054-1055; 1057-1061; 1063-1064; 1067-1072; 1074-1077
wta_rankings_83_99.csv,1996-04-15,1,1083,715,368,30; 88; 101-102; 160; 162; 165; 172; 232; 237; 277; 284; 295-296; 304; 320; 322; 325-326; 329; 331; 333; 337; 343; 346-347; 362; 364; 369; 380-381; 385; 389; 394; 399; 410-411; 415; 419-420; 436; 441; 447-451; 453; 462; 470; 477-479; 485; 489; 491; 493-494; 498; 500; 506-507; 511-513; 515; 525; 529-531; 535; 540; 544; 548-549; 552-555; 557; 559; 562-564; 572-573; 577; 581; 583; 591; 593-595; 598; 600-601; 604; 609; 616; 619; 621; 623; 625-626; 628; 630; 634; 636; 638; 640-641; 644; 649-650; 657-658; 661; 663; 666; 668-671; 677; 679; 681; 683; 685; 691; 694; 696; 705; 708-710; 717; 723-724; 726-728; 731-734; 737; 740; 742; 746-747; 751; 753-756; 759; 761-763; 765-766; 769-773; 776-777; 779; 781; 783; 790-792; 794; 801-802; 807; 809; 813; 815; 817-820; 822-824; 826-831; 833-835; 837-838; 841; 843; 847; 849-850; 852; 854-860; 862-864; 867-869; 871; 873-874; 876-877; 880-881; 883-885; 888; 890; 892-895; 898; 900; 902; 904-906; 911-913; 915; 917; 919; 921-929; 931-932; 934-936; 938-939; 941-944; 946-948; 950-951; 953; 956-957; 959-960; 962-966; 970-971; 973-974; 976-979; 981-983; 985-986; 988-991; 994-1000; 1002-1008; 1011-1015; 1018-1022; 1024; 1026-1029; 1031; 1033-1034; 1036; 1038-1048; 1050-1051; 1053-1058; 1060; 1062-1067; 1069-1070; 1073-1077; 1079-1082
wta_rankings_83_99.csv,1996-04-22,1,1080,715,365,28; 88; 101-102; 161-162; 173; 231; 282-283; 292-293; 298; 302; 319; 323-324; 326-327; 330; 339; 342-344; 358; 360; 365; 378-379; 386; 390; 398; 402; 408; 413; 416; 420-421; 436; 442; 446; 448-450; 452; 462; 469; 477-479; 485; 488; 492; 495; 497-498; 502; 506-507; 510-511; 513; 520; 523; 526; 531-532; 534; 537; 541-542; 546; 550-551; 554-557; 559; 561; 563-564; 572; 576; 580; 582-583; 592; 594-595; 597; 599; 601; 603; 609; 618; 620; 622; 624-626; 628; 630; 634; 637; 639-640; 642; 645; 649-650; 656; 658; 661-662; 664; 667; 670-673; 678; 680; 682; 684; 686; 692; 694-695; 703; 706-708; 715; 721-722; 724-725; 728-731; 734; 737; 739-740; 744-745; 749; 751-755; 759-761; 763-764; 766; 768-772; 775-776; 779; 785-787; 789; 791; 797-798; 803; 805; 807; 811; 813; 815-819; 821-823; 825-829; 831-833; 835-836; 839; 841; 845; 847-848; 850; 852-857; 859-861; 864-866; 868; 870-871; 873-874; 877-878; 880-882; 885; 887; 889-892; 895; 898; 900; 902-904; 909-911; 913; 915; 917; 919-927; 929-930; 932-933; 935-936; 938-942; 944-946; 948-949; 951; 953-954; 956-957; 959-963; 967-968; 970-971; 973-976; 978-979; 981-982; 984-985; 987-988; 991-998; 1000-1006; 1009-1013; 1016-1019; 1021; 1023-1026; 1028-1029; 1031-1032; 1034; 1036-1045; 1047-1048; 1050-1055; 1057; 1059-1064; 1066-1067; 1070-1074; 1076-1079
wta_rankings_83_99.csv,1996-04-29,1,1075,715,360,28; 87; 156; 159; 170; 178; 201; 223; 230; 233-234; 280-281; 290; 302; 317; 321; 325-326; 333; 335; 337; 340-341; 354; 358; 364; 373-374; 382; 386; 389; 392; 394; 398; 404; 411; 414; 416; 430; 438; 441; 443-444; 446-447; 450; 461; 468; 472; 477; 481; 483; 486; 489; 494; 496-497; 500; 503; 505; 507-508; 511; 513; 521; 524; 527; 530; 532; 534; 536; 539; 543; 546; 551-553; 555; 560; 572; 576-578; 580-582; 590; 592; 594; 596; 603; 608; 610; 615; 617; 619; 621; 623-624; 626-627; 629; 632; 637; 639; 641-643; 646; 650-652; 658; 661; 664-665; 668-669; 671; 673-674; 676; 680-682; 689; 691-692; 699; 701-703; 710; 714; 716; 718-719; 721-723; 726-727; 731; 734-735; 740-742; 746; 748-749; 751-752; 756-757; 759; 761; 763; 765-769; 772-773; 776-777; 785-788; 790; 792; 794; 798-799; 806; 810; 812; 814-820; 822-824; 826-830; 832; 834-836; 839; 841; 845; 847-848; 850; 852-859; 862-863; 865; 867-868; 870-871; 875-877; 880; 882; 884-887; 889; 891; 894; 897-899; 904; 906-907; 909; 911; 913; 916-918; 920-924; 926-927; 929-930; 932-933; 935-936; 938-940; 942; 944-945; 947; 949-950; 952-953; 955-959; 962; 964-965; 967; 969-973; 975-977; 979-980; 982-985; 988-995; 997-1005; 1007-1011; 1014-1016; 1018; 1020-1023; 1025-1026; 1028-1029; 1031; 1033-1042; 1044-1045; 1047-1050; 1052; 1054-1059; 1061; 1064-1069; 1071-1074
wta_rankings_83_99.csv,1996-05-06,1,1077,717,360,28; 81; 87; 158-159; 172; 201; 222; 226; 229; 235; 281-282; 290; 302; 314; 318; 322; 326-327; 336; 338; 340; 353; 357; 362-363; 376-377; 382; 386; 388; 391; 393; 397; 404; 416; 418; 431; 436; 443; 445-448; 450-451; 463; 465; 467; 469; 479; 484; 487; 490; 495; 497-498; 501; 504; 506; 509-511; 513; 522; 526; 528; 531; 535-536; 539-540; 543-544; 548; 553-556; 558; 562; 576; 578; 581-584; 586; 593; 603; 605; 607; 612; 615; 618; 620; 623; 625-627; 629-630; 632; 635; 640-641; 643; 647; 650; 652-655; 660; 662; 664; 668; 671-672; 674; 677-678; 682-684; 690; 694-696; 703; 705-706; 712; 716-718; 721-723; 725; 727-730; 733; 737-738; 742-744; 748; 750-751; 753; 755; 759; 761-762; 765; 768-773; 776-777; 780; 789-792; 794; 796; 798; 802-803; 808; 810; 813-814; 816-822; 824-826; 828-832; 834; 836-839; 842; 844; 848; 850-851; 854-861; 864; 866; 868; 870-871; 873-874; 877-879; 882; 884; 886-890; 892; 895; 898-900; 905; 907-908; 910; 912; 914; 917-919; 921-924; 926-927; 929-930; 932-933; 935-936; 938-940; 942-943; 945-946; 948; 950-951; 953-954; 956-960; 963; 965-967; 969; 972-975; 977-979; 981-982; 984-987; 990-997; 999-1001; 1003-1007; 1009-1013; 1016-1019; 1022-1025; 1027-1028; 1030-1031; 1033; 1035-1044; 1046-1047; 1049-1051; 1053; 1055; 1057-1062; 1064; 1067-1072; 1074-1076
wta_rankings_83_99.csv,1996-05-13,1,1070,718,352,30; 85; 140; 150; 175; 238; 245; 247; 275; 288; 306; 313; 319-320; 323; 326; 328; 336-337; 339; 342; 357; 361; 365; 370; 378-379; 384-385; 389; 392; 402-403; 407-408; 416; 420; 428; 430; 441; 443; 449-451; 453-454; 459; 465; 468-469; 472; 477; 482; 486; 489; 491; 495; 501; 504-506; 515; 517; 524; 527; 529; 531-532; 535; 539; 546-547; 550; 554-555; 560; 563; 568; 571; 585; 587-588; 590; 593; 596; 598; 601; 604; 609; 612; 617; 620-621; 623; 626; 628; 632; 634; 637-639; 642; 646; 648-651; 656; 660-661; 666-667; 670-672; 676; 680; 685-686; 689; 692-694; 697; 700; 702; 706; 708-709; 713-715; 717-722; 725; 727; 733; 735-738; 743; 745-747; 749; 752-753; 755-756; 759; 761-766; 769-770; 777; 779-780; 782-783; 786; 790; 792-793; 798; 800-801; 803; 805; 807-808; 810-813; 815-818; 820-822; 825-826; 829-832; 836; 840; 842-843; 845; 847-849; 851-852; 854; 857-858; 862-865; 868-870; 873; 875; 877-878; 880; 882-884; 886; 889-890; 893-895; 898; 900-901; 903; 905-906; 909-911; 913-915; 917-918; 920; 922-923; 925-926; 928-930; 932-933; 937-938; 941-942; 944-945; 947-948; 950-951; 953-954; 956-960; 963-966; 968-969; 971-973; 975; 977-978; 980-984; 986-992; 994-996; 998; 1000-1004; 1006-1010; 1012-1013; 1015-1018; 1020-1021; 1023; 1025-1026; 1028-1037; 1039-1040; 1042-1045; 1047; 1049-1050; 1052; 1054-1058; 1060; 1063-1066; 1068-1069
wta_rankings_83_99.csv,1996-05-20,1,1072,724,348,32; 89; 149; 172; 238; 244; 248; 250; 267; 290-291; 294; 297; 309; 318; 325-326; 331; 334; 342; 353; 357; 362; 369; 376-377; 379; 385; 387; 390; 396; 398; 401; 403-404; 406; 409; 430-431; 436; 446-447; 449-450; 454-455; 461; 465; 467; 469; 471; 476; 478; 480; 484; 495; 498; 503; 506-509; 523; 531; 533-534; 537-539; 544-546; 552-553; 556-557; 561; 563; 568; 571; 582; 584; 586; 591; 593; 595-596; 598; 600; 602; 604; 610; 618; 622; 624; 626; 628-629; 632; 640-641; 643; 646; 648; 650; 652; 654-655; 659; 664; 666-667; 671-672; 675; 678-679; 681; 684-685; 690-691; 693-694; 698-699; 701; 703; 705-707; 710-711; 715-716; 718; 722-724; 727; 729; 733; 735; 740-744; 749; 752; 754; 758; 761; 764; 767-773; 775; 777; 783-784; 786-787; 789-790; 793; 796-797; 799-800; 802; 806; 808; 810-811; 813-814; 817-824; 826-828; 831-833; 835-836; 838-839; 842; 845; 850-851; 854; 856; 858-860; 864-865; 867-868; 870; 873-875; 877; 880; 882-883; 885; 887-888; 890; 892-893; 895; 897-898; 900; 902; 904-907; 909; 911; 915-917; 919-920; 922-925; 927; 929-930; 932; 934-935; 937; 939-941; 943-945; 948-950; 952-953; 956-957; 959-960; 962; 964-969; 972-973; 975; 977; 979-980; 982-983; 985-987; 989-992; 994-999; 1001-1004; 1006; 1008-1010; 1012-1015; 1018-1019; 1021-1024; 1026-1028; 1030; 1032-1033; 1035-1044; 1046-1047; 1049-1050; 1052; 1055; 1057; 1059-1063; 1065-1066; 1068-1071
wta_rankings_83_99.csv,1996-05-27,1,1071,724,347,29; 97; 117; 150; 230; 248; 250; 265; 267; 289-290; 295; 297; 316; 320; 325; 327; 332; 339; 347; 352; 358; 365; 375; 377; 381; 383-384; 387; 389; 394-395; 400; 402-404; 407; 412; 431; 442; 447; 450; 452; 455; 462; 465; 468; 470; 473; 477-478; 481; 485; 487; 489; 493; 495; 503; 506; 508-510; 522; 529; 532; 534; 537-538; 542; 544; 547-548; 553-554; 556; 558; 562; 571-572; 576; 581; 585-586; 588; 590-591; 593; 598-600; 604-606; 612; 619; 622; 627; 631-632; 637; 640-642; 646-647; 650; 653-654; 656; 659; 661; 663; 666; 668; 679; 681; 683; 688; 694-698; 703-704; 709-710; 713-719; 721; 723; 725-727; 729; 737; 740-743; 748; 751-753; 755; 759-761; 764-770; 772-773; 775; 781; 784-786; 788-789; 792-793; 797-798; 800-801; 803-804; 808; 810; 812-813; 816; 818-823; 825-827; 830-831; 833; 835; 837-838; 841; 844; 848-849; 852-856; 860; 862-863; 865; 867-868; 870-871; 873; 875; 877; 879-880; 883; 885; 888; 890; 892-893; 896-897; 899; 901-904; 907; 910; 912-913; 915-919; 921-923; 925; 927-928; 930-931; 933-934; 936-937; 940-943; 945-947; 949-950; 952-953; 955; 958-959; 961-963; 965-970; 973-974; 976; 978-979; 982-983; 985-988; 990-994; 996-1000; 1003; 1005-1006; 1008-1012; 1014-1015; 1017-1019; 1022-1025; 1027-1029; 1031-1034; 1036-1043; 1045-1046; 1048-1049; 1051; 1055; 1057-1061; 1063-1065; 1067-1070
wta_rankings_83_99.csv,1996-06-03,1,1066,625,441,29; 86; 97; 115; 117; 150; 163; 170; 183; 188; 192; 205; 210; 212; 230; 242; 248; 250; 260; 265; 267; 271; 289-290; 295; 297; 302; 306; 309; 311; 316-317; 320; 325; 327; 332; 334; 337; 339-340; 342; 347; 352-354; 358; 365; 372; 375; 377; 380-381; 383-385; 387; 389-390; 394-395; 397; 400; 402-405; 407; 412; 419; 423; 431; 437; 442; 447; 450; 452; 455; 457; 462; 465; 467-468; 470-471; 473-474; 477-478; 480-481; 485; 487; 489; 491; 493; 495; 501; 503-506; 508-510; 512-513; 520; 522; 529; 532-535; 537-539; 542-545; 547-548; 553-554; 556; 558; 561-562; 571-573; 576; 578-579; 581; 585-586; 588; 590-591; 593; 598-600; 604-606; 612; 618-619; 622; 624; 626-627; 630-632; 637; 639-642; 646-648; 650; 653-656; 659-661; 663; 665-666; 668; 679-683; 686; 688; 690; 694-698; 700-701; 703-704; 709-710; 713-721; 723; 725-727; 729-730; 737; 739-744; 748; 751-753; 755-756; 759-761; 764-773; 775; 780-786; 788-789; 792-794; 797-798; 800-801; 803-804; 808; 810-813; 816; 818-823; 825-828; 830-833; 835-838; 840-844; 848-849; 852-856; 860; 862-863; 865-868; 870-871; 873; 875; 877; 879-881; 883; 885; 887-888; 890; 892-894; 896-897; 899; 901-904; 906-907; 909-910; 912-913; 915-919; 921-923; 925; 927-928; 930-931; 933-934; 936-937; 940-943; 945-947; 949-950; 952-953; 955-959; 961-970; 973-976; 978-979; 982-983; 985-988; 990-994; 996-1000; 1003; 1005-1006; 1008-1012; 1014-1019; 1022-1025; 1027-1029; 1031-1034; 1036-1043; 1045-1046; 1048-1049; 1051-1052; 1055; 1057-1061; 1063-1065
wta_rankings_83_99.csv,1996-06-10,1,1071,736,335,29; 93; 149; 231; 244; 261-263; 283; 287; 294; 310; 318; 324; 330; 335; 344; 348; 358; 361; 368; 370; 372; 374; 376-377; 380; 384; 390; 396; 398; 400; 403; 407-408; 417; 419; 422; 429; 441-442; 449; 451; 454; 462; 467; 476; 482; 486; 488; 490; 493; 500; 505; 507; 509; 517; 519; 524; 528-529; 532; 536; 540-543; 546-547; 550-551; 557-558; 562; 567; 569; 575; 578; 580; 582-583; 589-592; 594; 596; 599; 601-602; 608; 610; 615; 617; 627; 631; 635; 639-641; 649; 651; 653; 659-661; 663; 665; 667-668; 670; 684; 688-689; 693; 696-697; 705-707; 709; 711; 714; 718; 724-725; 730-731; 734; 737-742; 745; 747-748; 752; 754; 756-758; 760; 762-765; 767-768; 770; 772-773; 778; 780; 783; 785-786; 790; 792; 795-796; 798; 800-803; 805-806; 810; 812-814; 816-818; 820; 822; 824-829; 832; 835-836; 838; 840; 844; 848; 850; 853-854; 856-858; 860; 864; 868-869; 871-872; 875-876; 878-880; 882-883; 885-886; 889-895; 900-901; 904-907; 909; 913; 915; 917; 920-921; 923; 925-926; 928; 930-931; 933-935; 937-939; 942-945; 947-948; 950; 953-954; 956-957; 959-961; 963-964; 967-969; 971-972; 974-975; 978-980; 982-987; 989-992; 994; 996-1000; 1003-1005; 1007-1011; 1013; 1015-1019; 1022-1027; 1029-1030; 1032-1033; 1035-1041; 1043; 1046-1047; 1051; 1053; 1055-1060; 1062-1063; 1065-1070
wta_rankings_83_99.csv,1996-06-17,1,1078,738,340,30; 92; 145; 177; 229; 244; 261; 263; 265; 280; 283; 294; 303; 318; 322; 326; 332; 341; 343; 356; 362; 367; 369; 371-373; 379-380; 384; 392; 395; 399; 401; 403; 405-406; 418; 424; 438; 444-445; 447; 450; 458; 464; 472; 477; 481-482; 484-485; 494; 499; 501; 506; 514; 516; 521; 524-525; 531; 535; 538-539; 541; 545-546; 549-550; 555; 560; 563; 566; 572; 575; 577; 580-581; 586-588; 592; 594; 596-597; 602-603; 607-608; 613; 617; 619; 622; 631; 635; 637; 641-642; 648-649; 651; 655-656; 658; 662; 666; 668; 675; 677; 681; 684-685; 689; 691-692; 699-701; 703; 705; 714; 722-723; 726; 729; 731; 734-736; 738-739; 741; 743; 745-747; 750; 754-757; 759-760; 763-764; 766-770; 772-773; 775; 779; 781; 784; 786-787; 790; 792-794; 796; 798; 800-802; 804-805; 808; 813-816; 818-821; 823; 826-827; 829-832; 835; 838; 841; 845; 850-851; 854; 856-857; 859; 863; 865; 868-869; 871-872; 875-876; 878-880; 883-884; 886-887; 889; 891-900; 902; 905-906; 909-911; 916; 918; 921; 923; 926-927; 930; 932-934; 936-940; 943-946; 948-950; 952; 955-956; 958-961; 963-965; 967-968; 971-972; 974; 976-977; 980-982; 984-987; 989-992; 994-995; 997-1002; 1005-1008; 1010-1013; 1015; 1017-1024; 1027-1031; 1033-1034; 1036-1037; 1039-1044; 1046; 1048; 1050-1051; 1056-1058; 1060-1065; 1067-1069; 1071-1077
wta_rankings_83_99.csv,1996-06-24,1,1069,740,329,32; 91; 148; 223; 234-235; 261; 263; 279; 291; 296; 299; 318; 323-324; 328; 332; 341; 347; 361-362; 369; 374; 377-378; 380-381; 389; 392-393; 400; 402; 405; 407; 409-410; 426; 428; 439-440; 446-448; 453; 461; 468; 474; 483; 485; 489; 494; 499; 510; 516; 523; 529; 532-533; 535; 537; 539-540; 551; 554; 558; 561-562; 565; 568; 571; 573; 575-576; 578-580; 585; 588; 591; 595; 611; 615; 617-618; 623; 625; 627; 630; 633; 636; 641-642; 646; 648-649; 652; 656; 659; 661-662; 664; 666-667; 680; 682-683; 687-688; 690; 694-695; 697; 710; 717-719; 722-723; 726; 728; 730; 733-734; 737-738; 740; 742-744; 746; 749-755; 757-758; 761-764; 766-767; 769; 772; 780; 782; 786-788; 791-793; 795; 798-799; 802; 805; 808-809; 811-812; 814-819; 822-823; 825; 827-831; 833; 835-836; 838-840; 843; 846; 849; 852-853; 855; 858; 860; 862; 867-868; 871; 873-875; 878; 880-882; 884; 886; 888-889; 891; 893-898; 900-902; 904-905; 908-909; 911-913; 918; 920; 922-923; 926-927; 930-931; 933-937; 940-941; 944; 946-947; 950-951; 953-955; 957-960; 962-963; 965-966; 968-969; 971; 973-974; 977-979; 981-983; 985; 987-991; 993-994; 996-1001; 1004-1007; 1009-1011; 1013; 1015-1020; 1023-1026; 1028; 1030; 1032-1036; 1038-1040; 1042-1044; 1048-1049; 1051-1056; 1058-1060; 1062-1068
wta_rankings_83_99.csv,1996-07-01,1,1069,637,432,32; 67; 91; 101; 138; 148; 168; 175; 186; 191; 194; 198; 223; 234-235; 243; 245; 261; 263; 271; 279; 288; 291; 294; 296; 299-300; 311; 315; 318; 321; 323-324; 328; 332; 334; 337; 341; 344; 347; 349-350; 361-362; 367; 369-370; 374; 377-378; 380-381; 384; 389; 391-393; 396; 400; 402; 405; 407; 409-410; 415; 418; 426; 428; 436; 439-440; 445-449; 451; 453; 461; 467-468; 470-471; 474; 478; 483-485; 489; 492-494; 499; 502; 504; 510-511; 516; 523; 525; 527; 529-530; 532-535; 537-540; 543; 549-552; 554; 558; 561-562; 565; 567-569; 571; 573; 575-576; 578-581; 585; 587-588; 591; 595; 599; 610-611; 615; 617-618; 623; 625; 627; 629-630; 633; 636; 641-642; 646; 648-649; 651-653; 656-657; 659; 661-662; 664; 666-667; 680-683; 685-688; 690; 693-695; 697-698; 710; 715; 717-719; 722-724; 726; 728; 730-731; 733-734; 737-746; 749-767; 769; 772; 778; 780; 782-783; 786-788; 791-793; 795; 798-799; 802; 805; 807-812; 814-820; 822-823; 825-833; 835-836; 838-841; 843-846; 849; 851-853; 855; 857-858; 860-863; 867-868; 871; 873-875; 878; 880-884; 886; 888-891; 893-898; 900-902; 904-906; 908-909; 911-913; 916-918; 920-923; 926-927; 930-931; 933-937; 940-941; 944; 946-947; 949-951; 953-960; 962-963; 965-966; 968-971; 973-974; 977-979; 981-983; 985; 987-991; 993-994; 996-1001; 1004-1007; 1009-1011; 1013; 1015-1020; 1023-1028; 1030; 1032-1036; 1038-1040; 1042-1045; 1048-1049; 1051-1056; 1058-1060; 1062-1068
wta_rankings_83_99.csv,1996-07-08,1,1060,739,321,32; 114; 148; 215; 218; 233; 240; 260; 286; 288; 292-293; 312; 322; 332; 344-346; 355; 358-359; 363; 370; 372; 374-375; 381; 390; 406-408; 412; 420; 423; 426; 428; 442-443; 450; 457-458; 461; 467; 476; 480; 483; 488-489; 495; 498-499; 508; 520; 522; 525; 527; 535; 538-539; 545-546; 552; 558; 563; 565; 568-571; 576-577; 582; 587; 592-593; 600; 603-604; 606-607; 611-612; 614-615; 622; 624-625; 627-630; 635; 637-638; 642; 647; 649-650; 652; 654; 657; 660; 663; 668; 675; 679; 683; 685; 688; 691; 693; 698-699; 701; 704; 706; 713; 715; 720; 722-723; 726; 728; 731; 734; 737-739; 742-743; 745-746; 749-754; 756; 761-762; 764; 767-770; 773; 776; 781-782; 786-787; 791-793; 798-799; 801; 805-807; 809; 811; 813-814; 816-817; 821; 825-826; 829-832; 843; 847-849; 851; 853-855; 858; 860; 863; 866-867; 869; 873-876; 879; 883-886; 889-892; 896-898; 900-902; 904-905; 907; 910; 912-913; 915; 917-922; 924-926; 928-929; 931-934; 936-941; 943-944; 946-947; 949; 951; 953-955; 957; 959-963; 965-966; 969-970; 972; 974-975; 978-982; 984; 986-988; 990; 992-995; 997-1002; 1004-1010; 1013-1016; 1018-1020; 1022; 1024-1031; 1033; 1035-1038; 1041; 1043-1048; 1050-1051; 1053-1059
wta_rankings_83_99.csv,1996-07-15,1,1063,739,324,32; 114; 139; 148; 221; 231; 241; 261; 287; 291-293; 313; 331; 337-339; 348; 355; 357-358; 361-362; 366; 368; 371; 377; 389; 405; 407; 411; 415-416; 420; 422; 424; 433; 438-439; 442; 450; 452; 454; 458; 466; 473; 475; 478; 480; 485; 487; 490; 502-503; 508; 522; 524; 526; 528; 536; 540; 543; 546-547; 549; 553; 566-567; 569-570; 576-578; 580; 583-585; 592; 597-598; 604; 609; 611-613; 617-618; 620; 624-625; 629; 631; 635-638; 646; 650; 652-653; 655; 665; 668; 670; 673; 679; 681; 687; 689; 695; 697-699; 702-704; 709; 711-712; 717-718; 721-722; 724; 727; 732-733; 735; 738; 740-744; 747; 749-752; 754-755; 760; 762; 764-765; 767; 769-770; 773; 775-776; 781-783; 789; 792-793; 795; 799-801; 804; 806-808; 813-814; 816-817; 820; 823; 826-828; 830-834; 841; 845; 849-851; 853; 855-856; 859; 861-862; 865; 867; 872-875; 879; 884-885; 887-890; 892; 894-898; 902-905; 907; 909; 913-914; 916; 918-922; 924-925; 927; 929-930; 932-937; 939-940; 943; 945; 947; 949-952; 954; 956-960; 962-963; 967-968; 970; 972-973; 975; 977-981; 983; 985-987; 989; 991-994; 996-1003; 1005; 1007-1013; 1016-1021; 1023-1025; 1027; 1029-1035; 1037; 1039-1040; 1042; 1045; 1047-1055; 1057-1062
wta_rankings_83_99.csv,1996-07-22,1,1068,738,330,32; 116; 150; 243; 261; 268; 270; 282; 294; 300; 308; 319; 325; 328; 335; 337-338; 348-349; 352; 357-358; 360; 363; 367; 371; 378-379; 391; 405; 408; 410; 412-413; 416; 421; 437-440; 450-451; 456; 458; 465; 471; 480; 483; 486; 489; 493; 495; 503; 505-507; 515; 525; 527; 531; 533; 536; 542-543; 549; 554; 557; 561; 563; 566-568; 570; 573; 577; 581-583; 585; 587; 591; 598; 601; 603; 610; 612; 614; 619; 622-623; 626-627; 630; 633; 637; 648; 651; 653-654; 656; 664; 666; 668; 673; 675; 677; 681; 683; 685-686; 689; 691-692; 698-699; 701; 704-706; 714-718; 722; 724-725; 727; 729; 732; 736-738; 742; 745; 747-748; 750; 752-753; 756-757; 759-760; 762-764; 766-769; 773-774; 778; 782-783; 785; 790; 792-794; 798; 801; 803-804; 806; 808; 810; 812; 815-816; 818-820; 822; 825; 828; 830-834; 844; 848-852; 854-855; 857; 859-860; 864-865; 867; 872; 875-876; 878; 882; 886-887; 889-893; 896; 898-903; 905; 908-910; 912; 914; 916; 918-919; 922-923; 925-926; 928; 930; 932; 934-935; 937; 939-943; 946-947; 949; 952; 954; 956-959; 961; 963-968; 970-971; 973-974; 976; 978-980; 983-986; 988; 990-992; 994-997; 999-1017; 1020-1024; 1026-1027; 1029; 1031; 1033-1039; 1041; 1043-1044; 1046; 1048; 1050; 1052-1057; 1059-1060; 1062-1067
wta_rankings_83_99.csv,1996-07-29,1,1070,747,323,32; 115; 130; 240; 242; 245; 265; 279; 293; 301; 304; 320; 326; 335; 337; 343; 350; 352; 367; 370; 378; 380; 384; 389; 391; 394; 403; 408; 410-411; 413; 416-417; 422; 435; 440; 446; 448; 457-459; 465; 474; 481; 484; 490; 492; 502; 504; 506-508; 512-513; 520; 524-526; 528; 532; 536; 547; 552; 555; 557; 560; 565-570; 574; 576; 578-579; 589; 593; 596; 599; 602; 608-609; 611-612; 615-616; 621; 623; 625; 627; 632; 640; 646; 654; 656-657; 659; 663; 667; 669; 678; 680; 682; 691-692; 697-699; 701; 704; 711; 716-720; 722; 724; 730-731; 733-734; 736; 738-739; 744-745; 747-749; 752-753; 755; 757-758; 760-761; 763; 766-770; 773-774; 777; 781; 783; 785-786; 793-795; 799-800; 803; 806-807; 809; 811-812; 815-817; 819; 823; 826; 828-831; 835; 844; 847-849; 852; 854; 857-858; 860-861; 864; 866; 868-871; 873; 876; 880-881; 883-885; 889-893; 895; 897-898; 902-903; 906-907; 909; 912; 914-915; 917; 919-920; 922; 924-925; 928; 930; 932-933; 935; 938-943; 947; 949-950; 952-954; 957-962; 964-965; 967-969; 971-974; 976; 978-980; 982; 984-986; 989; 991-994; 996-1012; 1014-1018; 1020-1023; 1025-1026; 1028; 1030-1036; 1038; 1040-1042; 1044; 1046; 1048; 1050-1055; 1057-1058; 1060-1066; 1068-1069
wta_rankings_83_99.csv,1996-08-05,1,1059,743,316,32; 111; 117; 129; 142; 234; 249; 257; 264; 278; 287; 296; 302; 316; 327; 329; 337-338; 340; 349; 351; 372; 378; 382; 384; 388; 390; 392; 399; 402-403; 409-410; 418-419; 422; 442-443; 457-460; 464; 482; 484; 494-495; 503; 505; 508; 512-513; 518; 521-525; 528; 543; 546; 552; 556; 561; 564; 569; 571; 573; 575; 578; 580; 585-587; 589; 592; 594; 599-602; 608; 610; 612; 617; 622; 625-626; 629-630; 634; 636; 648; 650-651; 658; 661; 663; 666; 674; 677; 683-684; 686; 691-693; 697; 701; 706; 711-713; 716-717; 719-720; 722-724; 726; 730-731; 733-734; 736; 740-742; 744; 747; 750-752; 754-756; 759-765; 767; 770-772; 774; 776; 778; 788-789; 792-793; 797; 799-800; 802; 804; 806; 809; 814-816; 818; 822; 825-829; 839-840; 842-843; 847; 849; 852-855; 857; 859; 861-862; 864-867; 869; 873-874; 876; 879-882; 884; 887-888; 890; 892-893; 897; 902-904; 907; 909; 911; 913-914; 917-918; 921; 923; 925-927; 929; 931-936; 939-941; 943-945; 948; 950-955; 957; 959-960; 963; 965-968; 970; 972-976; 978-983; 985-988; 990-995; 997-999; 1001-1006; 1008-1012; 1014; 1016-1017; 1019; 1022-1023; 1025-1030; 1032; 1034-1035; 1037-1038; 1042-1046; 1048-1049; 1051-1058
wta_rankings_83_99.csv,1996-08-12,1,1063,746,317,31; 109; 116; 143; 236; 252; 259; 266; 290; 293; 296; 305; 312; 326; 330; 335; 342; 346; 348; 366; 368; 374; 382; 387; 389; 391; 395; 399; 405-406; 411; 415; 420; 426; 433; 440; 442; 447; 449; 453; 458-459; 465; 485-486; 494; 503-504; 510; 515; 517; 519-520; 522-526; 537; 540; 543; 546; 550; 553; 560; 565; 569; 573-576; 579; 583; 585; 590-591; 594; 598; 603-604; 609; 612; 614; 617; 620; 626; 629; 632; 636; 646; 650-651; 653; 659; 661; 665; 669; 671; 676; 679; 683; 687-688; 690; 692; 697-698; 701; 706; 708; 714; 716-721; 723; 726; 728-729; 731; 733-737; 739; 741; 743-744; 747-749; 752-756; 759-761; 764; 766-771; 773-774; 777-778; 787; 791; 795; 797-798; 800; 803; 805; 808; 810; 813-814; 816; 818; 820; 826; 829-830; 832; 836; 838; 841; 843; 845-846; 848-849; 853; 855; 858-859; 861; 863-864; 866-868; 870-873; 875; 879; 882-883; 885; 887-888; 890; 894-895; 897; 901-902; 904; 911-912; 914-915; 918; 920-922; 925-929; 931; 935-937; 940-942; 945; 947-953; 955; 957-959; 962-963; 965-966; 968; 970-972; 974-976; 978-983; 985-989; 991-994; 996-998; 1000-1004; 1006-1013; 1015-1017; 1020; 1023-1029; 1031-1032; 1034-1035; 1037; 1039; 1041-1045; 1047-1048; 1051-1058; 1060-1062
wta_rankings_83_99.csv,1996-08-19,1,1078,746,332,30; 102; 109; 154; 187; 194; 201; 234; 262; 271; 279; 286; 293; 295; 298; 306; 313; 320; 331; 335; 337; 346-347; 358; 368-369; 373; 375; 383; 387; 389; 391; 398; 403; 407-408; 412; 423; 429; 441-442; 444; 446; 449; 455; 457; 483; 485; 488; 495; 498; 503; 505; 514; 516; 518-519; 521-524; 529; 531; 542; 548; 552; 556; 561; 563; 566-567; 570; 577-578; 582-584; 591; 594-595; 599; 604-605; 607-608; 614-615; 620; 626-627; 629; 632; 637-638; 641; 651; 653-654; 661; 669-671; 674; 677-678; 680-681; 684; 689-690; 694-695; 697; 705; 708-709; 712-713; 716; 722-723; 726-727; 729-730; 732-733; 737; 739-742; 746-747; 749; 752-754; 756-758; 760-761; 763; 765-769; 773-774; 776; 778; 781; 784; 788-789; 791-792; 796-798; 801-802; 804; 808-809; 811; 814-816; 818; 821-822; 825; 827; 829-830; 834; 837; 840-841; 844; 846; 849; 851-852; 857; 860; 862-865; 867; 870; 872-873; 875; 879-880; 883-885; 887; 891-893; 895; 897; 899; 901-902; 906; 908; 910; 915; 917; 919; 922-924; 927; 929-931; 936-940; 943-944; 947-948; 950; 952-953; 955-956; 958-959; 961-962; 964; 966-967; 969; 971-972; 974-975; 977-980; 982-989; 992-1002; 1004-1012; 1014-1019; 1021-1023; 1025-1027; 1029-1030; 1034-1041; 1044-1050; 1053-1054; 1056-1060; 1062-1063; 1065; 1067-1073; 1075-1077
wta_rankings_83_99.csv,1996-08-26,1,1080,751,329,30; 102; 109; 154; 188; 203; 237; 263; 270; 280; 289; 296; 300; 304; 310; 314; 326; 333; 338; 348; 361; 364; 371; 376; 378; 391; 393-394; 402; 409; 411; 415; 420-421; 440; 443-446; 453; 468; 482; 491; 497; 499; 503-504; 510; 512-514; 520-522; 527; 529; 531; 539; 543; 545; 552; 556; 564; 566; 568; 570; 572; 575; 585-586; 588; 591; 596; 598-599; 608-610; 618-620; 622-623; 625; 628; 630; 633; 635; 639; 641; 644; 652; 655; 668-669; 673-674; 677; 679; 682; 684; 689; 691; 696; 699-700; 702; 706; 710-711; 714; 718; 721; 723-727; 729; 732-733; 735; 742-745; 747; 749-750; 752-753; 757-758; 760; 762; 764-770; 773-774; 776; 778-780; 783; 786; 789-790; 792; 795-799; 801; 803; 806; 809-810; 812; 815; 818; 820-821; 825; 827-828; 834-836; 838; 841-842; 844; 846; 852-853; 858; 860; 862-863; 865-866; 868; 871; 873-875; 877; 880; 885-886; 890-891; 893; 895; 897; 899-900; 902-903; 905; 908; 910-911; 913; 916; 921; 923; 926-929; 932-934; 936-938; 941-944; 946; 950; 952; 955; 957-962; 964-966; 968-970; 972-973; 975-976; 978-982; 984-988; 990-997; 999-1010; 1012-1019; 1021-1026; 1028-1030; 1032-1034; 1036; 1040-1046; 1048-1050; 1052-1054; 1057-1058; 1060-1065; 1068-1069; 1071; 1073-1079
wta_rankings_83_99.csv,1996-09-02,1,1080,646,434,30; 57; 102; 106; 109; 131; 154; 162; 172; 188-189; 202-203; 211; 237; 242; 250; 263; 270; 274; 280; 285; 289; 296-298; 300-301; 304; 306; 309-310; 314; 326-328; 333; 336; 338; 340; 348; 350; 352; 357; 361; 364-365; 369-371; 376; 378; 388; 391; 393-394; 402; 409; 411-412; 415; 420-421; 424; 432; 440; 443-446; 453; 457; 460-461; 464-465; 468; 475; 482; 491; 497; 499; 501; 503-504; 509-510; 512-514; 516; 518; 520-522; 524; 527; 529; 531; 533-536; 539; 543; 545-546; 551-552; 556; 559; 564-570; 572; 575; 585-586; 588; 591; 596; 598-599; 601; 603; 608-610; 612; 618-620; 622-623; 625; 628; 630; 633; 635; 638-639; 641-642; 644; 646; 650; 652; 655; 657; 660; 667-669; 673-674; 677; 679; 682; 684; 687; 689; 691-693; 696; 699-700; 702; 705-706; 708-712; 714; 717-718; 721; 723-727; 729; 732-733; 735; 738; 740; 742-747; 749-750; 752-753; 755; 757-760; 762-770; 773-774; 776-781; 783; 786; 789-790; 792; 794-801; 803; 806; 808-812; 815; 818-821; 823; 825-828; 832; 834-836; 838; 841-842; 844; 846; 849; 852-853; 855; 858-860; 862-863; 865-866; 868; 870-877; 880; 882; 885-888; 890-891; 893; 895; 897; 899-900; 902-903; 905; 907-908; 910-911; 913; 916-918; 921; 923; 925-929; 932-934; 936-939; 941-944; 946; 950; 952; 954-955; 957-962; 964-966; 968-970; 972-973; 975-976; 978-982; 984-988; 990-997; 999-1010; 1012-1019; 1021-1026; 1028-1030; 1032-1034; 1036-1038; 1040-1050; 1052-1055; 1057-1058; 1060-1065; 1068-1069; 1071; 1073-1079
wta_rankings_83_99.csv,1996-09-09,1,1076,765,311,32; 74; 113; 208-209; 285; 294; 302; 308-309; 319-320; 335; 337; 341; 351; 357; 361; 372; 380; 383; 394; 401; 408-409; 417; 421; 425; 439; 442-445; 450; 456; 467; 479; 483; 486; 497; 499; 515-516; 518; 522; 524; 529; 533-534; 536-537; 554; 558; 560; 562; 564; 571; 573-574; 577; 580-582; 585; 588; 591; 595; 600; 602-603; 605; 610; 612-615; 617; 619-621; 623; 629-630; 634-635; 637; 649; 654-655; 664; 667; 671-673; 676; 678; 685; 687; 689; 691; 693-694; 696-697; 705; 707-708; 711; 715; 717-719; 722; 725; 727-729; 731-732; 739-740; 744-747; 751-752; 754-755; 758-761; 764; 766-767; 769; 771; 776; 779; 781; 784-788; 792; 794; 797; 800-801; 804; 808; 812-813; 819; 821; 825; 827-828; 830; 834; 836; 838; 840-841; 845-846; 848-849; 851-852; 855; 858; 861; 863; 866; 869; 872-875; 877; 884; 887; 890; 892-893; 895; 897; 899-900; 902; 905; 907; 911; 913-914; 917-919; 923; 926; 928; 930-931; 935-941; 944; 947; 950; 953-954; 956-958; 960-961; 963-964; 966-967; 969; 971-972; 974-975; 977-978; 980; 982-987; 989-996; 998-1002; 1004-1010; 1012-1017; 1019-1021; 1023-1025; 1027-1030; 1032; 1035-1036; 1038-1041; 1043-1049; 1052-1057; 1060-1062; 1065-1075
wta_rankings_83_99.csv,1996-09-16,1,1066,759,307,31; 76; 118; 208; 211; 246; 283; 288; 294; 299; 304; 312; 314; 320; 331; 341; 350; 354; 358; 360; 383; 387; 391; 412; 418; 420; 423; 426; 440-442; 448; 452; 456; 469; 472; 481; 492; 499-501; 503; 511; 513-515; 520-521; 524; 530; 535; 537-538; 557; 559; 561; 568; 570-571; 573; 576-577; 580; 583; 588; 594; 601-603; 605; 607; 610; 612; 618-620; 622; 624-627; 631; 637; 643; 658-659; 662; 664-666; 671; 673; 679; 681; 684-686; 688-689; 697; 699-700; 702; 705; 710-711; 716; 718-720; 723; 728-729; 731-732; 734; 736-737; 739; 743-746; 748-749; 751; 753-754; 756; 762; 765; 767-768; 770; 774-775; 777; 779; 781; 784; 786; 788-789; 793-795; 797; 801; 805; 809; 814-816; 822; 825; 827-829; 832; 834; 837; 840; 842; 845; 847; 849-850; 852-856; 858-860; 865; 870; 873; 875-876; 878-880; 882; 884-887; 891-893; 898-900; 904; 906-907; 910; 912; 914; 916-917; 919-921; 923-925; 927; 929-935; 937; 939; 941-942; 946-947; 949-950; 953-954; 956-958; 960-961; 966-967; 969-970; 972; 975-979; 981-991; 993-1002; 1004-1009; 1013-1015; 1017-1019; 1021-1023; 1027-1029; 1031-1033; 1036-1041; 1043; 1045-1051; 1054-1056; 1059-1065
wta_rankings_83_99.csv,1996-09-23,1,1062,763,299,31; 72; 115; 189; 209; 244; 282; 288; 293; 300; 310; 316; 319; 324; 339; 347; 351; 356; 359; 387-388; 391; 413; 417; 437-439; 446; 449; 455; 465-466; 475; 477; 479; 492-493; 499-501; 505; 510; 516; 518; 522; 527; 535; 537; 544; 549; 559; 562; 564; 567; 569-570; 572-573; 575; 579-580; 584; 593; 596-599; 602; 605; 608; 610; 614-616; 618; 622; 625-626; 633; 638-639; 642; 648; 659; 661; 663-665; 671; 679; 681; 683-685; 687-688; 692-693; 698; 701-702; 705; 711-712; 718; 720; 723-724; 730-733; 735; 740; 745-746; 748-751; 753-754; 756; 760-761; 764; 767-768; 773; 775; 778; 781; 783; 785; 787; 790-793; 800-801; 806; 810-812; 815; 819; 823-824; 827-828; 831; 833-835; 838; 841; 843; 845; 847-848; 850; 852-856; 858-859; 863; 866-868; 870; 872; 874; 876-879; 881; 883; 885-886; 890-892; 897-898; 902; 904-905; 907; 909; 911; 913-915; 917-921; 923-924; 927-933; 935; 937; 939; 943-946; 948-950; 952-954; 957; 959; 963; 965-966; 968; 972-976; 978-983; 985-995; 997-1002; 1007-1008; 1010-1014; 1016-1017; 1021-1026; 1028-1029; 1032-1037; 1039; 1041-1042; 1044-1048; 1051-1052; 1055-1061
wta_rankings_83_99.csv,1996-09-30,1,1061,746,315,33; 70; 112; 204; 238; 255; 278; 292; 296; 300; 311; 316-317; 328; 339; 341; 344; 350-351; 361; 364; 381-382; 404; 406; 408-409; 411; 426; 428; 432; 438; 444; 447-448; 451; 453; 460; 466; 475; 494-496; 500; 508; 512-514; 516; 518; 520; 524; 531; 535-536; 545; 549; 554; 561; 564-565; 567; 570-572; 579; 588; 590; 593; 595; 597; 599; 603; 607; 609; 614-616; 624; 627; 630; 633-635; 638; 642; 653-654; 656-658; 661; 664-667; 671; 675; 679-681; 684-685; 689; 691-692; 695; 697-698; 701; 708-709; 715; 718; 721; 726-727; 732-735; 739; 743; 747-750; 752; 754-755; 757; 759-760; 764; 766; 772; 774; 776; 778; 782; 784; 786; 788; 790-792; 794; 798; 803; 806; 808-809; 811; 814; 817; 821-822; 824-828; 831-833; 835; 839; 842-843; 845; 849; 851-853; 855-856; 858; 860-867; 872-873; 876-879; 881-883; 885; 887-889; 891; 894-895; 897-898; 901-902; 906; 908-912; 915-916; 918-919; 921-923; 925-928; 930-940; 942-943; 945-946; 948-949; 952-953; 955-956; 958; 962; 964-965; 968; 970-971; 973-974; 976-977; 979-984; 986-991; 993-1003; 1005-1008; 1010; 1012; 1014; 1016-1017; 1019-1022; 1024; 1027-1033; 1036-1038; 1040-1041; 1043; 1045; 1047-1050; 1053-1054; 1057-1060
wta_rankings_83_99.csv,1996-10-07,1,1055,759,296,30; 70; 110; 204; 236; 281; 288; 296; 300; 306; 308; 315; 335-337; 349; 363; 373; 382; 385; 407; 410; 415; 427-428; 430; 441-442; 450; 453; 457; 465; 478; 496; 499; 503-504; 510; 512; 515-516; 518; 520; 525; 528; 539; 543; 545; 552; 557; 559-560; 562; 565-566; 568; 574; 579; 583; 585; 588; 591; 594; 596; 602; 612-614; 617; 619; 621; 626; 630; 632-633; 642; 650-651; 655-657; 661; 664-668; 670; 672; 675-676; 678; 684; 690; 694; 697-698; 702-704; 706; 712; 714; 717-718; 722; 732-734; 736-737; 746-749; 751; 753; 755; 757-759; 761; 765; 770; 775-776; 778-779; 781; 786; 790-794; 799-800; 805; 808-810; 812-814; 820-822; 825-827; 829; 832; 835; 839; 841; 843-844; 846; 850; 852-855; 857; 859-860; 862-866; 868; 870; 875-876; 878-881; 883-886; 888-890; 892-894; 896; 899-900; 902; 905; 907; 910; 912; 914-916; 919-920; 922-923; 925-928; 930-933; 935-943; 945-946; 949-953; 956-958; 960; 962; 966; 968-969; 972; 974-975; 978-979; 981-985; 987-991; 993; 995-1001; 1003-1007; 1009-1010; 1012-1014; 1016-1019; 1023-1030; 1032; 1034-1037; 1039; 1041; 1043; 1046-1050; 1053-1054
wta_rankings_83_99.csv,1996-10-14,1,1071,763,308,34; 72; 112; 196; 241; 284; 287; 299; 301; 309; 311; 319; 339; 345; 349-350; 368; 377; 389; 401; 407; 415-416; 426-427; 432; 448; 451; 453; 459; 462; 489; 496; 498; 500; 503; 506; 510; 513; 520-522; 527-528; 533; 536; 538; 555; 557; 559-561; 575-578; 581; 584; 588-589; 600; 606-608; 611; 614; 617; 623-624; 627-628; 630; 632; 638; 640-641; 645; 647; 649; 655-656; 660; 664; 668-672; 677-678; 680; 685; 689; 691; 693-697; 701-702; 708; 714; 717-718; 721; 730-732; 735; 737-738; 740; 751-755; 757; 760; 762; 764; 766; 769; 771; 773; 775; 777-778; 781; 784-785; 788; 792-793; 799-800; 802; 807; 813-815; 817-819; 824-825; 828-831; 838; 841-842; 847-850; 852-853; 855; 858-859; 862-864; 866-868; 872-873; 876-877; 880; 882-884; 886; 888-889; 891; 894; 896; 900; 902; 904-905; 907-908; 911-912; 914; 916-922; 924-927; 929-939; 941-942; 944-949; 951-952; 954-959; 963-964; 966-970; 973-974; 976-978; 980-981; 983-985; 987-994; 996-997; 999-1003; 1005-1007; 1009-1011; 1013; 1015-1016; 1018; 1020-1021; 1023-1026; 1028-1029; 1032; 1034-1039; 1041; 1043-1045; 1047-1049; 1053-1058; 1061-1062; 1064-1066; 1068-1070
wta_rankings_83_99.csv,1996-10-21,1,1069,767,302,34; 80; 119; 134; 198; 279; 285; 288; 298; 302; 312; 316; 320; 342; 346; 352; 372-373; 380; 397; 405; 411; 413; 423; 428; 430; 450; 452; 454-455; 462; 465; 498; 500; 503; 506-508; 512; 515; 521; 525; 528-530; 533; 547-548; 555; 557-558; 560; 574-576; 581-582; 585; 587-588; 590; 596; 603-604; 606; 609; 612; 619; 621; 623; 626; 634; 639; 641; 643; 647-648; 655-656; 658-659; 662-663; 676; 681-682; 687; 691-692; 694-695; 697; 702; 707; 710; 713; 721; 724-727; 729; 731; 738-741; 743; 748; 751-752; 754-755; 757; 759-760; 764; 766; 768; 770; 772; 775; 778; 783-785; 790-791; 793-795; 798; 800; 804; 808-810; 812-813; 815-816; 820-823; 827-828; 830; 836-837; 843; 848-850; 852-854; 856; 860-865; 867-868; 872-874; 876; 880-881; 883-885; 887-889; 893-895; 897-898; 902; 904; 907-908; 910; 912-915; 917-918; 920-923; 925-930; 932-933; 935-936; 938-941; 943-945; 947; 949-952; 955-956; 958-959; 961-964; 966; 968-972; 974; 976-979; 982-989; 991-992; 994; 996-1001; 1003-1008; 1010; 1012; 1014; 1016-1017; 1019; 1021-1022; 1025-1026; 1029-1033; 1035-1037; 1039; 1041-1044; 1048-1053; 1056-1058; 1060-1065; 1067-1068
wta_rankings_83_99.csv,1996-10-28,1,1088,771,317,35; 66; 129; 183; 198; 242; 275; 285; 287; 300; 307; 309; 316; 326; 344; 346; 349-350; 355; 357; 362; 417; 419; 427; 429; 435; 448; 452; 455; 457; 467; 469; 501-502; 504-505; 508; 512; 514; 521; 526; 528; 532; 534; 536; 541; 549; 553; 560; 563; 565-566; 569; 578; 582; 584; 586; 591; 593; 595-597; 599; 604; 607; 611-612; 614; 617; 619-620; 622; 631; 633; 637-640; 654; 656; 661-662; 666; 671-672; 674-675; 678-679; 684; 687; 693; 697; 700-701; 704; 706; 709-710; 712; 718; 723; 726; 729-730; 734-737; 739; 742; 750-752; 755; 758; 760; 764; 766-767; 772-773; 775; 777; 779; 781; 783-784; 786; 788; 790; 793; 796-798; 802-803; 806; 813; 816-823; 825; 827; 832-834; 838; 840; 847; 849-850; 852; 857-859; 861; 863-865; 867; 872-874; 876; 878-879; 883-884; 886-887; 889; 892-894; 896-898; 902-904; 906; 908-910; 913-915; 918-919; 922-924; 926-927; 929-931; 933-939; 942; 944-945; 948-949; 951-954; 956; 958-961; 964; 966-967; 969-970; 972-976; 978; 980-984; 986; 988-998; 1000; 1002-1003; 1006; 1008-1009; 1011-1013; 1015-1021; 1023-1027; 1030-1032; 1034-1038; 1041-1042; 1044-1047; 1049-1050; 1052-1056; 1058; 1060-1061; 1064-1071; 1074-1075; 1077-1083; 1085-1087
wta_rankings_83_99.csv,1996-11-04,1,1088,786,302,35; 68; 138; 197; 242; 273; 284-285; 298; 306; 313; 342; 345; 347; 351; 355; 358; 378; 417; 419; 429; 432; 438; 447; 452; 454; 464-465; 471; 485; 505; 507-508; 511; 513; 517; 522-523; 526; 530; 532-533; 538-539; 548; 561; 563; 567; 570; 578; 582; 584; 588; 592-594; 596; 600; 603-604; 607; 613-614; 617; 625; 628; 630; 634; 636-639; 650; 654; 656-657; 661-662; 671-672; 674; 677-678; 683; 688-689; 696; 700; 705; 707; 710-711; 717; 722; 725; 727; 729; 731; 733-738; 744; 750-751; 754-755; 758; 761; 764-765; 767; 771; 773; 775; 777; 779; 783; 786; 791; 793; 796; 799-801; 803; 807; 812; 816-820; 822; 824; 826; 829-830; 832-835; 839; 842; 845; 848; 852; 857-860; 862; 864-865; 869-870; 872; 876; 882-884; 886; 888; 890; 892-894; 896-897; 900-903; 905-908; 911-912; 914; 917-918; 920; 922; 924-926; 928-931; 933-939; 942; 944; 946; 949-950; 952-954; 956; 958; 960-963; 965; 967-968; 970; 972-974; 977; 981-985; 988-989; 991-998; 1000-1001; 1003; 1005-1007; 1009-1014; 1017; 1019-1023; 1026-1029; 1031-1034; 1036; 1039; 1042-1048; 1050; 1052-1053; 1055-1058; 1060-1061; 1063; 1065-1072; 1074-1075; 1077-1083; 1085-1087
wta_rankings_83_99.csv,1996-11-11,1,1100,799,301,34; 68; 131; 198; 275; 286; 288; 292; 300; 312; 338; 345; 350; 354; 356; 359; 362; 367; 383; 413; 423; 430; 432; 434; 441; 447; 454; 457-458; 472; 474; 480; 494; 506; 509-510; 513; 518-519; 522; 524-525; 527; 530; 533; 535-536; 541; 549; 562; 567; 571; 577-578; 587; 594; 596; 598; 600; 602-603; 606; 609; 611; 617; 624-625; 629; 636; 638; 640; 642-643; 645; 654; 656-657; 663; 668; 672; 674; 682-683; 685; 688-689; 699; 705; 710-711; 714-716; 721; 729; 732; 734; 737; 741-743; 746-748; 753; 759; 762; 765-766; 768; 774-778; 781; 783; 785; 788; 790; 796-797; 801; 803; 806; 812-816; 818; 821; 828; 830; 832; 835; 839; 841; 843-845; 849-850; 853; 856; 860; 862; 867-870; 872; 874-875; 879; 881; 884; 888; 890-892; 894; 896; 899-900; 902; 905; 908; 910-911; 913; 915-919; 922; 924-928; 931-932; 935-936; 938; 940-942; 944-946; 948-953; 955; 957; 960-965; 967; 969-974; 976-978; 981; 983-985; 987-991; 994; 996-1004; 1007; 1010-1012; 1014-1015; 1017-1021; 1023; 1025; 1028; 1030-1033; 1036-1040; 1042-1043; 1045-1047; 1049; 1053-1059; 1062-1063; 1066-1069; 1071-1072; 1074; 1077-1082; 1084-1086; 1088-1093; 1095-1099
wta_rankings_83_99.csv,1996-11-18,1,1104,804,300,34; 69; 130; 198; 238; 278; 289; 291-292; 296; 315; 337; 346; 353; 358; 364; 372; 384; 392-393; 396; 418; 429; 435; 438; 440-441; 451; 455; 458; 468; 476; 478; 481; 512-514; 516-517; 521; 523; 526-528; 530; 540-541; 546; 548; 555-556; 568; 572; 576; 584; 592; 596; 599-601; 604-605; 607; 613; 619; 626; 629; 631-632; 636; 638; 640-641; 643; 652-655; 657; 665; 667; 676; 687; 691; 698-699; 703; 707-708; 711; 713; 717; 724; 728; 730; 732-733; 738; 743-745; 747-749; 762; 765; 769-770; 772; 774; 777-779; 781; 783-784; 786; 789; 791; 793; 797-799; 804; 806; 816-818; 820; 822; 824; 829; 831-832; 834; 836; 839; 845; 847-848; 851; 854; 857; 859; 862; 867; 869-873; 875; 877-878; 880; 884; 886; 888; 893; 895-896; 898; 900-901; 903; 905; 907-908; 910; 913; 915; 917-918; 921-924; 928-929; 931-935; 937-938; 941-943; 945-947; 949-950; 952; 954-957; 959-960; 962; 964-967; 970-973; 975-976; 978-983; 985-986; 990; 992-995; 998; 1000; 1002-1009; 1012; 1014; 1016-1017; 1019-1020; 1022-1024; 1026; 1028; 1031; 1033-1036; 1039-1041; 1043-1046; 1048-1049; 1054-1061; 1064-1065; 1068-1072; 1074-1077; 1079; 1081-1085; 1087-1089; 1091-1097; 1099-1103
wta_rankings_83_99.csv,1996-11-25,1,1112,806,306,34; 69; 132; 197; 225; 283; 293-294; 298; 316; 344; 349; 356; 359; 362; 368; 376; 388; 400; 417; 420-421; 430; 435-436; 440; 444; 454; 456-458; 469; 472-473; 491; 497; 500; 511; 515-516; 518-519; 522-523; 525-527; 529; 533; 535; 544; 548; 551; 557; 562; 569; 577; 587; 593-594; 597; 600; 603; 607-608; 612; 616; 627-629; 634-635; 639; 642-643; 646; 653-657; 667; 670; 685; 688; 691; 695; 699; 701; 703-704; 707; 711; 718; 720; 724; 726; 729; 731; 734; 740; 743; 747-749; 751-752; 760; 765; 767-768; 771; 773; 775; 777-778; 780; 782; 785; 787-788; 790; 793; 795-796; 799-800; 802; 806; 808-809; 812; 817; 820-824; 827; 834; 836; 843-845; 848; 850-851; 854; 858; 860; 862; 866-867; 869-872; 877; 879; 884; 886; 888; 893-894; 896-897; 899; 901-904; 906-907; 909-912; 916; 919; 921; 924-926; 929; 932-933; 935; 937-938; 940-941; 944-946; 948; 950-952; 954-955; 958-966; 968; 970-971; 973-974; 976; 978-981; 983-984; 986-989; 991-992; 994-996; 1000-1001; 1004-1006; 1009; 1012-1014; 1016-1017; 1019; 1022; 1024-1025; 1027; 1029-1030; 1032-1034; 1036; 1040; 1042-1047; 1049-1050; 1052-1055; 1057-1058; 1063-1070; 1073-1074; 1077-1080; 1082-1085; 1087; 1089-1094; 1096-1098; 1100-1105; 1107-1111
wta_rankings_83_99.csv,1996-12-02,1,1106,813,293,34; 69; 132; 199; 217; 277; 295; 301; 303; 314; 344; 351; 356; 361; 364; 367; 386; 389; 398; 414; 417-418; 426; 432; 434; 443-444; 454; 457-458; 469; 475; 479; 499; 501; 514; 516; 519; 528; 531; 533; 535; 540; 543; 545; 547; 552; 556; 563; 567; 576-577; 591-592; 595; 599; 601-602; 604; 610; 612; 614; 620; 628-629; 633; 635; 639; 642; 644; 652-656; 665; 670; 673; 688; 693; 696; 698; 701-702; 705; 714; 720; 722-723; 725-726; 728; 734; 737; 742-744; 746-748; 750; 757; 763-764; 766-767; 772; 775; 777; 779; 783; 785; 787-788; 792-793; 795; 798; 800; 802; 806; 808; 811; 814; 816; 819-822; 825; 835; 842-843; 846; 848-849; 851-852; 854; 857-858; 862; 864-866; 869; 872; 874-875; 879; 881; 884; 888; 890-891; 896; 898-900; 902-903; 905-906; 910; 913; 915; 917-918; 920-922; 925; 927; 929-930; 932; 934-938; 941-943; 945; 947-948; 950; 953-961; 963; 965-969; 971; 973-975; 978-979; 981-985; 988-989; 991-994; 998-999; 1002-1004; 1007; 1010-1011; 1013-1016; 1019; 1021-1024; 1027; 1029-1031; 1033; 1037; 1039-1044; 1046-1047; 1049-1051; 1053-1054; 1059-1064; 1067-1068; 1071-1073; 1075-1079; 1081; 1083-1088; 1090-1092; 1094-1099; 1101-1105
wta_rankings_83_99.csv,1996-12-09,1,1106,815,291,34; 69; 131; 198; 223; 278; 295; 299; 303; 314; 344; 348; 353; 362; 366; 375; 388; 400; 415; 418-419; 422; 426; 428; 441; 454-455; 460; 469; 476; 479; 481; 503; 505; 519; 521; 524; 530-531; 534; 537; 540; 545; 547; 554; 556; 559; 564-565; 568; 572; 577; 588-589; 596; 599-600; 606; 608; 611; 614; 616; 622; 626-627; 633; 635; 640; 642; 644; 652-654; 656; 666; 669; 689; 692-693; 700-701; 703; 707; 712; 718; 720; 722-723; 725; 730; 733; 738-740; 742; 744-747; 753; 756; 764-765; 767-768; 773; 775; 777; 779; 782; 785; 788-789; 793-794; 796; 799; 801; 803; 807; 809; 813; 816-819; 822; 831; 839-840; 843; 845-847; 849-850; 852; 854; 856-857; 861; 863-864; 869; 871-872; 874; 877; 879; 882; 884; 887; 889; 891-892; 896; 898-900; 902-903; 905-906; 910; 913; 916; 918-919; 921-922; 925; 927; 929-930; 932; 934-938; 941-943; 945; 947-948; 950; 953-961; 963; 965-968; 970; 972-974; 977-978; 980-983; 986; 988-990; 992; 996-997; 1000-1002; 1005-1006; 1009-1010; 1012-1016; 1019; 1021-1024; 1027; 1029-1031; 1033; 1037; 1039-1044; 1046-1047; 1049-1050; 1052-1053; 1058-1063; 1066-1067; 1070-1073; 1075-1079; 1081; 1083-1088; 1090-1091; 1093-1099; 1101-1105
wta_rankings_83_99.csv,1996-12-16,1,1102,805,297,34; 69; 132; 140; 196; 227; 276; 293; 297; 303; 315; 343; 353; 356; 363; 365; 379; 388; 398; 404; 410; 415; 419-420; 426; 429; 444; 451; 456-457; 467; 479; 481; 485; 504; 515; 517; 520; 526-527; 530; 533; 537; 541; 543; 550; 553; 559-560; 570; 581; 588-589; 594; 597; 600-601; 605-606; 610; 614; 618; 621; 623-624; 629; 631; 635; 637-639; 646; 648-650; 652; 663; 667; 685; 688-689; 697-698; 700; 705; 710; 715; 719; 721-722; 725; 730; 733; 736-738; 742; 744-746; 752; 755; 760-761; 763-764; 769; 772; 774; 776; 780; 784; 786-787; 791-792; 794; 797; 800; 803; 805; 809; 812-814; 818; 820; 826; 829; 833-834; 837; 839-840; 842-843; 845; 847; 849-850; 854-856; 860-862; 864-865; 868; 870; 872; 878; 880; 882-883; 885-886; 888; 890; 892-895; 897-898; 900; 907; 910; 912; 914-915; 917; 919; 921-923; 925-930; 933-935; 937-939; 941-943; 945; 947; 949-955; 957-958; 960; 962-964; 966-969; 972-973; 975-978; 981; 983-984; 986; 990-991; 994-996; 999-1000; 1003-1004; 1006-1009; 1012; 1014-1016; 1018; 1020; 1022-1024; 1026; 1028; 1031-1039; 1041-1042; 1044-1046; 1048-1049; 1051-1052; 1057-1062; 1065-1066; 1069-1070; 1072-1075; 1077; 1079-1084; 1086-1087; 1089-1095; 1097-1101
wta_rankings_83_99.csv,1996-12-23,1,1107,820,287,38; 63; 148; 206; 226; 292-293; 302; 306; 319; 329; 336; 353; 363; 375; 385; 392; 403; 415; 434; 440-441; 445; 458; 464; 471; 474; 479; 501; 512; 515-516; 519; 521; 526-527; 535-539; 548; 561; 569-570; 579; 593; 598; 602; 605-606; 608; 611; 617; 622; 627; 629; 633-634; 637; 642-644; 652; 654-655; 657; 669; 673; 688; 691; 693; 701-703; 707; 709; 711; 720-721; 724; 726-728; 735; 739-741; 744; 747; 749-750; 752; 756; 760; 762-763; 765-767; 773-774; 778; 780; 785; 791; 793; 796-798; 801; 806; 812; 814-817; 820; 831; 833; 835; 839-840; 843; 845-847; 849-850; 852-853; 855-856; 859-860; 862; 867-869; 872; 875; 877; 885; 887-888; 890; 892; 894; 896-897; 899-900; 902; 906; 911; 913; 915; 917; 919-920; 922; 925-928; 930-934; 936; 938-940; 942-944; 946-947; 949; 951; 953-960; 962; 964-970; 972; 974-975; 977-980; 983; 985-986; 988; 992; 994; 996-997; 999-1000; 1003-1005; 1008-1009; 1011; 1013-1016; 1019; 1021-1022; 1024; 1026-1027; 1029-1031; 1033-1034; 1036; 1039-1046; 1048-1049; 1051-1052; 1054-1055; 1057-1058; 1063-1068; 1071-1073; 1076-1077; 1079-1082; 1084; 1086-1092; 1094-1100; 1102-1106
wta_rankings_83_99.csv,1996-12-30,1,1107,820,287,38; 63; 148; 206; 226; 292-293; 302; 306; 319; 329; 336; 353; 363; 375; 385; 392; 403; 415; 434; 440-441; 445; 458; 464; 471; 474; 479; 501; 512; 515-516; 519; 521; 526-527; 535-539; 548; 561; 569-570; 579; 593; 598; 602; 605-606; 608; 611; 617; 622; 627; 629; 633-634; 637; 642-644; 652; 654-655; 657; 669; 673; 688; 691; 693; 701-703; 707; 709; 711; 720-721; 724; 726-728; 735; 739-741; 744; 747; 749-750; 752; 756; 760; 762-763; 765-767; 773-774; 778; 780; 785; 791; 793; 796-798; 801; 806; 812; 814-817; 820; 831; 833; 835; 839-840; 843; 845-847; 849-850; 852-853; 855-856; 859-860; 862; 867-869; 872; 875; 877; 885; 887-888; 890; 892; 894; 896-897; 899-900; 902; 906; 911; 913; 915; 917; 919-920; 922; 925-928; 930-934; 936; 938-940; 942-944; 946-947; 949; 951; 953-960; 962; 964-970; 972; 974-975; 977-980; 983; 985-986; 988; 992; 994; 996-997; 999-1000; 1003-1005; 1008-1009; 1011; 1013-1016; 1019; 1021-1022; 1024; 1026-1027; 1029-1031; 1033-1034; 1036; 1039-1046; 1048-1049; 1051-1052; 1054-1055; 1057-1058; 1063-1068; 1071-1073; 1076-1077; 1079-1082; 1084; 1086-1092; 1094-1100; 1102-1106
wta_rankings_83_99.csv,1997-01-06,1,1108,821,287,39; 63; 149; 205; 224; 291-292; 301; 304; 317; 327; 335; 352; 362; 374; 384; 390; 402; 414; 433; 439-440; 444; 457; 463; 470; 474; 479; 501; 512; 515-516; 519; 521; 526-527; 535-539; 549; 562; 571-572; 581; 594; 599; 603; 606-607; 609; 612; 618; 622; 627; 629; 633-634; 637; 642-644; 652; 654-655; 657; 669; 673; 687; 690; 692; 700-702; 706; 708; 710; 720-721; 724; 726-728; 735; 739-741; 744; 747; 749; 751; 753; 757; 761; 763-764; 766-768; 774-775; 779; 781; 786; 792-793; 796-798; 801; 806; 812; 814-817; 820; 831; 833; 835; 839-840; 843; 845-847; 849-850; 852-853; 855-856; 859-860; 862; 867-869; 872; 875; 877; 885; 887-888; 890; 892; 894; 896-897; 899-900; 902; 906; 911; 913; 915; 917; 919-920; 922; 925-928; 930-934; 936; 938-940; 942-944; 946-947; 949; 951; 953-960; 962; 965-971; 973; 975-976; 978-981; 984; 986-987; 989; 993; 995; 997-998; 1000-1001; 1004-1006; 1009-1010; 1012; 1014-1017; 1020; 1022-1023; 1025; 1027-1028; 1030-1032; 1034-1035; 1037; 1040-1047; 1049-1050; 1052-1053; 1055-1056; 1058-1059; 1064-1069; 1072-1074; 1077-1078; 1080-1083; 1085; 1087-1093; 1095-1101; 1103-1107
wta_rankings_83_99.csv,1997-01-13,1,1108,822,286,39; 64; 102; 199; 213; 292-293; 300; 303; 317; 327; 333; 352; 362; 373; 383; 390; 401; 428; 431; 437-438; 442; 455; 461; 468; 473; 478; 499; 512-513; 516; 518; 522; 526; 531; 534-538; 546; 559; 568-569; 581; 594; 598; 602; 605; 607; 610; 616-617; 621; 626; 628; 633-634; 637; 642-644; 652; 654-655; 657; 672; 686; 688; 691; 699-701; 705; 707; 709; 720-721; 725-727; 734-735; 738-740; 743; 746; 748; 750; 753; 757; 761; 763-764; 766-768; 774-775; 779; 781; 786; 792-793; 796-798; 801; 806; 812; 814-817; 820; 831; 833; 835; 839-840; 843; 845-847; 849-850; 852-853; 855-856; 859-860; 862; 867-868; 871; 874; 876; 884; 886-887; 889; 891; 894-895; 897-898; 900; 904; 908; 910; 912; 914-915; 917; 919; 922-925; 927-931; 933; 935-936; 938; 940-942; 944-945; 947; 949; 951-958; 960; 963-970; 972; 974-975; 977-981; 984; 986-987; 989; 993; 995; 997-998; 1000-1001; 1004-1006; 1009-1010; 1012; 1014-1017; 1020; 1022-1023; 1025; 1027-1028; 1030-1032; 1034-1035; 1037; 1040-1047; 1049-1050; 1052-1053; 1055-1056; 1058-1059; 1064-1069; 1072-1074; 1077-1078; 1080-1083; 1085; 1087-1093; 1095-1101; 1103-1107
wta_rankings_83_99.csv,1997-01-20,1,1108,702,406,39; 61; 64; 68; 90; 96; 102; 199; 201; 213; 215; 221; 227; 246-247; 253; 261; 280; 291-294; 296; 300; 303; 307; 309-310; 317-318; 321-322; 327; 331; 333; 343; 351-352; 362; 364; 373; 377; 383; 385; 387; 390; 392; 400-401; 404; 409; 411; 414; 420; 422; 427-428; 431; 437-438; 442; 455; 458; 460-461; 464-465; 467-468; 473; 476; 478; 480-481; 488; 499; 504; 506-507; 512-513; 516; 518; 522; 526; 529; 531; 534-538; 546; 549; 554; 559; 566; 568-569; 581; 590; 593-595; 598; 602; 605; 607; 610; 615-617; 621; 624; 626; 628; 631-637; 640; 642-644; 649; 651-652; 654-655; 657; 670; 672; 674; 676; 680; 686; 688; 691; 699-701; 705; 707; 709; 714-715; 719-722; 725-730; 733-736; 738-740; 743; 745-748; 750; 753; 755; 757; 761; 763-769; 771; 774-776; 779; 781; 786; 788-789; 791-793; 795-798; 800-801; 806; 808; 810; 812; 814-818; 820-821; 824; 829; 831; 833; 835; 839-840; 842-843; 845-850; 852-853; 855-856; 859-860; 862-863; 867-868; 871; 873-874; 876; 878; 884; 886-887; 889; 891; 894-895; 897-898; 900-901; 903-904; 906; 908; 910; 912-919; 922-925; 927-931; 933; 935-938; 940-942; 944-947; 949; 951-958; 960-970; 972; 974-975; 977-981; 984; 986-989; 992-993; 995; 997-998; 1000-1002; 1004-1006; 1009-1012; 1014-1017; 1020; 1022-1023; 1025; 1027-1032; 1034-1035; 1037; 1040-1047; 1049-1050; 1052-1053; 1055-1056; 1058-1059; 1061-1062; 1064-1069; 1072-1075; 1077-1078; 1080-1083; 1085; 1087-1093; 1095-1101; 1103-1107
wta_rankings_83_99.csv,1997-01-27,1,1107,816,291,43; 83; 105; 175; 222; 286; 298; 301; 312; 319; 331; 338; 360; 364; 381; 387; 397; 400; 420; 423; 433; 435; 458; 466; 470; 492; 506-507; 512; 516-517; 525; 527-530; 532-533; 536; 539; 542; 554; 556; 563; 567; 580; 594; 601-602; 605; 607; 612; 616; 620; 623-624; 628; 634; 641; 643; 649; 656; 658; 661; 677; 679; 690-691; 693; 698; 703-705; 707; 712-713; 717-718; 725; 728-730; 733; 738; 744; 750-756; 761-762; 767-768; 772; 775-776; 780-781; 783; 785-786; 788; 790; 793; 798; 800; 804; 806; 808-810; 814; 824-825; 827; 829; 835-837; 840-841; 843-845; 848-849; 851-852; 854-855; 859; 862; 864; 866-867; 869-870; 873; 877; 885-886; 888; 890-891; 894-896; 898-899; 902; 905; 909; 911; 913-915; 917; 920-922; 924-926; 928-929; 931; 933-935; 937-940; 942-943; 946; 948-955; 957; 960-966; 969; 971-972; 974-979; 981; 983; 985; 987; 989-990; 993-994; 996-997; 1000-1002; 1005; 1007; 1009-1012; 1015; 1017-1018; 1020-1021; 1023; 1025-1026; 1028-1030; 1032; 1034; 1037-1045; 1047-1048; 1050-1051; 1053-1056; 1058; 1060-1065; 1068-1070; 1073-1074; 1076-1079; 1081-1082; 1085-1091; 1093-1100; 1102-1106
wta_rankings_83_99.csv,1997-02-03,1,1107,816,291,47; 84; 105; 175; 214; 265; 296; 304; 318; 320; 323; 338; 351; 362; 364; 378; 384; 396; 400; 421; 426; 428; 433; 460; 469; 471; 474; 505-506; 508; 514; 517-518; 525-528; 531-533; 552; 559; 565-566; 569-570; 593; 598; 602; 606; 616; 625-626; 630; 632; 641; 643; 649; 658; 660-661; 664; 677-678; 689-691; 695-696; 703-705; 707; 711; 716-718; 725; 728; 731; 734-735; 739; 748-753; 757; 759; 761; 765-767; 770; 773-774; 777; 779; 781; 783; 785-789; 793; 797; 800; 802; 804; 810-811; 813-814; 817; 824-825; 827; 829; 836; 840; 843; 846-847; 849-851; 853-854; 856; 858; 860-862; 867-868; 870-871; 873; 875; 879; 883; 887; 889; 891; 894-895; 897-898; 901; 904; 907; 909; 912-915; 919-921; 923; 925-926; 928; 930; 932; 935-938; 940-941; 943; 945; 947-953; 955; 958-967; 969-970; 972-973; 975-980; 982-983; 985; 987; 990-991; 993-994; 997-998; 1001; 1003; 1005-1008; 1011; 1013-1014; 1016-1017; 1019-1020; 1022-1023; 1025-1027; 1029; 1031; 1034-1042; 1044-1045; 1047-1048; 1050-1052; 1054-1055; 1057-1062; 1065-1067; 1070-1073; 1075-1078; 1080-1081; 1084-1089; 1091; 1093-1099; 1101-1106
wta_rankings_83_99.csv,1997-02-10,1,1108,814,294,47; 87; 107; 177; 212; 272; 288; 307; 317; 320-321; 344; 352; 354; 367; 376; 385; 399; 402; 422; 427; 430; 436; 466; 471; 474; 478; 505-506; 509-510; 518; 520; 524; 529-531; 534; 536; 542; 547; 562; 568; 570; 572-573; 586; 592; 595-596; 599; 608; 613; 615; 624-625; 628; 645; 647-648; 654; 657; 661; 666; 670; 675-676; 685; 688; 692-694; 702; 704; 706; 710; 713; 715; 723; 726-727; 730-731; 734; 737; 744; 746; 748-753; 756-757; 759; 764; 766; 771-772; 776; 778-779; 782-783; 788; 790; 795; 797; 800; 803; 806-808; 811; 814; 821-822; 824; 826; 832; 835; 837; 841-842; 844-846; 848-850; 852; 854; 856-858; 864-865; 867-868; 871-872; 875; 880; 884; 887; 889; 891; 893-894; 897; 900-902; 904; 907-911; 915-918; 920; 922-923; 925; 927; 929-930; 933-935; 937-938; 941; 943-949; 951; 954-959; 961-962; 964-965; 967-968; 970-973; 975-976; 978-979; 982-983; 986-987; 989-990; 992; 994-995; 997; 999-1000; 1002-1004; 1006; 1008; 1010; 1012-1013; 1015-1016; 1018-1019; 1021-1023; 1025; 1027; 1030-1038; 1041-1042; 1044-1045; 1047-1050; 1052-1053; 1055-1059; 1062-1064; 1067-1069; 1071-1074; 1076-1077; 1080-1085; 1087; 1089-1096; 1098-1103; 1105-1107
wta_rankings_83_99.csv,1997-02-17,1,1105,817,288,47; 84; 121; 175; 213; 285; 287; 305; 318-319; 351; 359-360; 371; 382; 396; 400; 409; 422; 425; 428; 434; 466; 470; 474; 480; 495; 508-509; 512; 519; 527; 532-535; 538; 541; 556; 563; 565; 572; 575; 577; 596; 599-600; 603; 609; 618; 629; 632-633; 642; 647; 649; 654-655; 660; 664; 666; 671; 673; 676; 689-690; 694-696; 703; 705; 707-708; 712; 715; 723; 726-727; 730-731; 733; 735; 737; 739; 749-753; 756-757; 759; 763-764; 766; 772; 777; 780; 782-783; 789; 791; 793; 795-797; 804-806; 809; 812-813; 819; 821; 823; 827; 831; 833; 839-841; 843-844; 846; 848-849; 851; 853; 855-857; 863; 865-866; 869-871; 874; 879; 881; 883; 886; 888; 893-894; 897; 900-902; 904; 907-910; 914-917; 919; 921-922; 924; 926-928; 931-933; 935-936; 939; 941-947; 949; 952-957; 959-962; 964-965; 967-968; 970-972; 974-975; 977-978; 981-983; 985; 987; 989-990; 992-993; 995-996; 998; 1000-1001; 1003-1004; 1006-1007; 1009; 1011-1012; 1014-1015; 1017-1018; 1020-1022; 1024-1025; 1028-1030; 1032-1038; 1040-1041; 1043-1044; 1046-1049; 1051-1052; 1054-1058; 1061; 1063-1065; 1068-1070; 1072-1075; 1077-1078; 1080; 1082-1086; 1088; 1090-1095; 1097-1100; 1102-1104
wta_rankings_83_99.csv,1997-02-24,1,1107,819,288,47; 80; 110; 174; 229; 285; 289; 317; 325; 327; 332; 342; 349; 376; 388; 399; 421; 423; 425; 433; 435; 468; 471; 475; 481; 483; 498; 512-513; 518; 522; 525; 532; 536-539; 542; 562; 567; 569; 578; 580-581; 600-601; 605; 612; 620; 631; 634-635; 649; 652; 658-659; 663; 666; 668; 673-674; 676-677; 690-691; 694-696; 704; 706-707; 710; 722; 724; 728-729; 731; 733; 735; 737; 741; 744; 750-753; 757-758; 760; 763-764; 766-767; 774; 782-783; 785; 791; 793; 795-798; 802; 805-807; 810; 813-814; 821; 823-824; 831; 833; 839-840; 843-845; 847-848; 850; 852-853; 855-857; 863; 865-866; 869-871; 874; 879; 881; 883; 886; 888; 893-895; 897; 899; 902-904; 906; 909-911; 915-918; 920; 922-923; 925; 927-929; 932-934; 936-937; 940; 942-948; 950; 953-957; 959-962; 964-965; 967-968; 970-973; 975-976; 978; 980; 982-984; 986; 988; 990; 992-993; 995-996; 998; 1000-1001; 1003-1005; 1007-1008; 1010; 1012-1013; 1015-1016; 1018-1019; 1021-1023; 1025-1026; 1028-1031; 1033-1039; 1041-1042; 1044-1045; 1047-1050; 1052-1053; 1055-1059; 1062; 1064-1066; 1069-1070; 1072-1075; 1077-1078; 1080; 1082-1086; 1088; 1090-1096; 1098-1102; 1104-1106
wta_rankings_83_99.csv,1997-03-03,1,1105,821,284,46; 78; 111; 174; 228; 283; 286; 318; 323; 327; 334; 344; 350; 374; 394; 400; 421-422; 425; 436; 438; 472-473; 477; 482-483; 497; 513-514; 518; 522; 526; 532; 536-537; 540; 544; 554; 563; 566; 570; 572; 584; 595; 607; 609-610; 617; 628; 631-632; 640; 645; 650; 653; 660; 663; 665; 668; 673; 675-676; 689-691; 694-695; 704; 706-707; 710-711; 720-721; 724; 727-728; 731; 733; 735; 742; 749-752; 755-756; 758; 760; 762-765; 772; 781-782; 784; 790; 792; 794-797; 800; 803-805; 810; 817; 820-821; 825; 828; 830; 836-838; 841-843; 845-846; 848; 851; 853-855; 860; 862; 864-866; 868; 873; 876; 878-879; 881; 883; 888-890; 892; 894; 898-899; 901; 905-906; 908; 912-915; 918-919; 921-922; 924-925; 927; 930-931; 933-934; 937; 939-945; 947; 950-954; 956-959; 961-962; 964-965; 967-969; 971; 973-974; 976; 978; 980-982; 984; 986; 988; 990-992; 994-995; 997; 999-1000; 1002; 1004-1006; 1008-1009; 1011; 1013-1014; 1016-1017; 1019-1020; 1022-1024; 1026-1027; 1029-1039; 1042-1043; 1045-1046; 1048-1050; 1052-1053; 1055-1058; 1061; 1063-1065; 1068-1069; 1071-1074; 1076-1077; 1079; 1081-1085; 1087; 1089-1095; 1097-1100; 1102-1104
wta_rankings_83_99.csv,1997-03-10,1,1105,701,404,46; 59; 67; 73; 78; 86; 111; 174; 197; 207; 219; 225; 228; 235; 238; 262; 271-272; 278; 281; 283; 286-287; 292; 306-307; 317-318; 323; 327-328; 332-334; 344; 350; 372-374; 378; 380; 382; 388; 392; 394; 398-400; 412; 418; 421-425; 436; 438-439; 445; 447; 451; 453; 456; 467; 472-474; 477-478; 482-484; 489; 491; 497-498; 513-514; 518; 522; 525-526; 532-533; 535-537; 540; 544; 552; 554; 563; 566-567; 570; 572; 584; 595; 597-598; 604; 606-607; 609-610; 614; 617; 624-626; 628; 631-633; 636; 639-640; 645; 647; 650-651; 653; 655-656; 660; 663; 665; 668; 671; 673; 675-676; 689-692; 694-695; 698; 701; 703-707; 709-712; 714; 720-721; 724; 727-731; 733; 735; 738; 742; 745-747; 749-752; 754-758; 760-765; 768; 772-773; 775; 777; 780-782; 784; 786; 788-790; 792; 794-797; 799-800; 803-806; 808; 810; 814; 817; 820-821; 825; 827-828; 830; 832; 834; 836-838; 841-843; 845-846; 848; 851; 853-856; 860; 862; 864-866; 868; 870; 873; 876; 878-879; 881; 883-884; 886; 888-890; 892; 894; 896-899; 901; 903; 905-909; 912-916; 918-919; 921-922; 924-925; 927; 930-931; 933-935; 937; 939-945; 947-954; 956-959; 961-962; 964-965; 967-969; 971; 973-974; 976; 978; 980-982; 984; 986; 988-992; 994-995; 997; 999-1000; 1002-1006; 1008-1009; 1011-1014; 1016-1017; 1019-1024; 1026-1027; 1029-1039; 1042-1043; 1045-1046; 1048-1050; 1052-1053; 1055-1058; 1061; 1063-1066; 1068-1069; 1071-1074; 1076-1077; 1079; 1081-1085; 1087; 1089-1095; 1097-1100; 1102-1104
wta_rankings_83_99.csv,1997-03-17,1,1092,816,276,45; 65; 108; 181; 206; 280; 295; 298; 322; 325-326; 347; 360; 363; 380; 403; 415; 417-418; 434; 439; 441; 465; 474; 477; 479; 481; 499; 511; 524; 527; 530; 532; 538; 552; 558-559; 573; 579-580; 584; 602; 604-605; 609; 612; 621-622; 632; 637; 645-646; 649-650; 655; 660-661; 663; 677; 680-681; 687; 689; 692-693; 696; 699; 703; 707-709; 714; 716-717; 719; 722; 736-738; 741-743; 749; 756-758; 765; 768; 770; 777; 779; 781-782; 786; 788; 790; 792-794; 798; 800; 805; 809; 812-813; 817; 820; 825-826; 828; 830-833; 835-836; 838; 841-842; 849; 851; 854-859; 864; 866; 868; 870; 874-877; 879; 881-882; 884; 888-889; 891-892; 894; 896-898; 901; 904; 906-909; 911-912; 914; 916-917; 919; 922-923; 925-926; 930; 932-935; 937-941; 944-948; 950-951; 953-955; 957-958; 960; 962; 964-965; 967; 970-971; 973; 975; 977-978; 980; 982-983; 986; 988-989; 991; 993-995; 997-999; 1001; 1003-1004; 1006; 1008-1011; 1013-1014; 1016-1023; 1025; 1027-1031; 1033-1035; 1037-1038; 1040-1041; 1043-1047; 1050-1051; 1053-1056; 1058-1060; 1062-1065; 1067-1068; 1071-1074; 1076; 1079-1084; 1086-1088; 1090-1091
wta_rankings_83_99.csv,1997-03-24,1,1092,697,395,45; 63; 65; 68; 76; 95; 108; 181; 193; 206; 216; 220; 231; 240; 254; 258; 266; 275; 277-278; 280; 285; 290; 295; 298; 309; 314; 317; 322; 325-327; 336; 347; 349; 360; 363-364; 366; 374; 379-380; 382-383; 390; 393; 396; 403; 409; 415; 417-419; 421; 425; 429-431; 434; 439; 441; 455; 465-466; 468-470; 472; 474-475; 477; 479-481; 491-492; 499; 509; 511; 524; 527; 530; 532; 537-538; 547; 552; 558-559; 570; 573; 579-581; 584; 598-602; 604-606; 609; 612; 617; 621-622; 628; 630-632; 637; 641-642; 645-646; 649-650; 654-656; 660-661; 663; 670; 672; 677; 680-682; 684; 686-693; 695-697; 699; 701; 703; 707-709; 714-717; 719; 722-723; 725; 731; 734; 736-738; 741-743; 746; 749; 752; 756-759; 761-762; 764-765; 767-770; 772; 774-775; 777; 779; 781-782; 786-788; 790; 792-798; 800; 804-805; 809; 812-813; 817-818; 820; 822; 825-826; 828; 830-833; 835-836; 838; 841-842; 844; 849; 851; 854-860; 864; 866; 868; 870; 872; 874-877; 879; 881-882; 884; 886-889; 891-892; 894; 896-898; 900-902; 904; 906-909; 911-912; 914; 916-917; 919; 922-923; 925-928; 930; 932-935; 937-942; 944-948; 950-951; 953-955; 957-960; 962; 964-965; 967; 970-971; 973; 975; 977-980; 982-983; 985-986; 988-989; 991-995; 997-999; 1001; 1003-1011; 1013-1014; 1016-1023; 1025; 1027-1031; 1033-1035; 1037-1041; 1043-1047; 1050-1051; 1053-1056; 1058-1060; 1062-1065; 1067-1068; 1071-1074; 1076-1077; 1079-1084; 1086-1088; 1090-1091
wta_rankings_83_99.csv,1997-03-31,1,1087,822,265,42; 68; 109; 174; 209; 282; 289; 298; 323; 329; 349-350; 357; 360; 411; 416; 420; 422-423; 440; 448; 464-465; 470; 483-484; 491; 501; 510; 520; 525; 534; 546; 550; 554-555; 572; 578-579; 582; 597; 600; 603; 615; 621; 640-641; 644; 647; 652; 655; 658-659; 662; 664; 676; 678; 680; 686; 690-691; 698; 703-707; 713; 715; 724-725; 727; 732-733; 737-738; 742; 748; 750-752; 754; 760; 762-764; 766; 775-778; 782; 784; 786; 789; 793; 798-799; 801; 804; 807-808; 814; 818-819; 824-825; 827-828; 830; 832; 835-836; 842; 844; 846-847; 849-853; 855; 860; 863; 865; 867-868; 870; 874-877; 879; 881-882; 885-886; 890-892; 896-897; 901-903; 906-907; 909; 911-912; 914; 917; 919-921; 923; 925; 927-930; 933-937; 940-944; 947; 949-951; 953-956; 958-959; 962-963; 965; 968-969; 971; 973; 975-976; 979; 981-982; 986; 988-989; 991; 993-994; 996; 998-999; 1001; 1004-1005; 1007-1011; 1013-1015; 1017-1023; 1025-1026; 1028-1032; 1034-1036; 1038-1039; 1041-1042; 1044-1046; 1049-1051; 1053-1056; 1058-1060; 1062-1065; 1067-1068; 1071-1072; 1075; 1078-1082; 1084-1086
wta_rankings_83_99.csv,1997-04-07,1,1082,822,260,43; 66; 103; 165; 209; 285; 289; 306; 317; 329; 339; 351; 359; 370; 413; 419; 423-424; 426-427; 441; 447; 465; 471; 481-482; 490; 500; 510; 523; 535; 548-549; 553; 557; 570; 573-575; 580; 598; 601; 617; 624; 636; 640; 646-647; 651; 654; 656; 659; 662; 670; 673; 680-681; 685; 687; 692; 695; 698-702; 708; 719-720; 722-723; 728-729; 732-733; 738; 744; 746-748; 755; 757-759; 761; 769-770; 775; 778; 780-781; 783; 787; 791; 798-799; 807; 812; 814-815; 820-823; 825; 827; 830-831; 836; 838-840; 842; 844-848; 850; 855; 858; 860; 862-863; 869-872; 874; 876-877; 881-882; 886-888; 892; 896-897; 900-901; 903; 905-909; 912; 914-916; 918; 921-924; 926; 928-932; 935-938; 940-941; 943; 945-947; 949-952; 954-955; 958-960; 963-965; 967; 970-971; 974; 976-977; 981; 983; 985; 987-988; 991; 993-994; 996; 999-1000; 1002-1007; 1009-1011; 1013-1019; 1021; 1023-1027; 1029-1031; 1033-1034; 1036-1037; 1039-1042; 1045-1047; 1049-1052; 1054-1056; 1058-1061; 1063-1064; 1067-1068; 1071; 1074-1077; 1079-1081
wta_rankings_83_99.csv,1997-04-14,1,1081,826,255,43; 68; 102; 164; 176; 204; 286; 290; 318; 330; 339-340; 350; 361; 370; 404; 414; 422-423; 426-427; 442; 448; 465; 475; 480; 482; 489; 500; 512; 531; 536; 550-551; 555; 559; 571; 575-577; 581; 600; 603; 619; 622; 634; 638; 643; 650; 652; 655-656; 659; 662; 673; 680-681; 685; 687; 692; 695; 699-703; 715-716; 718-719; 723; 725; 728-730; 736; 742; 744-745; 748; 753; 756-758; 760; 767-768; 775; 778; 781; 784; 789; 793; 800-801; 809; 814; 816-817; 822-824; 826; 828; 831; 837-840; 842-846; 849-850; 856; 859; 861; 863-864; 870-873; 875; 877-878; 882-883; 887-888; 892; 896-897; 900-901; 903; 905-909; 913-915; 917; 920-923; 925-930; 932; 934-937; 940; 942-944; 946-951; 954-956; 960-961; 963; 966-967; 970; 972; 976; 979; 981; 983-984; 987; 989-990; 992; 995-996; 998-1003; 1005-1007; 1009-1015; 1017; 1019-1024; 1026-1028; 1030-1031; 1033-1034; 1036-1039; 1042-1044; 1046-1049; 1051-1054; 1056-1059; 1061-1062; 1065-1066; 1069; 1072-1076; 1078-1080
wta_rankings_83_99.csv,1997-04-21,1,1084,830,254,42; 69; 101; 163; 205; 286; 289; 321; 333; 342-343; 349; 361; 372; 405; 418; 427; 429; 431; 445; 447; 451; 465; 472; 483-484; 489; 499; 512; 536; 545; 550-551; 554-555; 570; 572; 575; 577; 579; 584; 603; 609; 619; 622; 633; 639; 646; 652-653; 659-660; 662; 666; 673; 679; 682; 685; 691; 696; 698; 701-702; 705-708; 720-721; 723; 725; 729; 731; 733-735; 742; 745-746; 752; 756-757; 763; 767-768; 770; 777; 784; 787; 789; 797; 803-804; 809; 813-814; 816-817; 821; 823-824; 826; 829; 832; 834-835; 838; 842-845; 847-850; 853; 855; 861; 863; 865-866; 868; 873-875; 878-879; 882-883; 887-888; 892; 896; 899; 902; 904-907; 911-912; 914; 916; 919-922; 924; 926-931; 933; 935-939; 941; 943; 945-947; 949-955; 958-960; 965-966; 968-969; 972-973; 979; 982; 985-986; 988-989; 991-992; 994; 997-998; 1000-1007; 1009-1011; 1013-1019; 1021; 1023-1028; 1030-1032; 1034; 1036; 1038-1039; 1041-1043; 1046-1047; 1049-1052; 1054-1058; 1060-1063; 1065-1066; 1069-1071; 1074; 1077-1079; 1081-1083
wta_rankings_83_99.csv,1997-04-28,1,1087,829,258,39; 71; 101; 163; 204; 290; 299; 327; 338; 347-348; 353; 371; 378; 418; 425; 428; 432; 434; 448; 467; 476; 485-486; 488; 490; 497; 507; 512; 536; 544; 551-552; 554; 559; 569; 573; 575; 578; 581; 583; 602; 610; 621; 623; 627; 629-630; 636; 644; 650; 656; 663; 668; 674; 680; 682; 684; 689; 691; 697; 700; 703; 705-706; 708; 710-712; 726; 728; 730; 733-735; 738-739; 743; 748-749; 755; 760; 765; 770-771; 773; 780; 792; 794; 796; 802; 805; 809; 811-812; 814; 816-817; 821; 823-824; 826; 831; 833-834; 836; 838; 842; 844-846; 850-852; 854-856; 859; 861; 866; 868; 870-871; 873; 876; 878-880; 883-884; 887-888; 892-893; 896; 898; 901; 904; 906; 908-911; 914-915; 917; 919; 923-926; 928; 930-935; 937; 939-941; 943-944; 946; 948-949; 951-955; 958-960; 965-966; 968-971; 974-976; 982; 984; 987-988; 990; 992-993; 995-996; 998; 1000-1001; 1003-1010; 1012-1014; 1016-1023; 1026-1029; 1031-1033; 1035; 1037; 1039-1040; 1042-1044; 1047; 1049-1052; 1054-1058; 1060-1063; 1065-1066; 1069-1071; 1074-1076; 1079-1082; 1084-1086
wta_rankings_83_99.csv,1997-05-05,1,1087,831,256,39; 70; 102; 160; 203; 293; 323; 335; 345; 347-349; 378; 380; 423; 427; 432; 441; 468; 470; 472; 485-486; 488-489; 492; 512; 527; 537; 549; 551; 554; 565; 568; 570; 574; 579-580; 596-597; 608; 612; 619; 622; 626; 628; 633; 642; 644; 649; 652; 662; 665; 680-681; 696-698; 701; 703-704; 707-708; 710; 716; 722-723; 725; 729-730; 732; 736-737; 739-740; 744-745; 749; 755; 759; 761; 764; 766; 770; 774; 776; 778; 782; 788; 790-792; 801; 809; 811; 813; 819; 821; 823; 825; 827; 831; 833-834; 836; 838; 841-842; 844-845; 849-851; 853; 855; 859; 861-862; 867; 869-871; 873; 875; 878-882; 884-885; 890-891; 893; 897-898; 901-902; 907; 909-913; 915-916; 918; 920; 923-926; 928; 930-933; 935; 938-939; 941-942; 945; 947-948; 950-955; 958-959; 962-963; 968; 970-972; 974; 976-978; 985; 988-989; 991-994; 996; 998-1000; 1002-1006; 1008-1017; 1020-1022; 1024; 1026; 1029-1030; 1032; 1034-1038; 1041-1042; 1044-1047; 1049-1050; 1052-1054; 1056-1059; 1061-1062; 1065-1069; 1072-1074; 1077-1080; 1082-1086
wta_rankings_83_99.csv,1997-05-12,1,1081,833,248,40; 73; 106; 159; 203; 295; 323; 332; 339; 344-345; 349; 379; 384; 427; 440; 442-443; 469-470; 474; 480; 485-486; 490; 494; 512; 531; 540-541; 553; 556; 569; 571; 574; 577; 581-582; 596-597; 603; 608; 615; 625; 628; 630; 632; 645; 651; 656; 667; 675; 682-683; 694; 697-700; 702; 705; 707; 710; 712-713; 715-716; 723; 725; 727; 732; 737-738; 740; 745-746; 749-750; 753; 756; 765; 768; 773; 777; 784; 786; 789-791; 799; 804; 811-812; 814; 821-822; 824-825; 827-828; 830; 833; 835; 837-839; 842; 847; 849-851; 855-859; 863-864; 867; 869; 871-872; 874-875; 877; 880-883; 887-889; 891; 896-897; 899; 902; 904-905; 909; 912-917; 919; 921; 924-927; 930-933; 935; 937-938; 940-941; 943-944; 946-947; 949-952; 954; 957; 959-960; 965; 967-968; 970-972; 979; 982; 984; 987-989; 991-994; 996-997; 999-1003; 1006-1007; 1009-1017; 1020-1022; 1024; 1026; 1029-1030; 1032; 1034; 1036-1037; 1039; 1041-1045; 1047-1048; 1050-1052; 1054-1055; 1059-1064; 1067-1068; 1071-1074; 1076-1080
wta_rankings_83_99.csv,1997-05-19,1,1074,829,245,41; 80; 102; 156; 211; 298; 319; 337; 339; 348; 350; 358; 382; 388; 428; 441; 444; 468-469; 472; 477; 481; 485; 492; 503; 509; 511; 527; 534; 538-539; 553; 566; 574-575; 583; 587; 597-598; 610; 614; 617; 625; 628; 643-644; 648; 650-651; 654-655; 665; 672; 681-684; 695; 698-699; 703; 707-708; 710; 713; 716; 718; 720; 725; 727; 731-732; 736; 742; 744-745; 751; 756; 765; 770-771; 777; 789; 793; 799; 808-809; 811; 818-822; 824-825; 827; 830; 833; 835; 838; 841; 843-844; 846-851; 856-857; 859; 861-862; 864-866; 869-872; 877-879; 881; 885; 887-888; 890; 892-893; 897-898; 900-904; 906; 908; 911-913; 916-920; 922; 924; 926; 929-930; 932; 934-936; 938-944; 948; 950-951; 955; 957-958; 960; 962-966; 972; 976; 980; 982; 984-986; 988-989; 991-993; 995-996; 998-1005; 1007-1008; 1010-1012; 1014; 1016-1017; 1020-1023; 1025; 1027-1028; 1031; 1033-1039; 1041-1043; 1045-1047; 1051-1056; 1059-1060; 1062-1065; 1067-1071; 1073
wta_rankings_83_99.csv,1997-05-26,1,1072,826,246,45; 82; 99; 153; 206; 298; 320; 337-338; 350-351; 359; 378; 387; 421; 439; 454; 465; 467; 474-475; 480; 485; 488; 493; 510; 527; 534; 539; 554; 567; 571; 574-575; 583; 588; 597-598; 601-603; 614; 624; 628; 633; 650; 652; 655; 664-665; 673; 675; 683-685; 692; 697; 701-702; 704; 707-709; 711; 719; 721; 726; 732-733; 735; 739; 743-744; 748; 755; 762; 765; 770-771; 777; 789; 792; 794; 800; 802; 809-810; 812; 817; 821-825; 827-828; 832; 835; 837; 839; 841; 844; 846-847; 849-851; 853-854; 856; 859-861; 863-864; 866; 868; 870-873; 878-880; 882; 886-889; 891; 893-894; 898-899; 901-904; 906-907; 911-913; 916-920; 922-923; 925; 927-928; 931; 933-935; 937-942; 944; 949; 951-952; 955; 957-959; 961; 963-966; 971; 973; 975; 977; 979; 981-983; 985-986; 988-990; 992-993; 995-997; 999-1001; 1003-1004; 1006-1008; 1010-1012; 1014; 1016-1018; 1020-1023; 1025; 1027-1028; 1031; 1033-1038; 1040-1042; 1044-1046; 1049; 1051-1056; 1059-1060; 1062-1065; 1067-1069; 1071
wta_rankings_83_99.csv,1997-06-02,1,1072,703,369,45; 53; 56; 73; 82; 88; 99; 153; 190; 193; 206; 234; 246; 248; 250; 255; 263; 265; 269; 286; 288; 294; 298; 307-308; 317; 320-321; 324; 337-338; 340-341; 343; 350-351; 353; 359; 367; 378; 381-382; 387-388; 390; 393; 398; 402; 405; 408; 412; 418; 421; 436; 439; 446-447; 454; 460-461; 465; 467-468; 471; 474-475; 478; 480; 485; 488-490; 493; 497; 508; 510; 517-518; 520; 527; 534; 539-540; 542; 551; 554; 559-560; 566-569; 571; 574-575; 583; 588; 590; 597-599; 601-603; 607; 614; 616; 619; 623-626; 628; 631; 633; 637; 639; 648; 650; 652-653; 655-656; 663-666; 673; 675; 677; 679; 683-686; 691-692; 697-704; 706-709; 711-712; 719; 721; 723; 726-727; 732-733; 735; 739; 741; 743-744; 746; 748; 750; 755-757; 759; 762-763; 765-767; 770-771; 777; 785; 787; 789-794; 796; 799-800; 802-803; 809-810; 812; 814; 816-818; 821-825; 827-828; 832; 835; 837; 839; 841; 843-844; 846-847; 849-851; 853-854; 856; 859-861; 863-864; 866; 868; 870-873; 875; 878-880; 882; 886-894; 898-899; 901-904; 906-907; 911-913; 916-923; 925; 927-928; 931; 933-935; 937-945; 949; 951-952; 955; 957-961; 963-968; 971-973; 975; 977-979; 981-983; 985-986; 988-990; 992-993; 995-997; 999-1001; 1003-1004; 1006-1008; 1010-1012; 1014; 1016-1018; 1020-1025; 1027-1028; 1031; 1033-1038; 1040-1042; 1044-1046; 1049; 1051-1056; 1059-1065; 1067-1069; 1071
wta_rankings_83_99.csv,1997-06-09,1,1071,827,244,46; 91; 101; 161; 206; 296; 322; 330; 333; 350; 358; 382-383; 388; 433; 460; 470; 476; 480; 484; 489-490; 492; 495; 503; 515; 536; 542; 562; 572; 575; 579; 583; 586; 588; 600-602; 606; 608-609; 621; 640; 644; 657; 667; 670; 672; 674; 685; 691; 698; 704-705; 708; 712; 714; 717; 722-723; 725; 728; 737-739; 741-743; 746-747; 750-751; 764-765; 767; 770-771; 776; 784-785; 788; 793; 800-801; 803; 810-812; 814; 821; 823; 825-826; 829; 831; 834-838; 842-843; 845; 847-848; 851-853; 855; 859; 862; 864; 869-870; 872-875; 881; 884-886; 889; 891-893; 895; 899; 903-904; 906-909; 911; 914; 916-917; 919-920; 922-926; 928-929; 931; 933-935; 937; 939; 941-943; 945-950; 954-955; 957; 959; 961; 963-965; 967-969; 973-975; 977; 980; 982-983; 985-987; 989-991; 993-997; 999-1000; 1002-1003; 1005-1007; 1009-1010; 1012-1014; 1016-1017; 1019-1023; 1025-1026; 1028-1029; 1032-1036; 1038-1042; 1044-1045; 1047; 1050; 1052-1057; 1059; 1061-1066; 1068-1070
wta_rankings_83_99.csv,1997-06-16,1,1065,824,241,46; 92; 100; 157; 202; 291; 328; 334; 356; 379; 383; 385; 391; 429; 456; 458; 462; 471; 476; 487; 492; 496; 503; 510; 513; 535; 538; 542; 553; 560; 562; 580; 586; 590; 602-603; 605; 608-610; 614; 621; 639; 645; 651; 657; 660; 670; 673-674; 679; 684; 693; 701; 703; 708-709; 712; 716-717; 719; 721; 724; 730; 737-738; 740-741; 745-746; 762-763; 765; 768-771; 776; 784-786; 788; 791; 796; 799-800; 810-812; 818; 822; 825; 827; 829; 832-836; 839-840; 843-844; 847-849; 853; 856; 858; 860; 863; 868-869; 871-875; 879; 881-882; 885; 887-888; 891-892; 896; 900-901; 903; 905-907; 910; 913; 915-919; 922-926; 929-930; 932; 934-935; 937; 940-943; 945-949; 952-953; 955; 957; 959-961; 963-965; 969-971; 973; 977-978; 980-982; 984-986; 988-992; 994-995; 997-998; 1000-1001; 1003-1004; 1006-1009; 1011-1017; 1019-1020; 1022-1024; 1026; 1028-1034; 1036-1040; 1042-1043; 1045; 1047; 1050-1055; 1057-1058; 1060-1064
wta_rankings_83_99.csv,1997-06-23,1,1060,820,240,45; 94; 100; 151; 203; 293; 331; 350; 371; 377; 384; 387; 391; 433; 456; 458; 462; 468; 471; 491; 501; 503; 509; 511; 513; 532; 535; 539; 549; 556; 559; 578; 583; 594-596; 598; 600-601; 603; 613; 616; 638; 646; 650; 656; 669; 675; 678; 683; 687; 691; 696; 704; 706; 708-709; 711; 715; 717-718; 724; 728; 732; 736-738; 740; 742; 744-745; 750; 754; 760; 764-765; 767; 774-775; 785-788; 796; 799; 804; 807; 810-812; 816; 820; 823-824; 827; 831-834; 836; 839-840; 843-844; 848; 851-852; 855; 857-858; 861-863; 867-868; 871; 873-875; 878-879; 881; 886-887; 889-890; 896-897; 899; 901-904; 907; 910; 912-915; 919; 921-923; 925; 927-929; 931-932; 935-938; 940-945; 947-948; 950-951; 954; 956-958; 960-964; 968-970; 972; 975-976; 978-980; 982-984; 987-989; 991-993; 995-996; 998; 1000; 1002-1003; 1005-1010; 1012-1013; 1015-1016; 1018; 1020-1026; 1028-1031; 1033-1036; 1038-1039; 1042-1047; 1049; 1051-1059
wta_rankings_83_99.csv,1997-06-30,1,1060,694,366,45; 63; 67; 77; 94; 99-100; 151; 180; 201; 203; 232; 235; 249; 251; 255; 261; 269; 273; 282; 285; 293; 299-300; 302; 309; 312; 314; 331; 342-343; 345; 347; 349-350; 358; 363; 370-372; 376-377; 379; 384; 387; 389; 391; 399; 403; 406; 416; 432-433; 442; 448; 454; 456; 458-460; 462; 468; 471; 473; 480; 482; 486; 491; 493-494; 500-501; 503; 505; 509; 511; 513-515; 531-533; 535; 539-540; 542-543; 549-550; 556; 559; 563; 568; 578; 580; 583; 592; 594-598; 600-603; 605; 608; 613; 616-618; 622; 625; 630; 635; 638; 646; 649-650; 656; 665; 667; 669; 674-675; 678; 683-687; 689; 691; 696; 701; 703-706; 708-709; 711; 713-715; 717-719; 724; 726; 728-729; 732-733; 736-738; 740; 742; 744-745; 748-750; 752; 754; 756-757; 760; 762; 764-768; 774-775; 783-788; 791-792; 795-796; 799-800; 803-804; 807; 810-812; 816; 820; 823-824; 827; 831-834; 836-837; 839-841; 843-845; 848; 851-852; 855; 857-858; 861-863; 865-868; 871; 873-876; 878-879; 881; 885-887; 889-892; 894; 896-897; 899; 901-904; 906-907; 910; 912-915; 917; 919-925; 927-929; 931-932; 935-938; 940-945; 947-948; 950-951; 954; 956-958; 960-964; 968-970; 972; 974-976; 978-980; 982-989; 991-993; 995-996; 998; 1000; 1002-1003; 1005-1013; 1015-1016; 1018-1031; 1033-1036; 1038-1039; 1042-1047; 1049; 1051-1059
wta_rankings_83_99.csv,1997-07-07,1,1058,824,234,47; 99-100; 153; 204; 310; 331; 357; 364; 374; 377; 380; 394; 440; 455; 458; 463; 470; 472; 481; 487; 490; 504; 511; 532; 536; 539; 549-550; 553; 577; 579; 586-588; 590; 593; 595; 599; 602-603; 607; 613; 626; 632; 642; 659; 662; 674; 685; 693; 696; 701; 703; 712-713; 716; 719; 725; 727-728; 730; 732-733; 735; 740; 742; 745; 748; 750; 753; 755-756; 760; 766; 769; 772; 775; 777-778; 782; 784; 793-794; 796; 798; 804-805; 807; 810; 813; 815; 820; 823; 827; 830-831; 834; 837; 839-840; 844-845; 847; 852; 856-857; 860; 862-863; 866; 869-870; 872; 874-876; 879-881; 883; 887; 893-897; 899-900; 902-903; 905; 908; 910-914; 917-920; 922; 925-929; 931; 935-937; 939-942; 944-947; 950; 952; 954; 956-962; 964; 968-971; 974; 976; 978-979; 981-982; 984-989; 991; 993; 996-998; 1000; 1002; 1004-1005; 1008; 1010-1014; 1016-1018; 1021; 1023-1028; 1030-1035; 1038; 1040-1042; 1044; 1046-1051; 1053-1057
wta_rankings_83_99.csv,1997-07-14,1,1060,835,225,47; 99-100; 154; 201; 315; 349; 360; 365; 375-376; 385; 436; 441; 458-459; 469-470; 485-486; 512; 514; 521; 525; 537; 539; 545; 556; 560; 566; 580; 582; 584; 586; 589; 591; 596; 601; 605; 614; 616; 619; 621; 623; 635-636; 641; 649; 661; 667; 673; 677; 679; 702; 706; 712; 716; 720; 722; 726; 731; 733; 735; 737; 739; 741; 749; 751-752; 755-756; 763-765; 770; 778-779; 782-783; 786; 788; 796; 800; 806; 808; 812; 815-816; 821; 827; 829; 831; 833; 836; 839; 842-844; 846-847; 850; 859; 863; 866; 868; 872-874; 877; 880-881; 883; 887-889; 893-894; 896-897; 902-905; 907-908; 910-911; 913-914; 917; 919-920; 922-924; 926-928; 930; 932; 934; 937-940; 942-944; 947-949; 953-954; 956-962; 964; 967-969; 972-973; 975; 978-979; 981-990; 993; 995; 997-999; 1002; 1004; 1006-1007; 1010; 1012; 1014; 1016-1019; 1021; 1024; 1026-1030; 1032-1037; 1039; 1041-1044; 1047-1053; 1055-1059
wta_rankings_83_99.csv,1997-07-21,1,1059,830,229,48; 99; 105; 153; 215; 315; 344; 351; 359; 375; 382; 434; 441; 458; 464; 472-473; 479; 494; 498; 513; 522; 524-525; 537-538; 543; 552-553; 565; 567; 578; 581; 586; 590-591; 599; 606; 610-611; 615; 621; 623; 626; 635; 639; 641; 643; 646; 649; 658; 660; 678; 689; 702; 705; 714; 718-719; 722; 728; 732; 734-735; 741; 743-744; 748; 754; 761; 764-765; 767-770; 779; 781-782; 786; 796; 800; 808; 810; 813; 816-817; 819; 821; 828-830; 832; 834; 836; 839; 842-844; 846; 850; 856; 858; 863; 866; 870-872; 874; 876; 879-880; 883; 885-886; 891-892; 894-895; 899-905; 907-908; 911-912; 915-916; 918-919; 922-927; 930; 932; 934; 937-942; 944; 946-948; 950-951; 954-959; 961; 964-965; 968; 972-973; 975-984; 987; 989-990; 992-993; 995; 997-998; 1000; 1003-1004; 1006-1009; 1011-1012; 1014; 1016-1018; 1020-1025; 1027-1030; 1032-1033; 1036; 1038-1042; 1045-1051; 1053-1058
wta_rankings_83_99.csv,1997-07-28,1,1058,828,230,50; 99; 116; 159; 217; 313; 345-346; 358; 378; 383; 437; 443-444; 463; 476; 478; 482; 496; 499; 508; 518; 530; 534; 543; 545; 548; 551; 559; 568; 571; 585; 587; 590; 594; 596; 607; 610; 614; 624; 630; 637; 640; 643; 645-646; 648; 655; 657; 665; 673; 676; 678; 685; 689; 700; 702; 708; 710; 715; 718; 720-721; 726; 731; 733; 743; 747; 756-757; 759-762; 764; 768; 771; 773-774; 778; 780; 791; 795; 799; 804; 807; 810; 813; 818; 820; 827-828; 831-832; 834-836; 838; 841; 844; 847-848; 854-855; 857; 863; 868-872; 874; 879; 881; 884-885; 889-891; 893-894; 898-899; 901-905; 907; 909-910; 912; 914-915; 918-921; 923-926; 929; 931; 934; 937-939; 942; 944-946; 948-950; 952; 954-959; 961; 964; 966; 969; 971-972; 974-984; 987; 990-991; 993-994; 996-997; 999; 1001; 1004-1010; 1012-1013; 1015; 1017-1019; 1021-1026; 1028-1030; 1032-1033; 1037; 1039-1043; 1045-1052; 1054-1057
wta_rankings_83_99.csv,1997-08-04,1,1078,849,229,51; 100; 117; 160; 228; 325; 354; 359; 369; 384; 388; 443; 451; 453; 469; 472; 484; 488; 501; 503; 514; 521; 533; 537; 548; 550-551; 555; 565; 577; 580; 589; 593-594; 597; 604; 607; 613; 623; 628; 636; 639; 644; 646-648; 654; 657; 659; 670; 676; 684; 686; 697-698; 702; 712; 719; 721-722; 727; 729; 732; 740; 747; 753; 756; 759; 761; 768-769; 771-773; 775; 779-780; 783-785; 789; 793; 804; 806-807; 811; 815; 819; 823; 827; 833; 835; 841-842; 846; 848-850; 852; 855; 858; 860; 863; 869-870; 872; 877; 880; 884-887; 892; 896; 899-900; 906-907; 909; 913-914; 916-920; 922; 924-925; 927; 929; 931-932; 935-937; 939-942; 946; 948; 951-952; 954; 956; 958-959; 962; 964-966; 968-970; 972-977; 979; 982; 984; 986; 988; 992-993; 995-1006; 1009; 1012-1013; 1015-1017; 1019-1020; 1022; 1024; 1026-1030; 1032-1033; 1035-1036; 1039-1040; 1042-1046; 1048-1050; 1052-1053; 1056; 1058-1062; 1065-1072; 1074-1077
wta_rankings_83_99.csv,1997-08-11,1,1072,851,221,52; 99; 118; 157; 223; 290; 320; 346; 349; 362; 371; 387; 443; 450; 452; 470-471; 485; 499; 514; 518; 531; 538; 547; 552-553; 556-557; 566; 571; 584; 587; 591; 599; 603-604; 610; 623; 626; 629; 632; 634; 636; 641; 643-644; 660; 662; 664; 673-675; 682; 690; 700; 708; 720; 724; 730-731; 733; 736; 738; 745; 747; 753; 763; 765-767; 769; 776-777; 781-783; 785; 795-796; 800; 805; 810-811; 815; 818; 822; 824-825; 829-830; 836; 841-842; 845-847; 849; 852-854; 861; 863-865; 874-876; 883; 886; 888-891; 894; 896; 900; 903-905; 908; 911; 913; 917; 919; 921-923; 925; 927-928; 930; 932; 934-936; 938-942; 944; 947; 952; 954; 956-957; 960-961; 964-965; 967-969; 972-978; 980; 985; 987-988; 991; 993-1001; 1004; 1006-1007; 1009-1012; 1015-1016; 1018; 1020-1021; 1023-1028; 1030-1031; 1034; 1036-1039; 1042-1044; 1046-1047; 1049; 1051-1052; 1055-1059; 1062-1067; 1069-1071
wta_rankings_83_99.csv,1997-08-18,1,1068,849,219,43; 102; 122; 151; 277; 288; 328; 333; 359-360; 366; 441; 443-444; 452; 475; 478; 486; 500; 523; 527; 537; 541; 548; 559-560; 564; 571; 588; 592; 596; 598; 601-603; 610-611; 621; 625; 632; 634-635; 638; 640; 647; 658; 663; 668; 675-676; 686; 700-701; 704; 707; 720; 723-724; 730; 734; 740-741; 743; 750; 757; 772; 774; 776; 779; 782-784; 786-787; 789; 797-798; 806-807; 812-814; 818; 820; 825; 827; 830; 834; 837; 839-840; 843-845; 847; 850-852; 855-857; 859-860; 868-870; 876; 878; 881; 886; 891; 893; 898-899; 902; 904; 909; 913; 916; 918-921; 923; 925; 928-931; 933; 936; 938-939; 943; 945; 947-950; 953; 956-957; 959; 961-966; 968-972; 974-975; 979; 981; 983; 986; 988-996; 1000-1001; 1003-1005; 1007-1008; 1011-1013; 1015-1017; 1019-1023; 1025; 1028-1033; 1035; 1037-1038; 1040; 1043-1044; 1046-1050; 1053-1060; 1062-1067
wta_rankings_83_99.csv,1997-08-25,1,1075,849,226,44; 103; 123; 153; 271; 275; 334; 359; 361; 366; 439; 441; 444; 450; 452; 478-479; 486; 515; 536; 541; 552-554; 558; 567; 569; 571; 586; 592; 594; 598; 600-601; 605; 612; 623; 627; 631; 636; 638-639; 641; 643; 648; 656; 659; 664; 671-672; 686; 690; 698; 706; 718; 721; 727; 729; 731-732; 736; 739-740; 757; 759; 761; 776; 778; 780-781; 784-785; 787-789; 792; 795-796; 802; 804; 812; 819-822; 826; 828; 833-834; 836; 839; 844-845; 847; 849; 851; 853; 856; 859-860; 863-864; 866; 868-869; 873; 875-877; 881; 883; 887; 891; 893-894; 898-899; 901; 905; 908; 911-912; 915-916; 920; 922-924; 926; 929; 931-933; 935-938; 940; 942-943; 948; 950; 952-954; 957; 960-962; 964-968; 970; 972; 974-978; 980-982; 986; 988; 990; 994; 996-1003; 1007-1008; 1010-1012; 1014-1015; 1018-1019; 1021-1026; 1028-1032; 1034; 1037-1042; 1045-1047; 1049-1050; 1053-1054; 1056-1060; 1063-1068; 1070-1074
wta_rankings_83_99.csv,1997-09-01,1,1075,720,355,44; 61; 86; 97; 103; 112; 123; 153; 177; 180; 211; 237; 252; 258; 262; 266-267; 270-271; 275; 288; 302; 305; 307; 311; 313; 315; 320; 322; 325-327; 334; 345; 359; 361; 364-366; 377; 380; 382-384; 400-401; 405; 407; 415; 418; 430; 439; 441; 444-445; 450; 452-453; 456; 465; 475; 478-479; 483; 486-487; 511-512; 515; 518-519; 526; 528; 531; 534; 536; 539; 541; 544; 547; 549; 551-554; 558-560; 567; 569; 571-572; 578; 581; 586-587; 589-590; 592-594; 598; 600-602; 605; 612; 615-616; 618; 623-624; 627; 631; 636; 638-639; 641; 643-645; 648; 650-651; 654-656; 659-660; 664; 667-668; 671-673; 677; 679; 681; 683; 686; 690; 694-695; 698-700; 706-707; 718; 721; 726-727; 729; 731-732; 734; 736; 739-740; 744-746; 757; 759; 761; 763; 767-768; 772-773; 776; 778; 780-781; 784-785; 787-789; 792-793; 795-796; 798; 801-802; 804-805; 812; 814; 819-822; 826; 828-829; 831; 833-834; 836; 839; 841; 844-845; 847; 849; 851; 853; 855-856; 859-860; 863-864; 866; 868-869; 872-873; 875-877; 879; 881; 883-884; 886-887; 891-894; 896; 898-899; 901-902; 905-906; 908; 911-912; 915-917; 920; 922-924; 926; 929; 931-933; 935-938; 940; 942-943; 946; 948; 950; 952-954; 957-962; 964-968; 970; 972; 974-978; 980-982; 984; 986; 988; 990; 993-994; 996-1003; 1007-1008; 1010-1012; 1014-1015; 1018-1019; 1021-1032; 1034; 1037-1042; 1045-1047; 1049-1050; 1053-1054; 1056-1060; 1062-1068; 1070-1074
wta_rankings_83_99.csv,1997-09-08,1,1073,849,224,47; 121; 132; 153; 278-279; 356-357; 364; 373; 434; 437; 447; 449; 472; 481; 486; 516; 537; 539; 549-551; 554; 562; 564; 567; 576; 583; 586; 593; 598-599; 605; 610-611; 635; 637; 639; 641-643; 650; 658; 664; 672; 684-686; 689; 700; 707; 712; 719; 725; 729; 735-736; 749; 753; 763; 770; 773-776; 780-781; 783-784; 786; 790-791; 798-799; 801; 803; 811; 819-820; 822-825; 829; 833-834; 838; 840-841; 847-850; 852; 854; 856; 860; 863; 867; 869; 871-872; 877; 879-881; 883; 887; 892-894; 898; 900-902; 904; 908; 910; 915; 919-921; 923; 926; 928-929; 931-932; 934-939; 941-942; 944; 946; 948; 950; 952-954; 957; 960-962; 964-965; 967; 969; 971-977; 979; 982; 984; 988; 990-998; 1001-1002; 1004-1007; 1009; 1011-1013; 1015-1016; 1018-1024; 1027-1029; 1031; 1034-1039; 1041; 1043-1048; 1052-1053; 1055-1058; 1061-1062; 1064-1065; 1067-1072
wta_rankings_83_99.csv,1997-09-15,1,1070,842,228,47; 121; 131; 150; 210; 279; 319; 352; 359; 377; 434; 447; 450; 467-468; 474; 481; 505; 513; 539; 547-548; 550; 554; 560-561; 565; 575; 582; 585; 588; 592; 596; 600; 608-609; 624; 628; 634-635; 638; 640-641; 648; 651-652; 660; 668; 672; 677; 688; 699; 703; 709; 716; 725; 729-730; 736; 738; 752; 759; 772; 774; 776-777; 779; 781; 784-785; 789; 798; 801-802; 804; 815-818; 821; 823; 829-830; 833; 839-843; 845; 847-848; 851-852; 856; 859; 861; 863-865; 870; 872; 874-877; 881; 883; 885; 888-890; 893; 895-896; 898-902; 904-906; 910-912; 919-920; 923; 925; 927-930; 932-933; 935-939; 941; 943-944; 947; 949-950; 952-954; 956; 959-966; 970; 972-977; 979; 982; 987; 989-996; 999-1000; 1002-1003; 1006-1007; 1009-1010; 1012-1020; 1022-1023; 1025; 1027; 1029-1033; 1035; 1037-1043; 1047; 1049-1050; 1052-1054; 1057-1059; 1061-1062; 1064-1069
wta_rankings_83_99.csv,1997-09-22,1,1077,853,224,41; 121; 132; 149; 212; 278; 327; 358; 367; 384; 432; 448; 450; 465; 475; 480; 486; 511; 518; 552; 561; 563-564; 571-572; 576; 581; 585; 589; 594; 596; 599; 604; 614-615; 620; 637; 639; 641; 643-644; 652; 657; 659; 665; 667-668; 677-678; 694-695; 699; 703; 711; 717; 724; 730; 733-734; 740; 744; 748; 756; 758; 762; 766; 770; 772; 786; 788; 791; 797-798; 801; 805; 810; 819; 821; 826-827; 829-830; 832-833; 836; 842-843; 846; 853-855; 858; 860-862; 864; 867; 870; 872; 875; 877-880; 882; 886; 889-890; 892; 899-900; 904-905; 907; 909; 911-915; 917; 921; 923; 929-930; 932-933; 936-937; 939-940; 942; 944-947; 950; 953-955; 959; 961; 963-965; 968-972; 974; 976-977; 979-986; 988-989; 991-994; 998-999; 1001-1007; 1010-1011; 1013-1014; 1017-1018; 1020; 1022-1028; 1030-1031; 1033; 1035-1039; 1041; 1043-1049; 1053-1054; 1056-1060; 1063-1065; 1067; 1069-1072; 1074-1076
wta_rankings_83_99.csv,1997-09-29,1,1074,856,218,41; 118; 135; 151; 285; 329; 363; 371; 384; 438; 454; 456; 468; 483; 487; 489; 494; 517; 522; 551; 562; 564-565; 571; 575; 577; 584-585; 588; 591; 593; 599; 610; 613; 631; 636; 638; 640; 642; 649-650; 654; 656-657; 659; 666; 677; 693-694; 698; 705-706; 709; 720; 727; 732; 735-736; 744; 749-750; 753; 755; 759; 768; 771; 784; 786-787; 791; 796; 799; 809; 811; 813; 819; 824-825; 827; 830-831; 833; 836; 838; 841; 847; 850; 856-857; 862; 866-867; 869-871; 876; 878-880; 883; 887; 889; 891-892; 895; 900; 903-904; 906; 908; 910; 912-915; 917-918; 923-924; 926; 930; 932-933; 935; 938-940; 942-943; 945; 947-950; 954-958; 961; 964-965; 968-971; 973-974; 976-977; 979-987; 989-990; 992-993; 997; 999-1005; 1008-1009; 1011-1012; 1015-1016; 1018; 1020-1028; 1030-1031; 1034-1036; 1038; 1040-1045; 1049-1051; 1053-1058; 1061-1064; 1066; 1068-1071; 1073
wta_rankings_83_99.csv,1997-10-06,1,1079,861,218,41; 116; 136; 150; 289; 334; 358; 366; 387; 439; 453; 471; 482; 489; 491; 493; 517; 521; 554; 565; 568; 575; 584; 588; 590-591; 597; 603; 611; 616; 624; 630; 638-639; 641; 643-644; 652-653; 660; 662; 666; 668; 693; 697-698; 700; 703; 711; 717-718; 720; 735; 741-742; 751-752; 757; 766; 776; 778-780; 787; 789; 792; 797; 803; 808; 810; 813; 815; 817; 826-827; 831; 833-835; 837-840; 842; 848; 851; 856-857; 859; 862; 866-867; 870; 872; 874-875; 882; 884-885; 888; 890; 893-896; 898; 905; 908-911; 913; 916-917; 919-923; 927; 929-930; 932; 935; 937-938; 940; 944-945; 949; 951-955; 957-961; 964-965; 968; 970-972; 974-976; 979-982; 984; 986-987; 989-998; 1000; 1004-1007; 1009-1017; 1022; 1025-1026; 1028; 1030; 1032-1040; 1042; 1044; 1046-1047; 1049-1051; 1053; 1055-1061; 1063; 1066-1068; 1071-1072; 1075-1076; 1078
wta_rankings_83_99.csv,1997-10-13,1,1090,860,230,36; 112; 137; 148; 291; 333; 353; 363; 392; 433; 452; 468; 479; 492; 497; 512-513; 557; 562; 567; 572; 574; 584; 592-593; 596; 600; 605; 613; 618; 627; 632-634; 642-643; 650-651; 659-660; 665; 669; 671-673; 681; 697-698; 708; 713; 719; 721; 724; 727-728; 740; 745; 752; 759; 761; 763; 766; 778; 786-788; 790; 797; 805; 809; 812; 814; 816; 820; 826; 836; 838; 841-842; 844-845; 847-848; 853; 858; 860-861; 863-864; 867; 869-871; 873-875; 879; 882; 885; 889; 891-892; 895-897; 899-902; 909-910; 913-916; 918; 921-922; 924-926; 929; 931-932; 937; 939-940; 942; 949; 951-955; 957-963; 966; 969; 971; 974; 976-978; 980-985; 987-989; 991; 993; 995-1006; 1008-1009; 1012-1015; 1017-1026; 1030-1031; 1033; 1035-1036; 1038-1046; 1049; 1051-1052; 1054-1056; 1058-1059; 1061-1067; 1070-1071; 1073-1075; 1078-1081; 1084-1087; 1089
wta_rankings_83_99.csv,1997-10-20,1,1100,859,241,35; 111; 140; 147; 289; 319; 327; 358; 400; 403; 432; 455; 476; 491; 497; 505; 518; 541; 559; 565; 570; 573; 578; 580; 585; 590-591; 597; 602; 605; 615; 620; 635-636; 645-646; 651; 655-656; 662; 665; 667-668; 673; 680; 683; 692; 702; 706-707; 714; 717; 725; 727-728; 737; 741; 745; 749; 758; 760; 765; 769; 771; 774; 789-790; 794; 800; 808; 811; 813; 815; 817; 828; 830; 835; 839; 841; 844-846; 848-850; 852; 854; 859; 865; 867-868; 871-872; 874-876; 879-880; 883; 886-887; 891; 893-894; 897-899; 901-902; 905; 908; 911-912; 914; 916; 919-921; 923; 926; 928-931; 936-937; 943-944; 946-949; 951-954; 957; 960-962; 964-969; 971-972; 974-975; 977-979; 981-983; 985-989; 991; 993-994; 997; 999-1001; 1003-1014; 1016; 1018-1019; 1022-1025; 1027-1035; 1039-1041; 1043-1044; 1046; 1048-1056; 1058; 1060; 1062-1063; 1065-1066; 1068-1075; 1077; 1079; 1081-1083; 1086-1092; 1095-1097; 1099
wta_rankings_83_99.csv,1997-10-27,1,1092,866,226,34; 109; 148; 210; 287; 392; 394; 406; 414-415; 451; 460; 491; 494; 500; 540; 547; 556; 558; 563; 568; 571; 574; 584; 589; 596; 603; 616; 618; 623; 635; 647; 652-653; 660; 663; 668; 672; 674; 679-680; 686; 689; 692-693; 698; 700; 703; 709-710; 728; 730; 747; 755; 758; 761; 763; 768; 783; 790; 793; 799-800; 803; 805; 813; 816-817; 820; 824; 826; 833-835; 844-845; 847-848; 851-853; 855-857; 860; 864; 866; 872-873; 875; 878-880; 882-884; 887; 889-890; 892-893; 898; 902; 904-906; 909; 911; 913; 916; 920-921; 924-925; 927; 929; 932-936; 940-941; 946; 948-950; 952-955; 957; 964-969; 971-974; 977; 980-981; 983-985; 987; 989-993; 995-996; 998; 1001; 1003-1006; 1008-1020; 1023; 1025; 1027-1031; 1033-1039; 1042-1043; 1048-1059; 1061-1062; 1065-1066; 1068-1069; 1071-1077; 1079; 1081-1083; 1086-1091
wta_rankings_83_99.csv,1997-11-03,1,1087,852,235,34; 107; 146; 210; 276; 390; 393; 415-416; 418; 450; 456; 488; 492; 498; 544; 554-555; 557; 563; 567; 569; 574; 583; 586; 588; 594; 602; 617; 620; 625; 634; 646; 650; 653; 657; 661-662; 668; 676-677; 684; 686-688; 695; 697; 701-702; 724; 727; 729; 737; 749; 755; 758; 761-762; 766; 768; 770; 775; 788-789; 791; 794; 797; 799; 801; 803; 807; 815; 817; 819; 821; 824; 832-833; 839-840; 843; 846-848; 850-851; 855; 860; 862; 867-868; 870; 873-874; 876-878; 883; 885-886; 888; 890-892; 896; 899; 901-904; 907-908; 910-911; 914; 917; 920; 923; 925; 927-931; 934-935; 937; 941-942; 944-947; 949-954; 956; 959; 962-963; 965-970; 972-975; 977; 981-982; 984-985; 987-989; 991-994; 996-997; 999; 1002-1003; 1005-1007; 1009-1021; 1023; 1025; 1027-1032; 1034-1039; 1044-1055; 1057-1059; 1061-1062; 1064-1070; 1073-1074; 1076-1077; 1080-1086
wta_rankings_83_99.csv,1997-11-10,1,1095,847,248,34; 109; 146; 213; 277; 390; 410; 416; 421; 452; 454; 490; 493; 498; 531; 534; 547; 554; 562; 564; 567; 574; 576; 579; 581; 585; 595; 597; 609-610; 623; 626; 628; 652; 654; 658; 661; 676-677; 686; 690; 695; 705; 709-710; 719; 721; 725; 729; 731; 736; 740; 742; 755-756; 759-760; 768-769; 772-773; 779; 782; 789; 792; 795-796; 804; 807; 811; 814; 818; 820; 823; 825; 827; 835-836; 841-842; 844; 846; 848-850; 852; 854; 858; 864-865; 869; 871; 874; 876; 878-879; 881-882; 886; 888-890; 893; 895-898; 900; 903; 905-907; 909-910; 912; 914-915; 918-920; 923; 926-927; 929; 931; 933-934; 936-937; 939-943; 946; 950; 952-955; 957-961; 963; 966-970; 972-979; 981-984; 986-988; 990-993; 996-1000; 1003; 1005-1006; 1008; 1010-1013; 1015-1016; 1018-1030; 1032; 1034; 1036-1043; 1045-1048; 1050-1052; 1055-1066; 1068-1069; 1071-1072; 1074-1081; 1084-1085; 1088-1094
wta_rankings_83_99.csv,1997-11-17,1,1088,841,247,34; 107; 164; 211; 265; 389; 410; 413; 418; 453; 482; 489; 493; 525; 542; 548; 555; 557; 563; 565; 568; 573; 580; 586; 594; 596; 600; 607-608; 622; 628; 630; 651; 655; 657-658; 660; 673; 682; 686; 691; 704; 713; 715; 719; 723; 727; 733; 750; 753; 759; 761; 763; 766-767; 775; 777-778; 782; 787; 790; 792; 799; 802; 806; 809; 811; 813; 815; 818; 820; 827; 831; 833-834; 836; 838; 840-842; 844-846; 848; 852; 854; 857; 861; 863; 866-867; 869; 871-872; 874; 876; 878; 880; 884; 886-887; 889; 891-895; 897; 899; 901-904; 906-907; 909; 911-912; 915-916; 919-920; 922; 924-925; 927; 929-931; 933-934; 936-937; 939-943; 945; 947; 951-954; 956-959; 961; 963-966; 968-975; 977-981; 983; 987; 989-992; 994; 996-1001; 1003; 1005; 1007; 1009-1012; 1014-1015; 1017-1029; 1032-1039; 1041-1046; 1049-1061; 1064; 1066-1067; 1069-1077; 1081-1087
wta_rankings_83_99.csv,1997-11-24,1,1078,835,243,34; 108; 176; 213; 263; 383; 412; 416; 421; 423; 445; 453; 486; 492; 526; 529; 557; 559; 565; 571; 573; 578; 585; 591; 593; 595; 603-604; 626; 633; 635; 648; 650; 662; 665; 670; 681; 685-686; 701; 710; 712; 715; 719; 727; 747; 755; 758; 760-761; 766; 768; 774; 777; 783; 785; 788-790; 792; 795; 799; 802; 806; 812; 815; 818; 820; 823; 825; 830; 833; 835-837; 839; 843; 846; 848; 850-852; 854; 856-858; 860; 862-863; 865; 867-869; 871-873; 878; 880-882; 885; 887-892; 894; 896-900; 902; 904; 906-907; 910-914; 917-918; 920-922; 924-925; 927; 929; 931; 933-935; 937; 939-940; 943-948; 950; 953; 955-957; 959-962; 964-965; 967-969; 971-978; 980-981; 983; 986-988; 991-996; 998; 1000; 1002-1005; 1007-1010; 1012-1027; 1030-1035; 1037-1042; 1046-1057; 1059; 1061-1062; 1064-1074; 1076
wta_rankings_83_99.csv,1997-12-01,1,1082,840,242,34; 108; 186; 215; 264; 388; 406; 413; 417; 423; 444; 454; 492; 497; 529; 531; 533; 555; 569; 574; 576; 579; 587; 593; 596; 603-604; 624; 634; 648; 650; 666-667; 677; 682-683; 687; 700; 703; 710; 712; 716; 720; 723; 728; 748; 755; 758; 760-761; 766; 768; 776; 781; 784; 787-789; 791; 797; 800; 802; 805; 812; 815; 818; 826; 828; 832; 835; 838; 840-843; 845-846; 850; 852; 856; 859-862; 866-867; 869-870; 872; 874-875; 878; 881; 883-885; 887; 889-896; 898-902; 904-905; 907-909; 912-913; 915; 918-919; 921-922; 924; 926-927; 929; 932-933; 935-938; 940; 942; 944-949; 951-952; 955; 957-959; 961-964; 966; 968-970; 972-979; 981-983; 985; 987; 989-992; 995-1002; 1004; 1006-1009; 1011-1013; 1015-1031; 1035-1039; 1041-1046; 1049-1060; 1063; 1065-1066; 1068-1078; 1080
wta_rankings_83_99.csv,1997-12-08,1,1087,837,250,34; 108; 184; 216; 265; 388; 403; 418; 423; 426; 452; 488; 492; 528-529; 533; 536; 566-567; 574; 576; 581; 587; 594; 598; 606-607; 622; 630; 637; 653; 661; 665; 669-670; 681; 685; 689; 701; 708; 711; 713-714; 717; 721; 728; 747; 749; 754; 758; 761-762; 768; 770; 776-777; 779; 781; 784; 787; 789; 791-794; 799; 802; 804; 807; 818; 821; 827; 832; 835; 839; 841-844; 846-848; 851; 853-854; 856; 860; 863-866; 870-871; 873-874; 876-877; 879; 881; 884-885; 887-888; 890; 892; 894-901; 903-907; 909-910; 912-914; 916-917; 920; 923; 925-926; 928; 931; 933-936; 938-939; 941; 944-949; 951; 955-957; 959-962; 964; 967-969; 971-978; 980-983; 985-986; 988-992; 994; 996-1003; 1006; 1008-1012; 1014-1016; 1018-1034; 1038-1043; 1045-1050; 1053-1064; 1067; 1069-1071; 1073-1084
wta_rankings_83_99.csv,1997-12-15,1,1081,832,249,34; 108; 185; 218; 267; 387; 407; 418; 422; 427; 451; 491; 494; 528-529; 533; 562-563; 572; 574; 581; 587; 595; 600; 604; 608-609; 631; 639; 645; 657; 663; 667; 672; 674; 683; 687; 690; 692; 705; 712; 715; 717; 721; 725; 729; 731; 750; 755; 758; 761-762; 767; 769-770; 776-777; 779; 781; 783; 786; 788; 790-793; 797; 800; 802; 805-806; 817; 820; 826; 829; 832; 837; 839-842; 844-846; 849; 851-852; 854; 857; 859; 862-864; 867-868; 870-872; 874-876; 878; 880; 883-884; 886-887; 889; 891; 893-898; 900-904; 906-907; 909-912; 914; 917; 920; 922-923; 925; 927; 929-932; 934-935; 937-938; 941-945; 948; 951; 953-955; 957-961; 963; 966-968; 970-977; 979-982; 987-990; 992; 994-1000; 1003-1007; 1009-1011; 1013-1029; 1033-1038; 1040-1046; 1049-1060; 1063-1065; 1067-1078
wta_rankings_83_99.csv,1997-12-22,1,1080,828,252,34; 109; 207; 218; 273; 367; 382; 419; 427; 437; 449; 466; 487; 491; 521; 528; 531; 535; 538; 543; 565-566; 577; 582; 590; 597; 604; 608; 611; 613; 629; 636; 645; 657; 662; 667; 672; 676-677; 688; 693; 697; 711; 718; 720; 722; 728; 734; 741; 755; 760; 763; 767-768; 773; 775; 781-782; 784; 790-793; 798; 801; 805; 813; 816; 818; 824; 832; 834; 837; 839-842; 844-845; 847; 849; 851-852; 854-855; 857; 859-860; 862; 865-867; 870-872; 874; 876-879; 883-884; 886-887; 890; 892-897; 899-902; 904-905; 907-910; 913; 917; 920; 922-923; 925-926; 928; 930-931; 933-934; 936-939; 941-946; 948-949; 951-953; 955-958; 960; 963-968; 970-977; 979-984; 987-989; 991-992; 994-998; 1001-1005; 1007-1009; 1011-1027; 1030-1036; 1038-1045; 1047; 1049-1061; 1063-1065; 1067-1078
wta_rankings_83_99.csv,1997-12-29,1,1082,833,249,34; 109; 207; 218; 273; 368; 382; 419; 427; 437; 449; 488; 492; 522; 530; 533; 537; 540; 545; 567; 569; 585; 591; 598; 605; 608; 611; 613; 636; 646; 657; 662; 667; 672; 676-677; 688; 693; 697; 711; 718; 720; 722; 728; 734; 741; 755; 761; 764; 768-769; 774; 776; 782-783; 785; 791-792; 794-795; 800; 803; 807-808; 816; 819; 821; 827; 834; 836; 839; 841-844; 846-847; 849; 851; 853-854; 856; 858; 860; 862; 865-867; 870-872; 874; 876-879; 883-884; 886-887; 890; 892-897; 899-902; 904-905; 908-911; 914; 918; 921; 923; 925-926; 928; 930-931; 933-934; 936-939; 941-946; 948-949; 951-953; 955-958; 960; 963-968; 970-977; 979-984; 987-989; 991-992; 994-998; 1001-1005; 1007-1009; 1011-1028; 1031-1037; 1039-1046; 1048; 1050-1062; 1064-1066; 1068-1080
wta_rankings_83_99.csv,1998-01-05,1,1080,830,250,32; 108; 206; 218; 272; 368; 381; 417; 420; 425; 435; 448; 487; 491; 522; 529; 532; 536; 539; 543; 566; 568; 583; 589; 595; 602; 605; 608; 610; 633; 643; 654; 660; 665; 670; 674-675; 687; 692; 696; 710; 718; 720; 726; 732; 739; 754; 760; 763; 767-768; 773; 775; 781-782; 784; 790-791; 793-794; 799; 802; 806-807; 815; 818; 820; 825; 831; 833; 836; 838-841; 843-844; 846; 848; 850-851; 853; 855; 857; 859; 862-864; 867-869; 871; 873-876; 880-881; 883-884; 887; 889-895; 897-900; 902-903; 906-909; 912; 916; 919; 921; 923-924; 926; 928-929; 931-932; 934-937; 939-944; 946-947; 949-951; 953-956; 958; 961-966; 968-975; 977-982; 985-987; 989-990; 992-996; 999-1003; 1005-1007; 1009-1026; 1029-1035; 1037-1044; 1046; 1048-1060; 1062-1064; 1066-1078
wta_rankings_83_99.csv,1998-01-12,1,1079,828,251,33; 144; 216; 227; 271; 366; 380; 419; 425; 435; 447; 487; 491; 521; 528; 531; 535; 538; 542; 564; 566; 581; 588; 594; 601; 604; 607; 609; 633; 643; 654; 659; 664; 669; 673-674; 685-686; 691; 695; 709; 716; 718; 720; 726; 732; 739; 753; 759; 762; 766-767; 772; 774; 780-781; 783; 789-790; 792-793; 798; 801; 805-806; 814; 817; 819; 824; 830; 832; 835; 837-840; 842-843; 845; 847; 849-850; 852; 854; 856; 858; 861-863; 866-868; 870; 872-875; 879-880; 882-883; 886; 888-894; 896-899; 901-902; 905-908; 911; 915; 918; 920; 922-923; 925; 927-928; 930-931; 933-936; 938-943; 945-946; 948-950; 952-955; 957; 960-965; 967-974; 976-981; 984-986; 988-989; 991-995; 998-1002; 1004-1006; 1008-1025; 1028-1034; 1036-1043; 1045; 1047-1059; 1061-1063; 1065-1077
wta_rankings_83_99.csv,1998-01-19,1,1082,831,251,34; 142; 216; 229; 272; 368; 383; 421; 427; 437; 449; 489; 492; 522; 529; 532; 536; 539; 543; 567; 569; 584; 590; 592; 598; 606; 612; 630; 636; 645; 658; 663; 668; 673; 677-678; 687-688; 693; 697; 713; 720; 722; 724; 729; 735; 741; 743; 757; 763; 765; 769-770; 775; 777; 783-784; 786; 792-793; 795-796; 801; 804; 808-809; 817; 820; 822; 827; 833; 835; 838; 840-843; 845-846; 848; 850; 852-853; 855; 857; 859; 861; 864-866; 869-871; 873; 875-878; 882-883; 885-886; 889; 891-894; 896-897; 899-902; 904-905; 908-911; 914; 918; 921; 923; 925-926; 928; 930; 932-933; 935-938; 940-945; 947-948; 950-952; 954-957; 959; 962-967; 969-976; 978-983; 986-988; 990-991; 993-997; 1000-1004; 1006-1008; 1010-1028; 1031-1037; 1039-1046; 1048; 1050-1062; 1064-1066; 1068-1080
wta_rankings_83_99.csv,1998-01-26,1,1080,828,252,33; 149; 215; 270; 298; 370; 382; 415; 429; 445; 457; 486; 490; 512; 526; 529; 534; 565; 580; 585-586; 588; 602; 607; 637; 648; 656; 661; 668-670; 680-681; 685; 690; 695; 708; 713; 715; 717; 728; 732-733; 735; 748; 750-751; 757; 760; 764; 770; 772; 778-779; 784-785; 787-788; 793; 796; 800-801; 808; 812; 815; 817; 820; 823; 829; 831; 835; 837-841; 843-844; 846; 848; 850-851; 853; 855; 857; 859; 862-864; 866-868; 870; 872-875; 879-880; 882-883; 886; 888-890; 892; 894-897; 899; 902-906; 909; 913-914; 917; 919; 921-922; 924; 926; 928-934; 936-940; 942-943; 945-946; 948-952; 954-955; 958-963; 965-973; 975-980; 983-985; 987-989; 991-996; 999-1004; 1006-1008; 1010-1028; 1031-1037; 1039-1046; 1048; 1050-1061; 1063-1064; 1066-1078
wta_rankings_83_99.csv,1998-02-02,1,1076,821,255,35; 152; 215; 277; 300; 372; 381; 415; 434; 456; 482; 487; 506; 510; 526; 530; 534; 537; 562; 575; 581; 586; 588; 591; 606; 624; 638; 662; 667-668; 676-677; 679-680; 685; 690-691; 711; 713; 715; 726; 730; 732; 745; 747-748; 750; 756; 758; 761; 767-768; 770; 776-777; 781-783; 788; 791; 795-797; 800; 803; 805; 808; 811; 813; 818; 824; 826; 828; 831; 833-837; 839-840; 843; 845; 847; 849; 851; 853; 856-858; 860-862; 864; 866-869; 873-874; 876-877; 880-881; 883-885; 887; 889-892; 894; 897-901; 904-905; 908; 910; 913; 915; 917-918; 920; 922-924; 926-931; 933-937; 939-941; 943-944; 946-951; 953-954; 957-963; 965-971; 973-978; 981-982; 984-985; 987-991; 994-999; 1001-1004; 1006-1025; 1028-1034; 1036-1044; 1046; 1048-1057; 1059-1060; 1062-1074
wta_rankings_83_99.csv,1998-02-09,1,1070,822,248,32; 153; 214; 278; 298; 371; 382; 418; 444; 456; 484; 489; 511; 526; 530; 535; 557; 564; 574; 578; 582; 589; 596; 605; 617; 632; 639; 650; 659; 662-663; 675-676; 678; 683; 687-688; 695; 711; 713; 715; 726; 743; 745; 748; 752; 755-756; 759; 765-766; 768; 774-775; 778; 781-783; 790; 793-795; 800; 802; 805; 808; 811; 819; 823; 825; 827; 830; 832-834; 836-837; 840-841; 843; 845-846; 848; 850; 852; 855-856; 858-860; 862; 864-868; 872-873; 875; 878; 880-882; 884; 886-889; 891; 893; 895-897; 900-901; 904; 906; 909-910; 912; 914-916; 918; 920-922; 924-928; 930-931; 933-936; 938-939; 941; 943-948; 950-951; 953-959; 961-967; 969-974; 978-979; 981-984; 986-990; 992-997; 999-1003; 1005-1021; 1024-1029; 1031-1038; 1040-1041; 1043-1051; 1053-1054; 1056-1068
wta_rankings_83_99.csv,1998-02-16,1,1075,824,251,32; 154; 214; 278; 299; 371; 382; 421; 454; 460; 487; 490; 509; 524; 529; 532; 555; 575-576; 578; 585; 595; 605; 617; 637; 648-649; 658; 661-662; 671-672; 678; 682; 691; 699; 707; 709; 712; 724; 738; 744; 746; 753-754; 756; 761; 764; 767; 769; 772-773; 777; 781-784; 793-795; 803-804; 807; 810; 815; 819; 821; 823; 826-827; 830; 832-834; 836-837; 840-841; 843; 845-846; 848; 850-851; 853; 855; 857-858; 861-863; 865; 867-871; 876-877; 879-880; 883; 885-886; 888; 890-892; 894-895; 898-900; 902; 904-905; 907; 909; 912-914; 916-917; 919-921; 923; 925-927; 929-933; 935-936; 938-941; 943; 945; 947-952; 954-955; 957-963; 965-970; 972-978; 982-983; 985-989; 991-996; 998-1003; 1005-1007; 1009-1025; 1028-1033; 1035-1041; 1043; 1045-1056; 1058-1059; 1061-1073
wta_rankings_83_99.csv,1998-02-23,1,1074,824,250,30; 184; 235; 289; 298; 372; 383; 436; 462; 465; 483; 489; 491; 495; 511; 531; 534; 554; 566; 574; 577; 584; 597; 606; 618; 641; 651-652; 661; 664; 666; 675-676; 681; 685-686; 696; 708-709; 724; 736; 742; 745; 750; 753; 755; 760; 763-764; 768; 771; 774-775; 779; 783-786; 795-797; 804-805; 808; 811; 819; 821; 823-824; 827-828; 832-834; 836-838; 840; 842-843; 845; 847-848; 850; 852-853; 856; 858; 860; 863-865; 867; 869-872; 877-878; 880-881; 884-885; 887; 890; 892-894; 896; 899-902; 904-905; 907-908; 910; 913-914; 916-918; 920-924; 926-929; 931-935; 937-938; 940-945; 947; 949-950; 952-957; 959-960; 962-966; 968-973; 975-980; 984-985; 987-990; 992-996; 998-1002; 1004-1007; 1009-1024; 1027-1032; 1034-1040; 1042-1043; 1045-1055; 1057-1058; 1060-1072
wta_rankings_83_99.csv,1998-03-02,1,1072,820,252,30; 190; 235; 293; 299; 369; 382; 436; 461; 466; 481; 486; 488; 493; 509; 529; 532; 565; 573; 576; 581-582; 595; 606; 617; 636; 641; 650-651; 662; 665; 667; 675-676; 680; 684-685; 691; 696; 707-708; 710; 712; 724; 731; 738; 746; 750; 754-755; 760; 763; 767; 770; 773-774; 781-783; 792-794; 801-802; 804; 806; 808; 810; 818; 820-821; 823-824; 827-828; 832-834; 836-837; 839-840; 842; 844; 846-847; 849; 851-852; 855; 857; 859; 862-864; 866; 868-871; 876-877; 879; 882-883; 885; 888; 890-892; 894; 897-899; 901-902; 904-906; 908-909; 912-913; 915-916; 918-922; 924-926; 928-931; 933-934; 936-940; 942-943; 945-946; 948-953; 955-956; 958-963; 965-970; 972-976; 980-981; 983-987; 989-993; 995-999; 1001-1004; 1006-1021; 1024-1029; 1031-1037; 1039-1040; 1042-1053; 1055-1056; 1058-1070
wta_rankings_83_99.csv,1998-03-09,1,1072,819,253,30; 192; 237; 295; 300; 365; 382; 424; 436; 461; 466; 481; 486; 488; 493; 509; 529; 532; 558; 568; 576; 579; 584-585; 599; 609; 620; 639; 643; 654-655; 666; 669; 671; 678; 680; 684; 688-689; 695; 699; 706; 710-711; 713; 715; 726; 732; 739; 747; 751; 756-758; 760; 764; 767; 771; 774; 777; 783-785; 794-796; 803-804; 806; 808; 810; 812; 820; 822; 824-825; 828-829; 833-835; 837-838; 840-841; 843; 845; 847-848; 850; 852-853; 856; 858; 860; 864-865; 867; 869-872; 877-878; 880; 883-884; 886; 889; 891-893; 896-898; 900-901; 903-905; 907-908; 911-912; 914-915; 917-921; 923-925; 927-930; 932-933; 935-938; 940; 942-943; 945-946; 948-954; 956-957; 959-964; 966-971; 973-977; 981-982; 984-988; 990-994; 996-1000; 1002-1005; 1007-1021; 1024-1029; 1031-1037; 1039-1040; 1042-1053; 1055-1056; 1058-1070
wta_rankings_83_99.csv,1998-03-16,1,1068,820,248,30; 204; 302; 322; 334; 380; 403; 419; 460; 468; 480; 486; 502; 505; 513; 527; 529; 532; 562; 567; 570; 573; 580; 618; 641; 650-652; 661; 665; 668; 676; 678; 680; 684-685; 691; 698; 702; 705; 707; 710; 720; 726-727; 740-741; 744; 751-752; 756; 760; 765; 768; 771; 777-780; 789-790; 797; 800-801; 803; 805; 816; 818-819; 822-823; 827-829; 831-832; 834; 836; 838; 840-841; 843-844; 846-847; 849; 851-852; 854; 856; 859; 861-862; 864; 866-867; 872; 876-877; 882; 884-887; 890-893; 895-896; 898-900; 903-904; 907-908; 910-911; 913-916; 918-919; 921-923; 925-926; 928-933; 935; 937-939; 941-947; 949-950; 952-955; 957-963; 965-969; 972-974; 976-981; 983-987; 989-993; 995-1000; 1002-1017; 1020-1026; 1028-1034; 1036-1037; 1039-1050; 1052-1053; 1055-1066
wta_rankings_83_99.csv,1998-03-23,1,1068,692,376,30; 65; 82; 120; 150; 173; 181; 196; 204; 208-209; 211; 215; 222; 227; 254; 261; 265; 284; 297; 302; 310; 316; 320; 322; 331; 334; 336; 338; 357; 367; 369; 374; 378-380; 382; 385; 397; 401; 403; 416; 418-419; 428; 434; 439; 449; 454; 458; 460; 463-464; 468; 471-474; 476; 480; 486-487; 493; 499; 502; 505; 509; 513; 517; 527; 529; 531-533; 538; 543; 549; 553; 555; 557; 562; 564-565; 567; 569-570; 573-574; 579-580; 591; 593; 596; 600; 604; 607; 612; 615-616; 618; 621; 626-627; 630; 632; 634; 641; 649-653; 661; 665; 668-669; 673-678; 680; 684-685; 691-693; 695; 697-698; 702; 704-705; 707-708; 710; 713; 719-720; 726-728; 731; 733; 740-741; 744-746; 751-753; 756; 758; 760-761; 765; 768; 770-771; 773-775; 777-780; 782; 784-786; 789-791; 793; 797; 800-801; 803; 805; 809; 811-812; 814-816; 818-819; 822-824; 827-829; 831-832; 834; 836; 838; 840-841; 843-844; 846-847; 849; 851-854; 856; 859; 861-862; 864; 866-868; 870; 872; 876-878; 881-882; 884-887; 890-893; 895-896; 898-900; 903-904; 907-911; 913-916; 918-919; 921-923; 925-926; 928-933; 935; 937-939; 941-947; 949-950; 952-955; 957-963; 965-969; 972-974; 976-981; 983-987; 989-993; 995-1000; 1002-1017; 1020-1026; 1028-1034; 1036-1037; 1039-1053; 1055-1066
wta_rankings_83_99.csv,1998-03-30,1,1072,819,253,32; 199; 335; 341; 381; 386; 439; 456; 462; 479; 485; 492; 503; 507; 515; 532; 537; 564; 567; 574; 578; 583; 598; 619; 630; 636; 641; 650-651; 659; 663; 668; 677; 679; 681; 685-686; 692; 698; 706; 715; 717; 723; 729; 738; 741-742; 751-752; 754; 761; 766; 769; 772; 774; 778-779; 788-789; 799; 801; 803-804; 811; 814; 816-818; 821; 825-827; 829-830; 832; 834-835; 837; 839-840; 842; 844-845; 847; 849; 851; 853; 857; 859-862; 864; 866-868; 873; 877; 882; 884-885; 887; 889-892; 894-895; 897-899; 901; 903-904; 906; 908-909; 911-912; 914-916; 918-919; 921-923; 925-930; 932; 934-936; 938-946; 948-949; 951-953; 955-961; 963-969; 972-973; 975-980; 982-987; 989-993; 995-1000; 1002-1015; 1017-1023; 1025-1034; 1036-1039; 1041-1053; 1055-1056; 1058-1070
wta_rankings_83_99.csv,1998-04-06,1,1073,821,252,30; 220; 335; 380; 386; 395; 416; 441; 457; 463; 486; 494; 499; 506; 515; 535; 539; 556; 569; 578; 582; 589; 594; 627; 630; 636; 642; 652-653; 657; 662; 666; 670; 678; 680; 682; 685-686; 693; 705; 714; 716; 722; 729; 738; 742-743; 753-754; 756; 761; 764; 768; 771; 774; 780; 782; 791; 797; 801; 803; 805-806; 813; 816; 818-819; 822; 826-828; 830-831; 833; 835-836; 838; 840-841; 843; 845-846; 848; 850; 852; 854; 858; 860-862; 864; 866-868; 873; 877; 882; 884-885; 887; 889-893; 895-896; 898-900; 902; 904-905; 907; 909-910; 912-913; 915-917; 919-920; 922-924; 926-931; 933; 935-937; 939-947; 949-950; 952-954; 956-964; 966-972; 975-976; 978-983; 985-990; 992-996; 998-1003; 1005-1016; 1018-1024; 1026-1035; 1037-1040; 1042-1054; 1056-1057; 1059-1071
wta_rankings_83_99.csv,1998-04-13,1,1076,826,250,30; 224; 351; 384; 400; 407; 418; 439; 456; 460; 482; 508; 517-518; 537; 540; 559; 567; 572; 580; 582; 587; 591; 597; 634; 637; 643; 648; 658-659; 662; 670; 675; 683; 685; 689; 693; 709; 715; 719; 721; 736; 748-749; 756-757; 759; 765; 767; 771; 774; 778; 785; 791; 797; 800; 802-803; 805; 807-808; 815; 819; 821-822; 825; 828; 830-832; 834-835; 837; 839-840; 842; 844-845; 847; 849; 851; 853-854; 856; 858; 862; 864-866; 868-870; 872; 877-878; 882; 887; 889-890; 892; 894-899; 901-902; 904-905; 908; 910; 912-913; 915; 917-919; 921-922; 924-926; 928-933; 935; 937-939; 941-949; 951-952; 954-956; 958-966; 968-973; 976-977; 979-985; 987-992; 994-998; 1000-1006; 1008-1019; 1021-1028; 1030-1039; 1041-1044; 1046-1057; 1059-1060; 1062-1074
wta_rankings_83_99.csv,1998-04-20,1,1076,822,254,30; 209; 228; 355; 397; 401; 444; 449; 466; 487; 519; 531; 533; 548; 568; 575; 584; 588; 595; 599; 638; 641; 646; 648; 653; 659; 663-664; 669; 673; 676; 679; 686; 688; 695-696; 699; 706; 712; 722; 724; 727; 733; 741; 743; 750; 753-754; 756; 764; 767; 769; 774; 777-778; 781; 785; 791-792; 798; 802; 805-807; 814-815; 819; 821-822; 824; 827-829; 831-834; 836; 839-841; 843; 845; 847; 849; 851-852; 854-855; 857; 859-860; 864-865; 867-869; 871-872; 876-877; 880-881; 886-887; 889; 892-893; 895-900; 902-903; 905; 908; 910; 912-913; 915; 917-919; 921; 925; 927-928; 930-937; 939; 941-949; 951-952; 954-956; 958-966; 968-972; 975; 977-985; 987-992; 994-997; 999-1003; 1005-1018; 1021-1029; 1031-1040; 1042-1045; 1047-1057; 1059-1061; 1063-1074
wta_rankings_83_99.csv,1998-04-27,1,1084,828,256,35; 230; 363; 395; 437; 440; 442; 448; 466; 490; 527; 545; 547-548; 568; 589; 609; 611; 619; 637; 641; 647; 649; 652; 654-655; 660; 664-665; 671; 675; 677; 684; 694; 704; 711; 719; 723-724; 727; 730; 742; 750; 755-756; 758; 765; 768; 774; 777; 781; 787; 791; 796; 798; 802-803; 806-807; 811; 816-817; 822; 824; 826; 829-831; 833-837; 839-840; 843; 845-846; 848; 850; 852; 854; 856; 858-859; 861; 863; 867-868; 870-872; 874; 877; 880-881; 885; 887; 891; 893-899; 901-903; 905; 908; 910; 912-913; 915; 917-921; 923; 927-930; 932-938; 940; 942-950; 952-953; 955-957; 959-967; 969-973; 976; 978-988; 990-994; 996-999; 1001-1005; 1007-1019; 1021; 1023-1031; 1033-1041; 1043-1046; 1048-1059; 1061-1063; 1065-1076; 1078-1083
wta_rankings_83_99.csv,1998-05-04,1,1084,826,258,34; 233; 336; 352; 380; 386; 397; 402; 441; 463; 468; 547; 551; 558; 562; 570; 584; 592; 606; 615; 630; 641; 644; 652; 656-657; 662; 665-666; 671; 676; 678; 680; 682; 689; 697; 699; 708; 716; 725; 727; 730-731; 734; 738; 742; 748; 755; 759-760; 766; 768-769; 771; 773; 778; 780; 784; 796; 801; 803; 807-808; 811-812; 816; 820; 823-825; 830-831; 833-834; 836; 839-840; 842-845; 847; 849; 852-853; 855; 857-858; 861-863; 866; 868; 872-875; 877-878; 880; 882; 885; 888; 890; 893; 896-897; 899; 901-906; 908-912; 914; 917; 919; 923-926; 928-929; 932-933; 935-942; 944-945; 947-954; 956-957; 959-961; 963-970; 972-979; 981; 983-990; 992-997; 1000-1002; 1004-1010; 1012-1022; 1025-1033; 1035-1047; 1049-1052; 1054-1062; 1064-1066; 1068-1077; 1079-1083
wta_rankings_83_99.csv,1998-05-11,1,1085,830,255,33; 235; 336; 348; 382; 388; 398; 403; 440; 471; 519; 559; 562-563; 572-573; 588; 595; 613; 644; 652-653; 663-664; 670; 675; 677; 679; 682; 687; 690; 693; 696; 698; 703; 709; 715; 717; 723; 728-729; 742; 745; 752-753; 756; 758-759; 765; 767; 769; 775-776; 779; 784; 795; 799-800; 803; 806; 808; 813-815; 819; 821; 826-827; 831; 833-834; 836; 838-839; 841-844; 846; 850-851; 854; 857-858; 861; 863; 865; 869-870; 872-873; 875; 880-881; 883; 885; 888-889; 892; 894; 896-899; 901-905; 907; 910; 912; 914; 916-917; 919-921; 923-924; 927; 929-931; 933-939; 941-942; 944-951; 953-954; 957-958; 960-966; 968-976; 978-986; 988-992; 995-996; 998-1003; 1005-1018; 1021-1029; 1031-1043; 1045-1049; 1051-1061; 1063-1065; 1067-1077; 1079-1084
wta_rankings_83_99.csv,1998-05-18,1,1092,822,270,35; 245; 320; 385; 392; 409; 412; 449; 463; 470; 475; 522; 531; 543; 545; 563; 566; 568; 573; 576; 586; 592; 597; 614; 641; 646; 656; 665; 667-668; 676; 678-679; 687; 694; 699; 703; 710; 713; 716; 718; 725-726; 736-738; 742; 748; 750-751; 754; 757; 761; 764; 767; 772-773; 775; 779; 781; 784; 788; 796-797; 801; 804; 806; 809-810; 812-813; 815; 818; 821-825; 829; 831; 834; 839; 841-842; 844-845; 847-848; 850-852; 856-858; 862; 865; 867; 869; 872; 874-875; 877; 879; 882; 884-885; 887; 889; 891; 894-895; 898; 900-902; 904-906; 908; 910; 914-915; 917-919; 921-922; 925; 928-931; 933-936; 938-939; 941-947; 949-958; 960-961; 963-964; 966-974; 976-983; 985-986; 988-995; 997-1002; 1004-1005; 1007-1015; 1017-1032; 1035-1044; 1046-1055; 1057-1059; 1061-1070; 1072-1074; 1076-1085; 1087-1091
wta_rankings_83_99.csv,1998-05-25,1,1097,840,257,35; 259; 386; 394; 414; 454; 471; 473; 529; 554; 565; 569; 571; 583-584; 587; 589; 594; 596; 613; 652; 661; 673; 675; 685; 687; 690; 702; 707; 712; 715; 717; 725-726; 738-740; 750; 752-753; 757; 759; 764-765; 768-769; 774; 776; 778; 785; 787-788; 794; 796; 807; 810; 812; 815; 817-818; 822; 825-828; 832-836; 841; 843-844; 847-848; 850; 852; 854-855; 857-859; 863; 865; 869; 871-873; 877; 879; 881-882; 884; 888; 891; 893-894; 896; 898; 901; 905-907; 909-912; 914-915; 917; 919; 921; 923-924; 926-928; 930-931; 934; 938-942; 944-948; 950; 952-956; 958-967; 969-970; 974-976; 978-984; 986-994; 996-1004; 1006-1012; 1014-1020; 1022-1039; 1042-1049; 1051-1060; 1062-1064; 1066-1076; 1078-1080; 1082-1091; 1093-1096
wta_rankings_83_99.csv,1998-06-01,1,1097,709,388,35; 77; 87; 176; 189; 196; 207; 210; 212; 215; 220; 225; 227; 256; 259; 270-271; 288; 291; 297; 303; 339-340; 342; 344-345; 349; 356; 366; 372; 386; 390; 393-394; 404; 413-414; 416; 419; 425; 428-430; 433; 435; 443-444; 454; 458; 462; 467-468; 471; 473; 490; 494-495; 497; 509-510; 513; 517-518; 521; 529; 531; 537; 541; 543; 549-550; 554-555; 559; 564-565; 569; 571; 580; 582-584; 587; 589; 591; 594-596; 598-599; 611; 613-616; 618-620; 624-625; 632; 636; 639; 644; 648-649; 652; 655; 661; 669; 673-675; 682-683; 685; 687-688; 690-691; 694; 701-703; 707; 712; 714-715; 717-718; 725-727; 729; 731; 734-736; 738-740; 742; 744; 747-748; 750; 752-754; 756-757; 759-762; 764-766; 768-770; 774; 776; 778; 783-785; 787-788; 791; 794; 796-797; 804; 807; 810-813; 815; 817-818; 820; 822-823; 825-828; 832-836; 841; 843-844; 847-848; 850; 852; 854-855; 857-859; 863; 865-866; 869; 871-873; 877; 879; 881-882; 884-885; 888; 891; 893-894; 896; 898; 900-902; 905-907; 909-915; 917; 919; 921; 923-924; 926-928; 930-931; 934; 938-942; 944-950; 952-956; 958-967; 969-970; 974-976; 978-984; 986-994; 996-1004; 1006-1012; 1014-1020; 1022-1039; 1042-1060; 1062-1064; 1066-1076; 1078-1080; 1082-1091; 1093-1096
wta_rankings_83_99.csv,1998-06-08,1,1092,840,252,34; 259; 382; 384; 406; 461; 469; 512; 566; 568; 583-584; 586; 595-596; 598; 603; 613; 626; 649; 667; 670; 672; 677; 679; 683; 688; 694; 698; 704; 707; 723; 727-728; 733-734; 736; 745; 748; 750; 753; 761; 764; 767; 770; 773; 776; 780; 783-784; 786; 788; 795; 799; 806; 811; 814-815; 819-821; 823-825; 829-831; 835; 841-842; 844; 847; 849; 851-852; 854; 857; 859; 861-862; 867; 869-871; 874; 876-877; 879-880; 884; 887-888; 890-891; 893; 899-900; 902-903; 905-910; 912-913; 916; 918; 920; 922-925; 927-929; 931; 936; 938-943; 945-953; 955-956; 958-967; 970; 972-974; 976-979; 981-987; 989-990; 992-996; 998-1003; 1005; 1007-1011; 1013-1031; 1034-1043; 1045-1055; 1057-1060; 1062-1073; 1075; 1077-1091
wta_rankings_83_99.csv,1998-06-15,1,1107,850,257,34; 262; 379; 393; 410; 428; 478; 508; 529; 553; 587-588; 591; 597; 599; 610; 613-614; 624; 656; 672; 674; 680; 682; 684; 697; 699; 703; 706; 712; 731-732; 736; 750; 752-753; 757; 760; 766; 774; 776; 778; 780; 785; 787; 789-790; 795; 798; 800; 804; 806; 808; 814-815; 821-822; 824-827; 830-831; 834-836; 840; 842-843; 846; 848; 851-852; 854-855; 857; 859; 861-863; 867; 869; 874-875; 877; 879; 881-883; 886; 888; 890-891; 895; 897-898; 901-902; 905; 910-912; 914; 916-920; 922-924; 927; 930; 932-934; 936-938; 940-941; 945; 948-953; 955-960; 962; 964-967; 969-978; 982-983; 985-987; 989-996; 998; 1000-1001; 1003-1007; 1009-1014; 1016; 1018-1023; 1025-1045; 1048-1055; 1057-1065; 1067-1070; 1072-1084; 1086; 1088-1100; 1102-1106
wta_rankings_83_99.csv,1998-06-22,1,1102,841,261,33; 264; 288; 364; 395; 408; 479; 510; 549; 553; 572; 584; 586; 590; 598; 601; 613; 622; 624; 652; 668; 672; 674; 677; 680; 682; 686; 696; 698; 705-706; 708; 717; 729-730; 733; 745; 747-748; 753; 755; 757; 767-768; 770; 772; 774; 780; 782; 784-785; 789; 791-792; 798; 803; 805-806; 814; 816; 822; 824-828; 830-831; 834-835; 837; 840; 842-844; 848; 850-852; 854; 857-858; 860-862; 864; 866; 870; 872; 874; 876-878; 882; 884; 886; 889; 892; 894; 896-897; 899; 901; 903; 907-910; 913-916; 918-921; 925-928; 930-932; 934-935; 939; 942-946; 948-955; 958-962; 964-969; 971-972; 976-977; 979-981; 983-992; 995-998; 1000-1005; 1007-1012; 1014-1015; 1017-1021; 1023-1041; 1044-1049; 1051-1060; 1062-1064; 1066-1078; 1080; 1082-1094; 1096-1101
wta_rankings_83_99.csv,1998-06-29,1,1102,714,388,33; 85; 100; 165; 173; 206; 212-214; 219; 223; 226; 245-246; 258; 264; 275; 288; 292; 298; 310; 316-317; 320; 337; 346; 351; 355-356; 364; 382; 388-389; 395; 401; 405; 407-409; 412; 424; 427; 432; 435; 440; 444; 449; 453; 457; 465-466; 470-471; 476; 479; 488; 496-497; 507; 509-510; 515-516; 521; 533; 540; 543-544; 549-550; 553; 560-561; 566; 569; 572; 584; 586; 590; 593; 598-602; 606-607; 610; 613-615; 618; 620; 622; 624-625; 628; 632; 634; 636-637; 639; 644; 650; 652; 659; 665; 668; 672-674; 677-680; 682; 684-686; 689; 696; 698; 705-706; 708; 710; 715; 717; 720-721; 726; 729-730; 733; 736; 738; 742; 745; 747-753; 755; 757-758; 760; 764-765; 767-768; 770; 772; 774; 780; 782; 784-785; 787; 789; 791-793; 798; 801-803; 805-806; 808; 810-812; 814; 816-817; 819; 822; 824-828; 830-831; 834-835; 837; 840; 842-844; 848; 850-852; 854-855; 857-858; 860-862; 864; 866; 868-870; 872; 874; 876-878; 880; 882; 884; 886; 889; 892; 894; 896-897; 899; 901; 903; 907-910; 913-922; 925-928; 930-932; 934-935; 939; 942-946; 948-955; 958-962; 964-972; 976-977; 979-981; 983-993; 995-998; 1000-1005; 1007-1012; 1014-1015; 1017-1021; 1023-1041; 1044-1049; 1051-1060; 1062-1064; 1066-1078; 1080; 1082-1094; 1096-1101
wta_rankings_83_99.csv,1998-07-06,1,1101,854,247,30; 259; 285; 338; 404; 409; 491; 512; 540; 543; 549; 581; 600; 611; 616; 621; 628; 644; 663; 665; 671-672; 677; 680; 684; 694-695; 702-703; 720; 723; 732; 749; 752; 754; 756; 767; 776; 784; 786; 788-789; 792; 795; 797; 805-806; 810; 815; 817; 819-820; 825-828; 830; 834; 836-837; 839-840; 845-846; 848-849; 853; 856; 858-861; 864-865; 867-869; 871-873; 875-876; 880-881; 883-884; 887; 889; 891; 895; 899; 903; 909-911; 913-915; 917-920; 922-924; 926; 929-930; 932-935; 937-940; 942-943; 947-950; 952-953; 955-961; 963; 965-966; 968-972; 974-977; 979; 981; 983-987; 989-996; 1000-1002; 1004-1008; 1010-1012; 1014-1019; 1021-1037; 1040-1048; 1050-1061; 1063-1066; 1068-1078; 1080; 1082-1095; 1097-1100
wta_rankings_83_99.csv,1998-07-13,1,1097,846,251,31; 259; 340; 409; 414; 491; 512; 552; 555; 577; 589; 595; 610; 616; 620; 622; 641; 644; 648; 660; 666-667; 670; 675; 682; 687; 696; 703; 724; 727; 730; 744-745; 750; 752; 765; 767; 772-773; 775-776; 783; 789-790; 793; 800-802; 805; 807; 812; 814; 816-817; 819; 823-825; 827; 829; 831; 833; 835; 838; 840-843; 846-847; 851-854; 856-858; 860-863; 867-868; 870-871; 873; 876-877; 883; 885; 887; 893; 895-896; 899; 904; 908-911; 913-915; 917; 920-921; 923-926; 928-930; 932-934; 938-943; 945-948; 950-957; 959; 961-963; 965-968; 970-971; 973-974; 976-981; 983-988; 992-995; 997-1002; 1005; 1007-1013; 1015-1031; 1033-1040; 1042-1052; 1054-1061; 1063-1077; 1079; 1081-1093; 1095-1096
wta_rankings_83_99.csv,1998-07-20,1,1097,843,254,31; 309; 339; 410; 414; 486; 515; 552; 555; 570; 575; 579; 582; 591; 607; 620; 636; 638; 640; 644-645; 653; 662-663; 665; 671; 680; 685; 687-688; 707; 725; 727; 731; 742; 745-746; 750; 752; 760; 767; 769; 774-775; 777; 785; 790; 792; 797; 799-800; 804; 807; 809-810; 815; 817; 819; 821; 824-827; 830-831; 834-835; 837; 839; 842-843; 846-847; 849-850; 852; 854; 856-859; 861-862; 864-866; 870-871; 873; 875; 878-880; 886; 888-889; 891; 896; 898; 901; 906; 908; 911-914; 916-918; 920; 923-924; 926-929; 931-934; 936-937; 940-943; 945-948; 950-957; 960-962; 964-967; 969-971; 973; 975; 977-982; 984-988; 991; 993-996; 998-1002; 1005; 1007-1012; 1014-1029; 1031-1039; 1041-1051; 1053-1059; 1061-1077; 1079; 1081-1093; 1095-1096
wta_rankings_83_99.csv,1998-07-27,1,1101,848,253,30; 305; 308; 410; 511; 559; 570; 572; 576; 582; 589; 624; 632; 638; 643; 650; 659; 661-662; 679-680; 683; 690; 698; 709; 712; 717; 719; 721; 728-729; 732; 748-749; 754; 763; 769; 771; 774; 776; 778-779; 786; 788; 790; 795; 801; 803-804; 810; 812; 817; 819; 821; 823; 825-826; 828-829; 832; 834; 836; 839-840; 842; 845-846; 849-851; 855-857; 859-860; 863-864; 867-868; 871-873; 875; 877-879; 881; 883; 886-887; 889-890; 894-895; 897; 899-901; 903; 905; 910; 912-913; 916-919; 921-922; 924; 927-928; 930-935; 937-940; 942-943; 947-950; 952-955; 957-962; 964-965; 967-969; 971-973; 975; 977; 979-984; 986-991; 993; 995; 997-1000; 1002-1007; 1009; 1011-1015; 1017-1035; 1039-1045; 1047-1059; 1061-1064; 1066-1082; 1085-1094; 1096-1100
wta_rankings_83_99.csv,1998-08-03,1,1082,837,245,28; 298; 300; 416; 509; 547; 566; 575; 583; 604; 616; 619; 637; 647; 657-658; 678; 680; 683; 687; 690; 698; 703; 718; 720-721; 738-739; 743; 749; 755-756; 759-760; 762-763; 765; 767; 769; 771; 780; 783; 786; 789; 795-796; 800; 802; 804-805; 808; 810; 812-813; 815; 817; 819; 821-822; 824; 826; 828; 831-832; 834; 837-838; 840-841; 844-845; 847-849; 852-853; 856; 859-860; 862; 864; 867-869; 872; 876-877; 879-881; 884; 886; 888-892; 894; 896-897; 899; 901-902; 904; 906; 908-911; 913-914; 916; 918; 920; 922-925; 927-929; 931-932; 935; 937-941; 943-946; 948-953; 955; 957-959; 961; 964; 966-973; 975-980; 982; 984; 986-988; 990-994; 996; 998-1001; 1003-1020; 1024-1032; 1034-1047; 1049-1050; 1052-1069; 1072-1081
wta_rankings_83_99.csv,1998-08-10,1,1088,844,244,28; 311; 316; 366; 428; 447; 558; 569; 583; 593; 620-621; 623; 641; 646-647; 656; 661; 663; 674; 679; 681; 686; 692; 698; 705; 707; 718; 721; 725; 736; 741; 745-746; 748; 752; 754; 756; 763; 769; 774; 776-777; 779; 782; 785; 790; 793; 795; 797; 800; 802; 810; 814; 816-818; 820; 823; 825; 827; 829; 831; 833-834; 836-837; 840; 842; 844; 847; 849-850; 853; 856-857; 861-862; 864-865; 867; 869; 872-874; 876; 878; 881-882; 884; 888-889; 891; 894; 897; 899-901; 903; 905-907; 910; 912-914; 916-918; 920-923; 926; 928-931; 933-934; 936-937; 940-941; 943-947; 949-951; 953-959; 961; 963-965; 970; 972-975; 977-982; 985-986; 988-994; 996-1001; 1003; 1005-1007; 1009-1027; 1030-1035; 1037-1050; 1053-1054; 1056-1073; 1076-1087
wta_rankings_83_99.csv,1998-08-17,1,1075,840,235,29; 316; 328; 409; 490; 513; 554; 557; 567; 583; 618; 628; 631; 635; 644; 663; 668; 672; 674-675; 678; 682; 704; 716; 719; 736-737; 742-743; 747; 751-752; 758; 763; 768-769; 771-772; 779-780; 782; 785; 787; 789; 794; 797; 800-802; 805; 809-810; 812-813; 815; 820; 822-823; 827-828; 834-835; 837-839; 842; 846; 848-849; 851; 853; 855-856; 859; 862-865; 867; 869; 871-873; 877; 879-880; 882; 885-886; 888-890; 892; 894-895; 899-901; 903; 905-908; 910-911; 914; 916-919; 921-922; 924-926; 929; 931-933; 935-937; 939-944; 946; 948-951; 956-958; 960-962; 964-970; 973; 975-979; 981-989; 991; 993-994; 996-1014; 1017-1022; 1024-1036; 1039-1040; 1042-1058; 1060-1068; 1070-1074
wta_rankings_83_99.csv,1998-08-24,1,1068,834,234,36; 314; 374; 408; 470; 498; 555; 562; 595; 617; 642; 654; 660; 668; 675; 679; 682; 684; 690; 692; 697; 704; 716; 719; 721; 729; 739-740; 744-745; 749; 753; 758; 762; 765; 767-768; 776-777; 779; 782-783; 785; 792; 795-797; 800; 802; 804-805; 807; 811-812; 814-815; 819-820; 824-826; 828-830; 832-834; 840; 842; 844; 848-849; 851-853; 855-856; 859; 863-865; 867; 869; 872-875; 878; 880; 882; 884; 887; 889; 894-896; 898; 900-903; 905; 908-909; 911-915; 917-919; 921-922; 925; 927-930; 932-934; 936-942; 945-948; 950-952; 954; 956-957; 959-964; 966-973; 975; 977-980; 982-988; 990; 992-995; 997-1016; 1018; 1020-1024; 1026-1038; 1041; 1043-1059; 1061-1067
wta_rankings_83_99.csv,1998-08-31,1,1083,844,239,37; 315; 367; 376; 410; 477; 500; 554; 567; 602; 621; 650; 659; 669; 671; 677; 685; 689; 693; 695; 700; 702; 707; 725; 727; 733; 736; 745; 747-748; 752-753; 757; 761; 769; 772; 774-776; 779; 786-787; 789; 800; 803-805; 807; 809; 812; 814-815; 817; 821-822; 824-826; 829; 831; 833; 836-839; 841-843; 845-846; 851; 853; 855; 860-862; 864-865; 867-868; 874; 876; 878; 881-884; 886-887; 889; 891; 894-895; 899; 901; 905-907; 909-910; 912-915; 917; 920; 922-926; 928-930; 932-934; 937; 939-942; 944-945; 947-953; 956-959; 961-964; 966; 969-970; 972-976; 978-985; 987; 989-992; 994-1002; 1005-1010; 1012-1031; 1033; 1035-1039; 1041-1054; 1057; 1059-1074; 1076-1082
wta_rankings_83_99.csv,1998-09-07,1,1083,709,374,37; 85; 105; 164; 175; 198; 208; 215; 222; 227; 240; 247; 254; 261; 264; 270-271; 280; 301; 315; 321-322; 334-335; 345; 361; 367; 369; 374; 376; 390; 407; 410; 412; 415; 418; 425; 427; 432; 435; 440; 444-445; 447; 459; 463; 473; 477; 490; 495-496; 500; 505; 507; 512; 514; 516; 519; 526; 530; 536; 545; 551; 553-554; 556; 560; 562-563; 565-567; 572-573; 575; 587; 589; 592; 594; 599; 602-604; 609; 611-612; 621; 623-624; 626-627; 629; 638; 646; 649-650; 655; 657-659; 665-666; 669; 671; 676-677; 681; 684-687; 689; 693; 695; 698-703; 705; 707; 709-710; 712; 718-719; 725; 727; 730; 733; 736; 738; 745; 747-748; 752-753; 757; 759; 761-762; 764; 769-770; 772-777; 779; 781; 784; 786-792; 795; 797-798; 800; 803-805; 807; 809-812; 814-815; 817; 819; 821-822; 824-827; 829; 831; 833; 836-839; 841-843; 845-846; 849; 851; 853; 855; 858; 860-862; 864-869; 873-878; 881-884; 886-887; 889; 891; 894-895; 899; 901; 905-907; 909-910; 912-917; 920; 922-926; 928-930; 932-934; 937; 939-942; 944-945; 947-953; 956-959; 961-964; 966-967; 969-970; 972-976; 978-987; 989-992; 994-1002; 1005-1010; 1012-1031; 1033; 1035-1039; 1041-1054; 1057; 1059-1074; 1076-1082
wta_rankings_83_99.csv,1998-09-14,1,1070,850,220,38; 319; 373; 486; 492; 497; 570; 623; 640; 653; 655; 662; 665; 674; 690; 692; 701; 703; 706; 720; 726; 733; 741; 744; 748; 755; 764; 766; 768-770; 772; 779; 783; 786-787; 796; 799; 803; 805; 807; 810-811; 813; 817-820; 822-823; 828; 833-835; 837-838; 840-843; 848-849; 851; 853; 855-856; 858; 862-864; 867-868; 870; 873-876; 881; 883; 885; 887; 890-891; 893-894; 897-898; 902-906; 908-910; 912-915; 918; 921; 923-926; 928-935; 937-940; 944-945; 947-950; 952-956; 958; 960-963; 965-967; 971-972; 974-979; 981-986; 989-994; 996-1001; 1004-1008; 1010-1026; 1028; 1030-1033; 1035-1046; 1049; 1051-1064; 1066-1069
wta_rankings_83_99.csv,1998-09-21,1,1080,859,221,43; 318; 374; 486; 491; 496; 566; 630; 636; 650; 657; 667; 670; 679; 683; 686; 688; 697; 699; 714; 717; 723; 730; 739; 741; 747; 750; 769-770; 772; 784; 787; 789; 794; 800; 805-806; 809; 811; 813-814; 817; 820-821; 823; 825; 827-828; 831; 836; 839; 843-844; 848; 850-851; 856; 860-863; 865-867; 871-873; 875; 878-881; 883; 885-886; 888; 890; 893-894; 896-897; 900-901; 905-907; 909-912; 914-919; 922-923; 927-929; 931-937; 939-941; 943-944; 946-948; 950-951; 955-956; 958-963; 965-966; 970-971; 973-978; 980-989; 991-992; 994-998; 1000-1005; 1008-1011; 1013-1030; 1033-1035; 1037-1048; 1051; 1053-1067; 1070-1074; 1076-1079
wta_rankings_83_99.csv,1998-09-28,1,1081,863,218,43; 375; 434; 488; 493; 563; 571; 582; 601; 639; 646; 657; 669; 678; 682; 685; 689; 691; 702; 705; 716; 719; 726; 744; 746; 751; 756-757; 763; 775-776; 784; 792; 799; 803; 805; 807; 811; 813; 815-817; 820-821; 824-825; 827; 829; 831-832; 835-836; 841; 844; 851; 863-865; 867-870; 874-876; 878; 881; 883-884; 886; 888; 890; 892; 896-897; 899; 903; 905-907; 909-914; 916-917; 921-925; 927-931; 933-935; 938-939; 941-943; 945-948; 952-953; 955-961; 963-965; 969-970; 972-977; 979-988; 990; 992-994; 996-1002; 1004; 1006-1009; 1011-1029; 1031; 1033-1036; 1038-1050; 1054-1070; 1072-1075; 1077-1080
wta_rankings_83_99.csv,1998-10-05,1,1071,849,222,43; 372; 429; 488-489; 523; 567; 569; 578; 584; 641; 646; 656; 660; 671; 679; 683; 685-686; 701; 708; 711; 722; 724; 726; 738; 742; 746; 751; 753; 757-758; 762; 765; 771; 780; 782-783; 792; 794; 796; 798; 802; 804; 806; 810; 812; 814; 816-817; 820-821; 824-825; 827; 829; 831; 833-834; 840; 843; 846-847; 850; 852-853; 857; 859; 865-867; 869-870; 875; 877; 880-881; 883-886; 891-894; 898; 900-902; 904-908; 911-913; 918-921; 923-926; 928-930; 933; 935-936; 938-941; 943-946; 949-950; 952-955; 957-962; 964-965; 967-975; 977-985; 987; 989-991; 993-1001; 1003; 1005-1007; 1009-1024; 1027-1029; 1031-1042; 1046-1062; 1064-1068; 1070
wta_rankings_83_99.csv,1998-10-12,1,1071,861,210,53; 372; 435; 466; 488; 545; 566; 591; 634; 659; 663; 669; 685; 704; 713; 718; 727; 730; 738; 745; 751-752; 756-757; 765; 768; 772; 782; 790; 793; 795; 802; 808; 811; 813; 816; 820-821; 823-824; 827-828; 830; 832-834; 843; 845; 849; 851; 855; 862-864; 866-867; 872; 874; 876; 878; 880; 883-884; 886; 889; 891-893; 895-899; 903-906; 909-910; 912-916; 918-919; 921-923; 927; 929-934; 936-940; 943-944; 946-952; 954-958; 961-963; 965-974; 976-983; 986-989; 991-1003; 1006-1008; 1010-1020; 1022-1026; 1028-1039; 1042; 1044-1060; 1062-1068; 1070
wta_rankings_83_99.csv,1998-10-19,1,1073,867,206,53; 203; 350; 433; 464; 487; 492; 511; 581; 588-589; 591; 637; 667; 685; 699; 704; 711; 714; 726; 734; 740; 743; 748; 753; 757; 765; 772; 777; 786; 795; 804; 814; 818; 821; 823; 825-826; 829-830; 832; 834-835; 845; 859-860; 863; 865; 867; 869; 871-872; 878; 880-883; 888; 890-893; 895-896; 898-899; 902-904; 907-909; 911-912; 914-915; 917-918; 922; 924-925; 927-928; 930-935; 937-942; 945-948; 950-954; 956-962; 966-975; 977-986; 988; 990-996; 998-1008; 1010-1015; 1017-1030; 1032-1037; 1039-1045; 1048; 1050-1065; 1067-1072
wta_rankings_83_99.csv,1998-10-26,1,1069,868,201,56; 246; 305; 349; 465; 487; 541; 561; 590; 602; 636; 640; 670; 672; 683; 690; 693; 710; 716; 724; 734; 736; 744; 748; 755; 759; 763-764; 772; 782; 785; 793; 797; 799; 810; 812; 815; 817; 820; 822; 824-825; 830; 832; 848-849; 856; 858; 861-862; 864; 866-868; 871-872; 874; 876; 878; 886-887; 889-891; 896-897; 899-900; 902-903; 905-906; 908-909; 913-915; 917-918; 920-922; 924-925; 927; 929; 931-932; 934-942; 944-948; 952-955; 957-960; 962-966; 970-980; 982-990; 992; 994-998; 1000-1005; 1007-1010; 1012-1024; 1026-1032; 1034-1041; 1044; 1046-1061; 1064-1068
wta_rankings_83_99.csv,1998-11-02,1,1079,860,219,56; 353; 414; 431; 489; 493; 518; 543; 567; 593; 606; 643; 654; 666; 692; 701; 733-734; 736; 742; 746; 753; 756; 759; 762; 764-765; 771; 777-778; 782-783; 794; 798; 803; 808; 810; 813; 815-816; 819; 821; 823-825; 830-831; 833; 838; 844; 848; 851; 855; 857; 860-862; 865-866; 868; 872-874; 876; 879-880; 882; 887-888; 890-894; 899-901; 903; 905-906; 908-909; 911-912; 915-917; 919-921; 923-925; 927; 929; 931-932; 934; 936-944; 946-952; 957-959; 961-964; 966-970; 972-982; 984-992; 994; 996-1000; 1002-1007; 1010-1014; 1016-1028; 1030-1034; 1036-1049; 1052; 1054-1068; 1070; 1072-1078
wta_rankings_83_99.csv,1998-11-09,1,1066,853,213,56; 351; 428; 466; 479; 484; 506; 538; 553; 584; 637; 646; 659; 664; 678; 688; 726-727; 729; 738; 742-743; 752-753; 757; 759; 773; 776; 786; 793-794; 796; 799; 802; 804; 806-808; 810; 813; 816-818; 820; 822; 824; 827; 832; 836; 840; 844; 848-849; 851; 854-856; 859-860; 862; 866-867; 870; 875-876; 878-880; 883; 885-886; 888-890; 892-893; 895-898; 900-901; 904-906; 908-909; 911-912; 914; 918-919; 921-922; 924-932; 934-941; 945; 947-948; 950-954; 956-961; 963-973; 975-983; 985; 987-991; 993-998; 1001-1005; 1007-1019; 1021-1026; 1028-1040; 1042; 1044-1058; 1061-1063
wta_rankings_83_99.csv,1998-11-16,1,1067,856,211,56; 353; 420; 479; 483; 507; 539; 586; 637-638; 641; 651; 656; 668; 684; 695; 725; 727; 732; 735; 737; 742; 745-746; 750-751; 764; 771; 779; 787; 797-798; 800; 803; 806; 808; 810-811; 813; 818-822; 824; 826; 831; 835; 840-841; 844; 846; 850-851; 853; 855; 857-859; 862-863; 868; 871; 877-879; 881-884; 887; 890-892; 894-895; 897-899; 901; 904-905; 907-908; 910-911; 913; 917-918; 920-921; 923-930; 932-939; 943; 945-947; 949-954; 956-960; 962-971; 973-983; 986-989; 991-996; 999-1003; 1005-1018; 1021-1025; 1027-1040; 1043-1057; 1060-1064
wta_rankings_83_99.csv,1998-11-23,1,1074,857,217,55; 353; 399; 411; 420; 490; 541; 572; 586; 589; 605; 634; 637; 650; 654; 683; 694; 696; 723; 735; 739-740; 744; 748; 752; 761; 765; 773; 776-777; 784; 787; 792; 803-804; 806-807; 810-811; 814; 817; 819; 822-826; 828; 833; 835; 837; 841; 845-846; 849; 851; 856-857; 859; 862-863; 868-869; 871; 873; 875; 883-885; 887-891; 893; 896-899; 901-902; 904-906; 911-912; 914-915; 917; 922-923; 925-926; 928-934; 936-944; 947; 949-954; 956-960; 962-966; 968-974; 976-986; 989-993; 995-1000; 1003-1008; 1010-1021; 1024-1027; 1029-1040; 1042; 1044-1060; 1062-1068; 1071-1073
wta_rankings_83_99.csv,1998-11-30,1,1085,865,220,55; 361; 401; 420; 437; 489; 511; 544; 564; 586; 606; 628; 638; 652; 654; 685-686; 702; 706; 715; 722; 732; 737; 742; 747-748; 750; 755; 758; 761; 772; 780; 783-784; 798; 804; 814-815; 817-818; 821-822; 825; 828-829; 832-834; 836; 840; 844; 846; 850; 853-855; 858; 860; 862; 866-867; 870; 872; 874; 876; 878; 882-884; 886; 888; 895-898; 900-904; 908-911; 913-915; 917-920; 925; 927-928; 930-931; 933-934; 939-940; 942; 944-952; 954-961; 964; 966-970; 972-977; 979-982; 984-990; 992-997; 1000-1007; 1009-1014; 1017-1022; 1024-1032; 1034-1036; 1038-1047; 1049-1051; 1053-1070; 1072; 1074-1078; 1081-1084
wta_rankings_83_99.csv,1998-12-07,1,1097,882,215,55; 303; 362; 420; 487; 543; 582; 588; 623; 642; 659; 694-695; 707; 712; 718; 722; 738; 743; 745; 750; 755; 759-760; 766; 769; 772; 785; 792-793; 799; 821-822; 824-826; 829; 831; 834; 839-841; 843; 847; 852; 857; 861-864; 867; 871; 874-875; 881; 887; 889-891; 894-895; 902; 904-908; 910-913; 917-921; 923; 925-929; 932-933; 935-936; 938-940; 942; 947-948; 950-951; 953-961; 963-971; 975-978; 980-985; 987-991; 993-998; 1000-1006; 1008-1009; 1011-1016; 1018-1022; 1026-1032; 1034-1042; 1044-1046; 1048-1057; 1059; 1061-1077; 1080-1087; 1090-1096
wta_rankings_83_99.csv,1998-12-14,1,1101,889,212,55; 366; 426; 484; 548; 581; 596; 601; 665; 703; 718; 723; 732; 738; 747-748; 752; 756; 760; 764-765; 768; 776; 785; 790; 793; 799; 806; 811; 813; 829-830; 832-834; 837; 839; 842; 846; 848-849; 853; 856-857; 860; 862; 866; 870; 872-873; 875; 879; 882-883; 887; 893; 895; 897; 900-902; 909; 911-915; 917-918; 921; 923-927; 929-930; 932-936; 940; 943-944; 946; 950-951; 953; 955-963; 965-971; 975-978; 980-985; 987-993; 995-1001; 1003-1008; 1010-1011; 1013-1017; 1019-1023; 1027-1034; 1036-1045; 1047-1050; 1052-1061; 1063; 1065-1081; 1084-1091; 1094-1100
wta_rankings_83_99.csv,1998-12-21,1,1103,892,211,55; 365; 424; 548; 578; 593; 599; 648; 653; 658; 665; 681; 698; 706; 717; 722; 724; 743; 747-748; 764-765; 768-769; 778; 797-798; 813; 822-823; 832-833; 835-837; 839; 842; 845; 847; 850; 852-853; 857; 862-863; 868; 872; 874-875; 877; 881; 884-885; 889; 897-898; 900; 902-904; 910; 912; 915-918; 920-921; 924; 926-930; 932-934; 936-940; 943; 946-947; 949; 953-954; 956; 958-965; 967-972; 975-979; 981-987; 989-993; 996-1001; 1003-1008; 1010-1012; 1014-1018; 1020-1025; 1029-1034; 1036-1045; 1047-1050; 1052-1063; 1065; 1067-1083; 1086-1092; 1095-1102
wta_rankings_83_99.csv,1998-12-28,1,1104,892,212,55; 366; 410; 548; 579; 594; 600; 648; 653; 658; 665; 681; 698; 706; 717; 722; 724; 743; 747-748; 764-765; 768-769; 778; 797-798; 813; 822-823; 832-833; 835-837; 839; 842; 845; 847; 850; 852-853; 857; 862-863; 868; 872; 874-875; 877; 881; 884-885; 889; 897-898; 900; 902-904; 910; 912; 915-918; 920-921; 924; 926-930; 932-934; 936-940; 942; 944; 947-948; 950; 954-955; 957; 959-966; 968-973; 976-980; 982-989; 991-995; 998-1003; 1005-1010; 1012-1014; 1016-1020; 1022-1027; 1031-1036; 1038-1047; 1049-1052; 1054-1064; 1066; 1068-1084; 1087-1093; 1096-1103
wta_rankings_83_99.csv,1999-01-04,1,1105,894,211,55; 366; 410; 545; 578; 592; 599; 646; 652; 658; 665; 681; 698; 705; 715; 721; 723; 743; 747-748; 764-765; 768-769; 778; 797-798; 813; 830-831; 833-835; 838; 841; 844; 846; 848; 850; 852-853; 857; 862; 867; 871; 873-874; 876; 880; 883-884; 888; 896-897; 899; 901-903; 909; 911; 914-917; 919-920; 924; 926-930; 932-934; 936-940; 942; 944; 947-948; 950-951; 955-956; 958; 960-967; 969-974; 977-981; 983-990; 992-996; 999-1004; 1006-1011; 1013-1015; 1017-1021; 1023-1028; 1032-1037; 1039-1048; 1050-1053; 1055-1065; 1067; 1069-1085; 1088-1094; 1097-1104
wta_rankings_83_99.csv,1999-01-11,1,1105,893,212,53; 364; 410; 546; 578; 592; 599; 647; 653; 659; 666; 682; 699; 705-706; 716; 722; 724; 743; 747-748; 764-765; 768-769; 778; 797-798; 813; 830-831; 833-835; 838; 841; 844; 846; 848; 850; 852-853; 857; 862; 867; 871; 873-874; 876; 880; 883-884; 888; 896-897; 899; 901-903; 909; 911; 914-917; 919-920; 924; 926-930; 932-934; 936-940; 942; 944; 947-948; 950-951; 955-956; 958; 960-967; 969-974; 977-981; 983-990; 992-996; 999-1004; 1006-1011; 1013-1015; 1017-1021; 1023-1028; 1032-1037; 1039-1048; 1050-1053; 1055-1065; 1067; 1069-1085; 1088-1094; 1097-1104
wta_rankings_83_99.csv,1999-01-18,1,1101,892,209,57; 363; 409; 576; 591; 598; 624; 646; 652; 664; 682-683; 705; 714; 720; 722; 741; 745-746; 760-761; 764-765; 775; 795-796; 810; 824; 828-829; 831-833; 836; 839; 842; 844; 846; 848; 850-851; 855; 860; 869-870; 872; 876; 879-880; 884; 892-893; 895; 897-899; 905; 907; 910-913; 915-916; 920-921; 923-927; 929-931; 933-937; 939; 941; 944-945; 947-948; 952-953; 955; 957-964; 966-971; 974-978; 980-987; 989-993; 996-1001; 1003-1008; 1010-1012; 1014-1018; 1020-1025; 1029-1034; 1036-1043; 1045-1048; 1050-1060; 1062; 1064-1081; 1084-1090; 1093-1100
wta_rankings_83_99.csv,1999-01-25,1,1101,746,355,57; 75; 109; 150; 157; 198; 207; 233-234; 246; 258; 269; 293; 319; 324; 336-337; 340; 342; 352; 357; 362-363; 368; 390; 397; 401; 405; 409; 412-413; 417-418; 423; 425; 427; 457; 459; 463; 490; 504; 509; 511; 516; 520; 525; 534; 539; 542; 544; 552; 554; 556; 562; 572; 574; 576-577; 579-580; 584; 586; 591; 597-598; 602-604; 615; 618; 621-622; 624; 626; 633; 637; 641; 643; 645-647; 650; 652-653; 655; 664; 666; 675-677; 680-683; 689-691; 694-695; 702; 705; 707-708; 711; 714-715; 720; 722-723; 738-739; 741; 745-747; 750; 754-756; 758; 760-761; 764-766; 771-776; 778; 780-781; 783-784; 789; 791; 795-797; 799-801; 810; 812-813; 817-818; 821; 824; 826; 828-829; 831-833; 835-836; 838-839; 842; 844; 846; 848; 850-853; 855-856; 860-861; 863-864; 866; 869-870; 872; 874-876; 879-880; 882; 884; 886-887; 892-895; 897-899; 902-905; 907; 910-913; 915-917; 920-921; 923-927; 929-937; 939-941; 944-945; 947-948; 952-953; 955; 957-964; 966-971; 974-978; 980-987; 989-993; 996-1001; 1003-1008; 1010-1012; 1014-1018; 1020-1025; 1027; 1029-1034; 1036-1043; 1045-1048; 1050-1060; 1062; 1064-1081; 1084-1090; 1093-1100
wta_rankings_83_99.csv,1999-02-01,1,1097,888,209,57; 361; 406; 436; 546; 594; 627; 652; 680; 702; 714; 716; 725; 738; 742-743; 756; 759-761; 771; 776; 781; 791; 797; 805-806; 808; 817; 826; 828-830; 833; 835; 838; 841; 843; 845-846; 850; 852-853; 858; 868-869; 871; 876; 887-888; 890; 892-894; 900; 902; 905-908; 910-911; 914; 916-919; 921-923; 925-929; 931; 933; 935; 937-938; 940-941; 945-947; 949-950; 952-959; 961-966; 969-973; 975-982; 984-987; 989-990; 992-997; 999-1004; 1006-1008; 1010-1014; 1016-1021; 1025-1030; 1032-1039; 1041-1044; 1046-1056; 1058; 1060-1077; 1080-1086; 1089-1096
wta_rankings_83_99.csv,1999-02-08,1,1096,886,210,62; 359; 361; 404; 432; 476; 543; 590; 623; 659; 664; 678; 711; 713; 721; 736; 740-741; 754; 757-758; 770; 776; 780; 785; 790; 796; 800; 806-807; 809; 818; 827; 829-831; 834; 836; 839; 843; 845-846; 851-852; 857; 867-868; 870; 875; 886-888; 890; 892-894; 898; 901; 903; 906-909; 911-912; 915; 917-920; 922-924; 926-930; 932; 934; 936-937; 939-940; 942-943; 947-949; 951; 953-958; 960-965; 968-971; 973-981; 983-985; 987-988; 990-994; 996-1002; 1004-1006; 1008-1013; 1015-1020; 1024-1029; 1031-1038; 1040-1043; 1045-1055; 1057; 1059-1076; 1079-1085; 1088-1095
wta_rankings_83_99.csv,1999-02-15,1,1091,882,209,61; 357; 359; 382; 433; 441; 478; 581; 592; 622; 645; 661; 664; 677; 710; 712; 714; 726; 735; 739-740; 752; 755; 771; 774; 782; 792; 796; 802; 804; 812; 820; 822-824; 827; 829; 832; 837; 839-840; 845-846; 851; 862-863; 869; 880-882; 884; 886-888; 892; 895; 897-898; 900; 902-905; 907-909; 912; 914-917; 919-921; 923-927; 929; 932-933; 935-936; 938-939; 943-945; 947; 949-953; 955-960; 963-966; 968-976; 978-981; 983-985; 987-991; 993-999; 1001-1004; 1006-1011; 1013-1017; 1021-1025; 1027-1035; 1037-1040; 1042-1052; 1054; 1056-1071; 1074-1080; 1083-1090
wta_rankings_83_99.csv,1999-02-22,1,1095,879,216,62; 120; 312; 361; 363-364; 386; 441; 536; 563; 583; 592; 643; 659; 663; 676; 705; 710; 712; 733; 737-738; 753; 756; 767; 773; 776; 784; 794; 801; 804; 806; 813; 820; 822-824; 827; 830-831; 834; 837; 840-841; 843; 847-848; 852; 863-865; 872; 878; 882; 885-887; 889; 891-892; 896; 899; 901-902; 904; 906-909; 911-912; 915; 917-921; 923-924; 926-930; 932-933; 936-938; 940; 942-944; 947-950; 952; 954-958; 960-966; 969-972; 974-979; 981-984; 986-987; 989-991; 993-1001; 1003-1006; 1008-1013; 1015-1017; 1020; 1022-1027; 1029-1038; 1041-1045; 1047-1059; 1062-1077; 1079-1085; 1088-1094
wta_rankings_83_99.csv,1999-03-01,1,1093,883,210,64; 306; 362; 366; 388; 442; 540; 564; 583; 594; 645; 660; 663; 676; 709; 711; 733; 737-738; 754; 757; 767; 773; 776; 783; 793; 800; 804; 806; 814; 817; 822; 824-826; 829; 832-833; 836; 841; 843; 847-848; 852; 863-865; 872; 878; 882; 884; 886-888; 890; 892-893; 897; 900; 902-903; 905; 907-909; 911-912; 915; 917-921; 923-924; 926-930; 932-933; 936-938; 940; 942-944; 947-950; 952; 954-958; 960-966; 969-972; 974-978; 980-983; 985; 987-989; 991-999; 1001-1004; 1006-1011; 1013-1015; 1018; 1020-1025; 1027-1036; 1039-1043; 1045-1056; 1058; 1060-1075; 1077-1083; 1086-1092
wta_rankings_83_99.csv,1999-03-08,1,1093,739,354,64; 82; 144; 159; 170; 198; 203; 237-238; 275-276; 286; 300; 306; 316; 319; 335-336; 340; 357; 362; 365-367; 370; 383; 388; 391; 398; 402; 405; 416; 419-420; 431; 434; 438; 442; 444; 452; 456; 478; 488; 497; 501; 506; 513; 520; 531; 540; 544; 551-553; 557; 562; 564; 569; 571; 576-577; 581; 583; 594-596; 598; 602-604; 617; 619-622; 627; 631; 635-636; 641; 643; 645; 649; 651; 655; 660; 662-663; 670; 673-676; 683; 692; 695; 698; 701; 703; 705-706; 709; 711-712; 714-715; 718; 722-723; 728-730; 733; 737-739; 744; 747-751; 754; 757-758; 764-765; 767-768; 771; 773-776; 783-785; 789; 791; 793; 800-801; 804; 806; 808; 812-814; 817-818; 820; 822; 824-826; 828-829; 831-833; 836; 838-839; 841; 843; 845; 847-848; 852-853; 855-857; 859-860; 863-866; 868-869; 872; 874; 877-879; 882; 884; 886-890; 892-893; 897-900; 902-903; 905; 907-909; 911-913; 915; 917-921; 923-930; 932-934; 936-938; 940; 942-944; 947-950; 952; 954-958; 960-966; 969-972; 974-978; 980-985; 987-989; 991-999; 1001-1004; 1006-1011; 1013-1015; 1018; 1020-1025; 1027-1036; 1039-1043; 1045-1056; 1058; 1060-1075; 1077-1083; 1086-1092
wta_rankings_83_99.csv,1999-03-15,1,1096,882,214,70; 305; 366; 376; 546; 565; 577; 582; 591; 600; 614; 650; 665; 680; 713; 716; 733; 736-737; 755; 758; 777; 784; 798; 802; 804; 807; 815; 819; 821-823; 825; 827; 830; 833; 838; 840; 846; 850-851; 859-861; 864; 869-870; 872; 875; 879; 881; 883-885; 887; 890-891; 895; 898; 900-901; 903-905; 907-910; 912-914; 917; 919-922; 924-925; 927-931; 933-934; 938-940; 942; 944-946; 949-951; 953; 955-959; 961-968; 971-973; 975-980; 982-984; 986; 988-992; 994-1002; 1004-1008; 1010-1015; 1017-1019; 1022; 1024-1028; 1030-1039; 1042-1047; 1049-1060; 1062-1063; 1065-1078; 1080-1086; 1089-1095
wta_rankings_83_99.csv,1999-03-22,1,1096,740,356,70; 84; 150; 158; 174; 186; 201; 238; 251; 272; 274; 288; 305; 308; 310; 318; 337; 339-340; 343; 352; 356; 358; 360; 366; 369; 376; 391; 396; 401; 409; 420; 423; 432; 438-439; 445; 448; 453; 460; 482; 491; 502; 507-508; 514; 525; 543; 546-547; 554-556; 563; 565; 570; 573-575; 577; 582; 585; 591; 593; 598-600; 602; 604-605; 607; 614; 618; 621; 623-625; 631; 638-639; 643; 645; 647-648; 650; 654-655; 657; 661; 665; 667; 674; 677-680; 696; 699; 702; 705; 707; 709-710; 713-714; 716; 719; 723-724; 728-730; 733; 736-738; 743; 745; 748; 750-752; 755; 758-759; 764-765; 767-768; 772; 774; 776-777; 784-785; 789; 791; 798-799; 802; 804; 806-807; 811-812; 815; 817; 819; 821-823; 825-827; 829-830; 833; 835-836; 838; 840; 842; 844; 846; 848; 850-851; 853-854; 856; 859-862; 864-867; 869-870; 872; 874-876; 879; 881; 883-887; 890-891; 895-898; 900-901; 903-905; 907-910; 912-915; 917; 919-922; 924-931; 933-934; 936; 938-940; 942; 944-946; 949-951; 953; 955-959; 961-968; 971-973; 975-980; 982-986; 988-992; 994-1002; 1004-1008; 1010-1015; 1017-1019; 1022; 1024-1028; 1030-1039; 1042-1047; 1049-1060; 1062-1063; 1065-1078; 1080-1086; 1089-1095
wta_rankings_83_99.csv,1999-03-29,1,1096,880,216,72; 365; 373; 557; 565; 582; 597; 608; 614; 626; 631; 649; 666; 679; 681; 689; 696; 712; 714; 728; 733; 738; 742; 782; 803; 805; 814; 816; 819; 821-822; 824; 826; 828; 834; 836; 838-839; 848-849; 856; 858-859; 865; 867-868; 870; 873; 876-877; 880-882; 886-887; 890; 892; 894-895; 897-898; 900-902; 904-906; 908; 911; 913-918; 920-921; 923-927; 929-931; 934; 936-938; 940-941; 943-945; 949-951; 953; 955-959; 961-967; 970-972; 974-979; 981-983; 985; 987-990; 992-1000; 1002-1004; 1006-1011; 1013-1015; 1018; 1020-1026; 1028-1036; 1039-1045; 1047-1057; 1059-1060; 1062-1077; 1079-1085; 1088-1095
wta_rankings_83_99.csv,1999-04-05,1,1099,880,219,80; 366; 374; 526; 559; 567; 588; 616; 623; 635; 647; 655; 672; 703; 706; 717; 720; 733; 737; 741; 747; 758; 769; 774; 787; 793; 797; 809; 819; 823; 825; 827; 830; 832; 837; 839; 841-842; 844-845; 852-853; 855; 861; 863-864; 870; 872-873; 875; 878; 880-881; 884-886; 890-891; 894; 896; 898-899; 901; 903-905; 907-910; 913; 915-920; 922-923; 925-929; 931-933; 936; 938-941; 943-944; 946-948; 950-951; 954-955; 957; 959-963; 965-971; 974-976; 978-983; 985-987; 989-990; 992-995; 997-1004; 1006-1008; 1010-1015; 1017-1020; 1023; 1025-1031; 1033-1042; 1045-1051; 1053-1062; 1064-1065; 1067-1081; 1083-1089; 1092-1098
wta_rankings_83_99.csv,1999-04-12,1,1100,885,215,83; 368; 376; 471; 561; 567; 569; 577; 590; 622; 648; 658; 692; 694; 702; 707; 709; 713; 719; 728; 738; 743-744; 749; 775; 784; 791; 801; 809; 811; 816; 825-826; 828; 830; 833; 836; 838; 843; 845-846; 848-850; 856-857; 860; 868; 870; 874; 876; 880; 883-884; 888-891; 894; 896-897; 900; 902; 904; 907; 909-911; 913-916; 919; 921-925; 927-928; 930-934; 936-938; 942-945; 947-948; 950-952; 954; 957; 959; 961-965; 967-974; 978-980; 982-987; 989-991; 993-995; 997-1001; 1003-1009; 1011-1012; 1014-1019; 1021-1022; 1026-1032; 1034-1042; 1045-1051; 1053-1062; 1064-1066; 1068-1082; 1084-1090; 1093-1099
wta_rankings_83_99.csv,1999-04-19,1,1095,882,213,90; 365; 367; 474; 562; 568; 573; 584; 636; 645; 679; 700; 704; 706; 711; 713; 720; 726; 735; 738-739; 742; 748; 754; 763; 770; 781; 788; 818-819; 821; 823-824; 827; 831; 834; 837; 839; 841-842; 844-845; 850; 856; 858; 862-864; 866; 870; 873; 877; 881; 884-887; 889; 891-892; 894-896; 899; 903-904; 906-909; 911-914; 917; 919; 921-923; 925-926; 928-933; 935-937; 939; 942-945; 947-948; 950-952; 954; 959-960; 962-969; 973-974; 976-982; 984-986; 988-989; 991-997; 999-1005; 1007-1008; 1010-1013; 1015; 1019-1026; 1028-1036; 1039-1044; 1046-1052; 1054; 1056-1072; 1074-1084; 1087-1094
wta_rankings_83_99.csv,1999-04-26,1,1101,884,217,96; 364; 367; 565; 573; 580; 583; 605; 639; 648; 653-654; 668; 678; 689; 696; 702; 704; 713; 719; 726; 731; 735; 738-739; 745; 752; 765; 775; 779; 784; 810; 822; 825; 827; 830; 835-836; 838; 840-841; 843-844; 850; 857-858; 860; 865-867; 869-870; 874; 876; 878; 880; 882; 887; 889-893; 895; 897-898; 900-903; 907; 912-915; 917-919; 922; 924; 926; 928-930; 932-936; 938-940; 942; 945-948; 950-953; 955-958; 964-965; 967-973; 978-979; 981-987; 989-990; 993-994; 996-1000; 1002-1008; 1010-1011; 1013-1016; 1018-1019; 1023-1029; 1031-1042; 1045-1049; 1051-1058; 1060; 1062-1078; 1080-1091; 1093-1100
wta_rankings_83_99.csv,1999-05-03,1,1095,880,215,93; 289; 367; 389; 410; 580; 601; 639; 650; 658; 668; 679; 686; 689; 693; 701; 710; 712; 730; 734; 737-738; 741; 744; 760; 772; 774; 783; 796; 818; 821; 824; 826; 830; 832; 834; 837-838; 840-841; 845; 851-852; 854-855; 859-862; 864; 868; 870; 874; 876-877; 879; 885-886; 888; 890; 892; 894-895; 901-903; 905-908; 911-912; 914-915; 917-920; 922-926; 928-929; 933-936; 938-941; 943-947; 949; 952-953; 956-958; 960-967; 971; 973-976; 978-985; 987-988; 991; 993-997; 999-1005; 1007-1009; 1011-1014; 1016-1018; 1022-1027; 1029-1036; 1039-1041; 1043-1049; 1051; 1053-1071; 1073-1086; 1088-1094
wta_rankings_83_99.csv,1999-05-10,1,1092,871,221,103; 287; 343; 366; 406; 539; 646; 648; 667; 678-679; 685; 688; 690; 694; 701; 708; 711; 714; 719; 726; 728; 731; 735-736; 741; 743; 771; 773; 782; 784; 794-796; 804; 813; 818; 820; 823; 828; 830; 832-833; 835; 837-839; 843; 848-849; 851-852; 856-860; 862; 865; 867-869; 871; 875; 877-878; 885; 887-888; 890; 892; 894; 901-903; 905-908; 911-913; 915-917; 919-921; 923-928; 933-936; 938-941; 943-945; 947; 950; 953-955; 957-964; 969-972; 974-980; 982-983; 986-987; 989-990; 992-996; 998-1001; 1003-1006; 1008-1011; 1015-1020; 1022-1032; 1035-1036; 1038-1046; 1048; 1050-1068; 1070-1083; 1085-1091
wta_rankings_83_99.csv,1999-05-17,1,1099,881,218,104; 367; 408; 509; 544; 560; 600; 638; 645; 663; 668; 674; 690; 704; 706; 719; 727; 730; 733; 737-738; 746; 748-749; 755; 763; 785; 787; 789; 800-802; 817; 819; 824-825; 828; 830; 834; 838; 840; 842; 845; 849; 852; 854; 860-861; 864-868; 870-872; 875-876; 878; 884; 886; 888; 893; 896-898; 900; 902; 904-905; 908; 913-916; 918-920; 922; 924-925; 927; 929-934; 938; 940-941; 943-944; 946-949; 952-955; 957; 959-964; 966-969; 972-974; 976-980; 982-983; 986; 988; 990-991; 993-996; 998-1000; 1002-1008; 1010-1015; 1018; 1020-1026; 1028-1039; 1042-1043; 1045-1054; 1056; 1058-1079; 1081-1091; 1093-1098
wta_rankings_83_99.csv,1999-05-24,1,1087,876,211,106; 198; 363; 404; 500; 507; 546; 585; 590; 592; 634; 639; 660; 666; 683; 699; 709; 713; 720; 724; 728-729; 738; 749; 758; 760; 766; 779; 781; 791; 797; 801-802; 804; 808; 812-813; 815-816; 820-821; 823; 826; 831; 834; 838; 840; 842-843; 846; 850; 859-860; 863; 865-866; 870; 874; 877; 879; 881; 886; 888; 890-893; 895-898; 900; 902-903; 906; 909; 911; 913-915; 918; 920-924; 926; 928-929; 933-934; 937; 939-942; 945-948; 950-951; 953-956; 958-962; 966-968; 970-978; 980; 985-987; 989-992; 994; 996-1001; 1003-1008; 1011-1012; 1014-1021; 1023-1033; 1036-1037; 1039-1046; 1048; 1050-1071; 1073-1082; 1084-1086
wta_rankings_83_99.csv,1999-05-31,1,1087,730,357,104; 106; 138; 169; 185; 193; 198; 217; 257; 271-272; 284; 294; 309; 313; 322; 333; 341; 363; 370; 373; 387; 390; 395; 398; 401; 404; 406; 410; 416; 419-420; 429; 452; 460; 468-469; 471; 486; 491-492; 500; 507-508; 510; 512; 514; 522; 528; 537; 543; 546; 548; 552-553; 557; 559; 561; 572-574; 576-577; 579; 583-585; 590; 592; 594; 598; 607-608; 614; 619-620; 622; 627-628; 634-635; 639; 648; 653; 656-658; 660; 663; 666; 671-672; 674; 678; 682-683; 685; 689-691; 694-696; 699; 701-702; 707; 709; 711; 713; 719-722; 724; 728-730; 734-735; 738-740; 742; 744; 746; 749; 751; 753-754; 758; 760; 762-764; 766-767; 771-773; 779; 781; 786; 789; 791-792; 795; 797-798; 801-802; 804; 808-809; 812-813; 815-818; 820-823; 826-827; 829; 831-832; 834-835; 838; 840; 842-843; 846-847; 850-851; 853-856; 859-860; 863; 865-867; 869-870; 873-875; 877; 879; 881; 883; 885-886; 888; 890-893; 895-898; 900; 902-906; 909; 911; 913-916; 918; 920-924; 926; 928-929; 933-934; 937; 939-943; 945-948; 950-951; 953-956; 958-962; 966-968; 970-981; 985-987; 989-992; 994; 996-1001; 1003-1008; 1011-1012; 1014-1021; 1023-1033; 1035-1037; 1039-1048; 1050-1071; 1073-1082; 1084-1086
wta_rankings_83_99.csv,1999-06-07,1,1084,875,209,125; 365; 423; 504; 560; 592; 601; 632; 638; 652; 656; 679; 682; 685; 699; 702; 716; 724; 726; 730; 739; 751; 771-772; 776; 785; 788; 791-792; 794; 796; 800; 808; 810-814; 816; 822; 824; 826; 829; 835; 840; 843; 847; 851-853; 856; 859; 861-862; 865-866; 868; 875; 878-880; 885; 887; 889-891; 893-896; 898-900; 902-903; 906; 910-911; 915; 917; 919-921; 923; 925-926; 930; 932-934; 937-938; 941-945; 947-949; 951-954; 956-961; 964-966; 968-973; 975; 977-978; 981-983; 985-989; 993-997; 999-1004; 1008-1012; 1014-1026; 1029-1030; 1032-1040; 1042-1044; 1046-1069; 1071-1079; 1081-1083
wta_rankings_83_99.csv,1999-06-14,1,1078,882,196,120; 384; 420; 503; 606; 613; 634; 637; 654; 686; 698; 717; 719-720; 725; 727; 737; 743; 752; 767; 771; 778; 783; 788-789; 791; 797; 808; 810; 812; 815-816; 823; 826; 831-832; 837-838; 841-842; 844; 846-847; 851-852; 856-857; 862; 864; 866; 869; 877-878; 882-883; 887-888; 890-894; 896; 898; 901; 905-906; 910; 913-914; 916; 918-920; 924; 926-929; 931; 933-934; 937-941; 943-946; 948-950; 952-956; 959-960; 962-966; 968; 970-971; 974-975; 977-982; 987-988; 990-994; 997-1003; 1005-1018; 1021-1022; 1024-1033; 1035-1036; 1038-1058; 1061-1071; 1073-1077
wta_rankings_83_99.csv,1999-06-21,1,1073,872,201,118; 338; 383; 454; 500; 626-627; 632; 634-635; 639; 642; 658; 679; 697; 702; 705-706; 722; 724; 727; 729; 744; 765; 770; 779; 783-784; 786; 792; 796; 798; 805; 808; 810; 812; 815-816; 821; 823; 828-829; 831; 833; 836-837; 839-840; 842; 844-845; 848-849; 853-854; 856; 860; 862; 866; 876-877; 881; 884-885; 887-888; 890-895; 897; 899; 903; 907; 910; 912; 914-916; 922-925; 927; 929-931; 934-935; 937-938; 940-942; 944-949; 952-955; 957-961; 963; 965-966; 968-970; 972-974; 976-980; 985-987; 989-994; 997-1003; 1005-1015; 1018-1021; 1023-1030; 1032-1033; 1035-1054; 1056; 1058-1067; 1069-1072
wta_rankings_83_99.csv,1999-06-28,1,1073,727,346,117-118; 136; 180; 189; 192; 219; 245; 263; 278; 296-297; 303; 317; 338; 344; 347; 355; 370; 372; 383; 386; 390-393; 400; 408; 410; 416; 445; 454; 462; 469; 475; 482; 484; 486-487; 491; 493; 500; 502-503; 506; 509; 515; 535-536; 541; 543; 548; 552; 556-557; 564; 567; 570; 572; 577; 580; 584-585; 589; 595; 601-602; 605; 610-611; 619; 624; 626-627; 632; 634-635; 639-640; 642; 644-645; 653; 658-660; 663-664; 667; 671; 676-677; 679; 681; 686-687; 694; 697; 700; 702-703; 705-710; 713; 718; 720; 722; 724; 727; 729-730; 733; 736-737; 739-741; 744; 746-747; 750; 752; 755; 757-758; 761; 765-767; 770-773; 779; 783-784; 786-787; 789; 792; 795-796; 798; 802-803; 805; 808; 810; 812; 815-817; 819; 821; 823-824; 826; 828-829; 831; 833-834; 836-837; 839-840; 842; 844-845; 848-849; 851; 853-854; 856-858; 860-862; 864-866; 868; 870; 873; 876-877; 880-881; 884-885; 887-888; 890-895; 897-899; 903-904; 907; 910; 912; 914-916; 918-920; 922-925; 927; 929-935; 937-938; 940-942; 944-949; 952-955; 957-963; 965-966; 968-970; 972-983; 985-987; 989-994; 997-1003; 1005-1015; 1018-1021; 1023-1033; 1035-1054; 1056; 1058-1067; 1069-1072
wta_rankings_83_99.csv,1999-07-05,1,1083,877,206,269; 344; 386; 530; 538; 556; 569; 579; 626; 636; 673; 682; 694; 696-698; 700; 704; 706; 709-710; 734; 737; 759; 775; 782; 784-786; 794; 797; 799; 804; 809; 816-817; 821; 827-829; 831; 833; 836; 838; 840; 845; 847-848; 855; 859-861; 869; 873-875; 881; 883; 885-888; 890-891; 896; 898; 900; 902; 904; 907-908; 911; 913-915; 917; 919; 921-925; 927-928; 930-932; 936-938; 940-941; 943-947; 949-952; 957; 959-964; 966-968; 970; 972-974; 976-978; 980-983; 986; 988-990; 992-998; 1000; 1002-1007; 1009-1019; 1022-1024; 1026-1033; 1035-1037; 1039-1061; 1064-1076; 1078-1082
wta_rankings_83_99.csv,1999-07-12,1,1086,872,214,266; 415; 525; 536; 578; 585; 596; 598; 615; 633; 656; 675; 692-693; 702; 706; 711; 713; 726; 732-733; 753; 758; 772; 775-776; 778; 781; 785; 791; 794; 797; 799; 807; 810; 812; 819; 821; 824-825; 827; 829; 833; 835; 837-838; 842; 845; 853; 855-856; 858-860; 868; 870; 873-874; 878; 880-881; 883-886; 888; 893; 899-900; 902; 906-907; 910-911; 913-916; 918; 921-925; 927-928; 930-932; 935-939; 941; 943-947; 949-953; 955-957; 959-964; 966-969; 972; 974-977; 979-981; 983-986; 989; 991-993; 995-1000; 1003-1009; 1011-1022; 1025-1029; 1031-1037; 1040-1042; 1044-1066; 1068-1079; 1081-1085
wta_rankings_83_99.csv,1999-07-19,1,1093,882,211,268; 417; 476; 518; 532; 581; 600; 617; 643; 658; 684; 697; 701; 708; 710; 724; 731; 733-734; 752; 761; 764; 776; 778-779; 791-792; 798; 800; 802; 804; 806; 811; 814-815; 817; 822; 826; 831; 837; 839; 841; 843; 849; 851; 860-861; 864; 866; 873-874; 877-879; 886-887; 889-893; 895-896; 898; 903; 905-906; 908; 910; 914-916; 918; 921-925; 927-928; 930; 932-935; 937; 939-943; 947; 949-952; 954-955; 957-958; 960-962; 964; 966-968; 970-974; 976-979; 982; 984-986; 988-991; 994; 996-998; 1000-1007; 1010-1016; 1018-1031; 1034-1040; 1042-1048; 1050-1051; 1053-1073; 1075-1085; 1087-1092
wta_rankings_83_99.csv,1999-07-26,1,1091,875,216,267; 414; 512; 594; 600; 609; 638; 651; 663; 675; 681; 696; 699; 705; 715; 720; 726; 728; 730-731; 743; 756; 758; 760; 767; 773; 776; 778; 780-782; 792; 795; 802; 804; 808; 813-815; 824; 826; 835-836; 838; 842; 847; 849-850; 857; 861-862; 864; 866; 868-869; 874; 876; 878-879; 883-885; 887-889; 891-894; 896; 901-902; 904-908; 910; 916-918; 920; 923-927; 929-930; 933-935; 937; 939-941; 946-949; 951-952; 954-955; 957-958; 961-963; 965-970; 972-975; 978; 980-984; 986-989; 992-993; 995-998; 1000-1006; 1008-1009; 1011-1016; 1018-1030; 1033-1037; 1039-1044; 1046-1047; 1049-1070; 1072-1082; 1084-1090
wta_rankings_83_99.csv,1999-08-02,1,1093,872,221,251; 267; 409; 430; 450; 493; 609-610; 628; 633; 650; 653; 666; 678; 682; 698; 705; 714-715; 717; 728; 730; 732; 749; 759-760; 767; 770; 772; 774; 779; 781; 783-785; 795; 797; 799-800; 806; 811; 816-817; 823; 826; 830-831; 839-840; 848; 850; 855; 858; 860; 863-864; 866; 869-870; 872-873; 879; 881-882; 884; 889-891; 893-894; 896-899; 904-906; 908-912; 914; 918-921; 923-924; 927-931; 933-934; 937-940; 942; 944-946; 951-955; 957; 959-961; 963-964; 967-969; 971-975; 977-980; 983; 985-989; 991-994; 997; 999-1001; 1003-1007; 1009-1010; 1012-1016; 1018-1031; 1034-1039; 1041-1050; 1052-1053; 1055-1074; 1076-1085; 1087-1092
wta_rankings_83_99.csv,1999-08-09,1,1090,879,211,267; 400; 406; 497; 563; 587; 608; 621; 642; 659; 665; 676; 692; 705; 708; 710; 721; 723; 725; 741; 746; 756; 764-765; 769; 772; 775; 777-778; 791; 793; 803; 809; 812-814; 816; 819; 822; 825; 831; 833-834; 836; 838; 840; 847; 849-850; 853-854; 859; 862; 865; 869; 874; 876; 879-880; 883; 885-886; 888-890; 892-894; 896-899; 903; 907; 909; 911; 914; 918-919; 921-923; 926-931; 933-934; 936-941; 943; 945-947; 949; 953-956; 958-959; 961; 963-965; 969-971; 973-976; 978-979; 982; 984-985; 987-989; 991-994; 997-999; 1001-1004; 1006; 1008-1012; 1014-1032; 1035-1039; 1041-1047; 1049-1052; 1054-1069; 1072-1082; 1084-1089
wta_rankings_83_99.csv,1999-08-16,1,1090,880,210,270; 374; 417; 498; 588; 594; 635; 644; 663; 668-669; 688; 703; 706; 709; 717; 719; 736; 741; 760; 764; 766; 768; 770-771; 777; 786-787; 789; 792; 794; 810-812; 814-815; 819; 821; 823; 828; 834-835; 838; 844; 846; 848-850; 854-855; 861; 863-864; 866; 868; 870; 876-877; 881; 884-886; 888; 890-893; 895-897; 899-902; 904-905; 907; 909-910; 912; 917; 920-922; 925; 928; 930; 933-936; 938; 940-942; 944; 946-948; 952-955; 957; 959-962; 964-968; 972-974; 976-977; 979; 982; 984-985; 987-988; 990-993; 996-1000; 1002-1006; 1008-1009; 1011-1014; 1016-1031; 1033; 1035-1037; 1039-1045; 1047-1048; 1050-1067; 1070-1080; 1082-1089
wta_rankings_83_99.csv,1999-08-23,1,1082,877,205,266; 372; 417; 557; 579; 587; 592; 609; 635; 641; 662; 667-668; 688; 691; 705; 712; 716; 718; 720; 729; 737; 742; 762; 766-768; 776; 778; 786; 788; 792; 795; 799; 807; 810-812; 814; 820; 825; 830-831; 836-837; 840-841; 846; 848-849; 851-852; 856; 858; 862; 865-866; 868; 870-871; 878-880; 886-887; 889; 891-893; 895-896; 898-900; 902-903; 905; 907-908; 910; 914; 916-918; 924; 926; 928-930; 932; 935-938; 940; 942-943; 947-950; 953-955; 957-961; 963; 966-968; 970-972; 974; 977; 980-983; 985-989; 992-996; 998-1002; 1004-1005; 1007-1012; 1014-1028; 1030; 1032-1034; 1036-1039; 1041-1042; 1044-1059; 1062-1072; 1074-1081
wta_rankings_83_99.csv,1999-08-30,1,1081,886,195,368; 407; 570; 575; 582; 587; 589-590; 597; 643; 648; 667; 673; 694; 720; 722; 729; 741; 746; 767; 771; 773; 778; 788; 793; 796-797; 800; 802; 805; 811; 813-814; 821; 830; 835-837; 840; 844; 846-847; 849-850; 854; 856; 858; 862; 864-865; 867; 869-871; 878; 880-881; 888-889; 891; 893-894; 896; 898-900; 902-903; 905; 907; 909; 913; 916-918; 924; 926-929; 931-933; 936-937; 940; 942; 946-948; 950; 952-953; 955-958; 962-963; 965-967; 969; 972; 974; 976-979; 981-985; 988-992; 994-999; 1001-1002; 1004-1007; 1009-1024; 1026; 1028-1031; 1033-1036; 1038-1039; 1041-1060; 1063-1072; 1074-1080
wta_rankings_83_99.csv,1999-09-06,1,1081,752,329,130; 169-170; 174; 179; 214-215; 237; 262; 285; 288-289; 299; 329; 366; 368; 383-384; 386; 388; 390; 392; 396; 407; 413; 418; 420; 423; 446; 450; 453; 456; 466; 473; 476-478; 481; 486; 488; 491; 500; 512; 515; 522-523; 527; 533; 544-545; 547; 552; 554; 570-571; 575; 578-579; 582; 587; 589-591; 593; 597-598; 603; 606; 608; 610-611; 614; 616; 628; 630; 632-633; 637-638; 643; 648-649; 654-656; 661; 664-665; 667; 670; 673-674; 678-679; 686-687; 692; 694; 696; 699; 707; 711; 717; 720; 722-724; 726; 729; 731; 733; 738; 741; 746; 749; 754-758; 760; 762; 766-773; 776; 778-780; 782; 786; 788-789; 793; 796-797; 800; 802; 805; 811; 813-817; 819; 821; 825-826; 830-831; 835-837; 839-841; 844; 846-847; 849-850; 852; 854; 856; 858; 860; 862; 864-865; 867; 869-871; 874; 878; 880-881; 886; 888-889; 891; 893-894; 896; 898-900; 902-903; 905; 907; 909; 913-914; 916-918; 920; 922; 924; 926-929; 931-933; 936-937; 939-940; 942; 946-948; 950; 952-953; 955-958; 960; 962-963; 965-967; 969-970; 972; 974; 976-979; 981-986; 988-992; 994-999; 1001-1002; 1004-1007; 1009-1024; 1026; 1028-1031; 1033-1036; 1038-1039; 1041-1060; 1063-1072; 1074-1080
wta_rankings_83_99.csv,1999-09-13,1,1071,874,197,420; 441; 488; 582; 584; 601; 605; 645; 648; 656; 674; 687; 689; 694; 699; 704; 715; 733; 745-746; 750; 756; 758; 761; 764; 766; 768; 779; 785; 790; 792; 796; 806-808; 812; 814; 822; 826-828; 831-832; 835; 837; 839; 841; 846; 848; 852-853; 855; 857; 859-860; 862; 865; 868; 871; 874; 876; 880; 883-884; 886; 888-891; 893-894; 896-898; 901-902; 904; 906-907; 909; 911; 913-914; 921-923; 925-927; 929-931; 934; 936; 939; 943-944; 946; 948-950; 952-954; 957-959; 961; 964-966; 969-971; 973-978; 981; 983-987; 989-993; 995; 997-1001; 1003-1015; 1018-1022; 1024-1030; 1032-1033; 1035-1050; 1053-1061; 1063-1070
wta_rankings_83_99.csv,1999-09-20,1,1068,876,192,422; 542; 584; 604; 632; 635; 642; 646; 659; 673; 677; 693; 704; 710; 718; 732; 748; 755-756; 758; 761; 764; 766; 777; 782; 785; 789; 796; 801-803; 807; 812; 823; 827-828; 830; 836; 838; 842; 845-846; 848-849; 851; 853-855; 857; 860-861; 864; 869; 871; 873; 875; 878; 880; 882-883; 885-887; 889; 892; 894; 896; 898-902; 904; 907-908; 915-917; 920-922; 924-926; 929-930; 933; 936; 938; 940-941; 943; 945-946; 949; 951-953; 955; 957; 960-962; 964-969; 971-972; 974; 976-980; 982-987; 990-994; 996-1009; 1012-1015; 1017-1024; 1026-1029; 1031-1047; 1050-1058; 1060-1067
wta_rankings_83_99.csv,1999-09-27,1,1072,880,192,427; 511; 543; 585; 604; 606; 633; 642; 669; 687; 694-696; 707; 718; 723; 735; 747; 754; 757; 759; 761; 765; 773; 775; 778; 783; 787; 796-798; 806-807; 814; 816-817; 823; 827; 829; 831-832; 834; 842; 846; 850-851; 853-855; 857; 859-861; 865; 868; 873-874; 877; 879; 882; 884; 887-888; 893; 897-899; 901; 904-905; 912-913; 915; 917-918; 922-923; 928; 930; 932-935; 937-940; 942-944; 946; 949; 951-955; 957; 960-961; 963-964; 966-972; 974-975; 977; 979-980; 982-986; 989-994; 996-1011; 1014-1018; 1020-1028; 1030-1031; 1033-1045; 1048-1058; 1061-1071
wta_rankings_83_99.csv,1999-10-04,1,1074,879,195,428; 438; 572; 578; 586; 608; 621; 631; 664; 680; 685; 689-690; 703; 709; 713; 718; 730-731; 738; 743; 746; 751; 756; 762; 773-775; 782; 786; 789; 791; 799-801; 816; 822-823; 825; 828; 833; 835; 843; 850-853; 855-856; 858-860; 866; 871-872; 875; 877; 880-881; 883; 886-887; 889-890; 894; 897-899; 901; 904-905; 911; 913; 915-917; 923-926; 931; 933; 935; 937-939; 941-943; 945-947; 949; 952; 954-956; 958-960; 962-963; 965-971; 973; 975; 977-980; 982-987; 990-996; 998-1012; 1014; 1016-1020; 1022-1032; 1034; 1036-1049; 1052-1061; 1064-1073
wta_rankings_83_99.csv,1999-10-11,1,1078,896,182,334; 418; 448; 580; 586; 611; 672; 681; 690; 699; 707; 719; 724; 728; 742-743; 755; 757; 769; 775; 788; 794; 798-799; 807-809; 815; 821; 826; 828; 833; 835; 838-839; 845; 850-852; 862-866; 868-870; 873; 877; 881; 883-884; 886-887; 889; 892; 895; 897-898; 900; 902-903; 910-911; 919; 922; 924-925; 927-929; 935-937; 942; 944-945; 947-948; 950-951; 953-954; 959-960; 962; 965-966; 968; 970-977; 979; 981-983; 985-990; 992-996; 998-1003; 1005-1018; 1021-1025; 1027-1038; 1040; 1042-1056; 1058; 1060-1067; 1069; 1071-1077
wta_rankings_83_99.csv,1999-10-18,1,1079,888,191,421; 444; 457; 558; 562; 644-645; 656; 668; 707; 711; 722; 728; 730; 743-744; 747; 750; 761; 765; 780; 785; 789; 793; 796; 805-806; 808; 815; 822; 824-825; 828; 832; 835-836; 840; 843; 848; 857-859; 861-862; 864-865; 868-869; 873; 877; 879-880; 883-884; 886; 889-890; 892-894; 896-897; 899-902; 908-910; 913; 915; 918; 921; 923-924; 926-927; 929-931; 936-938; 940-941; 944-945; 948; 951; 954; 956; 959-961; 963-964; 968-969; 971; 973-982; 984-985; 987-994; 996-998; 1000-1004; 1006-1021; 1023-1026; 1028-1037; 1040; 1042-1053; 1055-1056; 1058-1066; 1069-1078
wta_rankings_83_99.csv,1999-10-25,1,1079,890,189,418; 451; 460; 560; 576; 629; 642; 652; 701; 707; 717; 721; 736; 738; 741; 756; 773; 779; 782; 788; 791; 793; 801; 803; 809; 812; 818; 820-821; 827-828; 830; 836; 841; 843-844; 846; 848; 853; 859-860; 862; 864; 867-868; 871-872; 875; 877; 880-881; 886; 888-889; 892-894; 896; 898; 903-904; 906; 909; 912-913; 916-917; 919-923; 925-926; 928-930; 932-934; 936; 938; 942-943; 947-948; 950-951; 955; 957-958; 960-961; 965; 967-969; 971-979; 982; 984-991; 993-996; 999-1003; 1005-1021; 1023-1027; 1029-1041; 1045-1054; 1056-1058; 1060-1069; 1072-1078
wta_rankings_83_99.csv,1999-11-01,1,1081,884,197,457; 465; 557; 637; 692; 698; 726-727; 732; 736; 749-750; 759-760; 766; 771; 777; 786; 789; 797; 799; 805-806; 808; 812-814; 816-817; 824; 827; 830; 834; 839; 841-842; 844; 849-850; 852; 855-856; 858-859; 861; 864-865; 868-869; 873; 875; 877; 883; 885-886; 889; 891; 894; 896; 900-902; 904; 906; 908; 911-912; 914-915; 917-921; 923-925; 927-928; 931-933; 936-938; 940; 942-943; 947-948; 950-952; 955; 957-959; 961; 965-969; 971-979; 982-984; 986-995; 997-999; 1002-1006; 1008-1021; 1023-1025; 1027-1040; 1042; 1045-1057; 1060-1061; 1063-1072; 1074-1080
wta_rankings_83_99.csv,1999-11-08,1,1082,880,202,354; 463; 489; 560; 637; 667; 694; 700; 727; 732; 735; 749-750; 758; 761-762; 768; 770; 773; 782; 785; 787; 790; 794; 796; 799; 803; 805; 808; 813-816; 818; 825-826; 829; 832; 834; 836; 841-842; 845-846; 851-852; 854; 857; 859-860; 862; 865; 868; 870; 872; 875; 882; 884-885; 887; 889; 891; 893; 895; 897; 901-903; 905; 907; 909; 912-913; 915-916; 918-921; 923-925; 927-929; 932-934; 937-940; 942; 944; 947-949; 951-952; 955; 958-960; 962; 967-972; 974-981; 984-987; 989-1000; 1002-1005; 1008-1012; 1014-1025; 1027-1028; 1030-1043; 1045; 1048-1059; 1062-1063; 1065-1072; 1074-1081
wta_rankings_83_99.csv,1999-11-15,1,1082,880,202,470; 491; 559; 563; 655; 697; 705; 727; 748-749; 755; 757; 761; 766; 769; 780; 783; 785; 789; 791; 794; 798; 801; 807-810; 812; 819; 822; 824; 826; 828; 830; 834-835; 837-838; 840-841; 845-846; 848; 851-852; 854-856; 858; 861; 863; 867-868; 872; 877; 879; 881-883; 886-888; 890-891; 893; 895-896; 898; 900; 903-904; 908-909; 911; 914-915; 917; 919-922; 924-925; 927-928; 931-933; 935; 937-941; 944; 947-952; 954-955; 958; 961-962; 964; 969; 971-977; 979-985; 988-990; 992-1001; 1003-1004; 1007-1011; 1013-1024; 1026-1027; 1029-1043; 1045; 1047; 1049-1060; 1063-1065; 1067-1073; 1075-1081
wta_rankings_83_99.csv,1999-11-22,1,1079,887,192,470; 506; 564; 632; 676; 692; 696; 703-704; 714; 723; 726; 745-746; 753; 755; 761; 765; 778; 784; 789; 804-805; 807; 815-817; 820; 822; 824-825; 827-828; 830; 834-835; 838-840; 842; 848; 853-854; 856-857; 859; 861; 863; 868; 871-872; 875; 879; 881; 883; 885-886; 889; 891-893; 895-896; 898; 902; 904; 907; 909-910; 913-914; 917-918; 920-924; 926-928; 930-931; 934; 936; 938-939; 941; 946; 948-951; 953-955; 959; 961-963; 965-966; 968; 972-973; 975-980; 982-989; 991-994; 996-1004; 1006-1007; 1010-1013; 1015-1026; 1029-1030; 1032-1045; 1049-1057; 1060-1061; 1063-1070; 1072-1078
wta_rankings_83_99.csv,1999-11-29,1,1063,877,186,475; 504; 632; 659; 663-664; 674; 678; 696; 701-702; 714-715; 724-725; 728; 734; 741; 745-746; 749; 770; 776; 781; 787; 793; 803; 805; 812; 814; 816-817; 820; 823; 828-830; 833-835; 837; 840; 843; 846; 849; 851-853; 856; 859; 862; 866-867; 873-875; 877; 880-881; 884; 886-888; 890; 892; 894-895; 897; 900; 902-903; 905; 907; 910-912; 914-916; 919-921; 925; 928-930; 932; 935; 937-938; 940; 942-945; 947-950; 955; 957-958; 960; 964; 966-968; 970-977; 979-981; 983-992; 994-997; 999-1003; 1005-1016; 1019-1021; 1023-1033; 1036-1041; 1043; 1045-1046; 1048-1054; 1056-1062
wta_rankings_83_99.csv,1999-12-06,1,1053,876,177,472; 504; 587; 615; 662; 671; 680; 692; 702-704; 706; 715; 721-722; 729-730; 737; 741; 748; 766; 768; 770; 773; 779; 782-783; 787; 794; 807; 812; 817; 820; 823; 826; 832-834; 837-839; 843; 845; 848; 851; 853-854; 857; 860; 863; 866-867; 872-874; 876; 880; 882; 884; 886; 888-890; 892; 894; 896; 898-899; 902-903; 906-907; 909-911; 913-914; 916; 921-923; 925; 928; 930-931; 933-935; 937-940; 946; 948-949; 951; 954; 957-959; 961-963; 965-970; 972-974; 976-983; 985-990; 993-997; 999-1008; 1011-1013; 1015-1027; 1029-1033; 1035; 1037-1039; 1041-1046; 1048-1052
wta_rankings_83_99.csv,1999-12-13,1,1049,869,180,280; 321; 413; 450; 469; 480; 500; 612; 657; 665; 672; 684; 689; 700-701; 705; 711; 716; 722-723; 732; 740; 745; 750; 766-767; 769; 772; 777; 779; 781; 785; 792-793; 801; 806-807; 811; 815; 817; 820; 823; 829-831; 834; 837; 839; 844; 846-847; 849; 851; 855; 858; 863-864; 866; 868; 872; 878; 880-882; 884; 887; 889-890; 893-894; 897; 899-900; 902; 904; 906; 910; 912-913; 915-916; 918; 922; 924-927; 929-932; 934; 938; 940; 942; 945; 948-950; 952-957; 959-966; 969; 971-978; 980-984; 986-994; 996-1003; 1006-1008; 1010-1020; 1022-1027; 1030-1033; 1035-1041; 1044-1048
wta_rankings_83_99.csv,1999-12-20,1,1044,866,178,280; 411; 470; 498; 613; 652; 655; 657; 682; 693-694; 698; 704; 708; 715-716; 719; 727; 739; 745; 762; 764; 767-768; 774; 776; 778; 782; 788-789; 792; 797; 802; 806; 809; 811; 814; 816; 818-819; 825-826; 829-830; 834; 839; 841-842; 844; 846; 850; 853; 856; 859-861; 863; 865; 868; 874; 876-878; 880; 883; 885; 888-889; 892; 894-895; 897; 899; 901; 904; 907-908; 910-911; 913; 917; 919-921; 923-926; 928; 932; 934; 936; 939; 942-944; 946-949; 951-957; 960; 962-969; 971-975; 977-984; 986-994; 997-1000; 1002-1013; 1015-1022; 1025-1028; 1030-1036; 1039-1043
wta_rankings_83_99.csv,1999-12-27,1,1044,865,179,281; 486; 501; 615; 650; 655; 659; 683; 692; 695-696; 700; 707; 711; 718-719; 722; 730; 741; 743; 749; 764; 766; 769-770; 776; 778; 780; 783; 789-791; 794; 800; 805; 809; 812; 814; 817; 819; 821-822; 828-829; 832; 836; 840; 842-843; 846; 850; 855; 858-860; 862; 864; 866; 868; 873; 875-877; 879; 882; 884; 886; 888-889; 892; 894-895; 897; 899; 903; 906-907; 909-910; 912; 916; 918-920; 922-925; 927; 931; 933; 935; 938; 941-943; 945-948; 950-956; 959; 961-968; 970-975; 977-984; 986-994; 997-1000; 1002-1013; 1015-1022; 1025-1028; 1030-1036; 1039-1043
wta_rankings_83_99.csv,2000-01-03,1,1052,865,187,282; 486; 503; 544; 602; 616; 652; 656; 660; 684; 695-696; 700; 707; 711; 718-719; 722; 731; 743; 749; 764; 766; 768; 771-772; 778; 780; 782; 785; 791-792; 795; 800; 805; 809; 812; 814; 817-818; 820; 822-823; 829-830; 833; 837; 841; 843-844; 847; 851; 856; 859-861; 863; 865; 868; 873; 875-877; 879; 882; 884; 886; 888-889; 892; 894-895; 897; 899; 903; 906-908; 910-912; 914; 918; 920-922; 924-930; 932; 936; 938; 940; 943; 946-948; 950-953; 955-962; 965; 967-974; 976-980; 982-989; 991-1001; 1004-1007; 1009-1021; 1023-1030; 1033-1036; 1038-1044; 1047-1051
wta_rankings_83_99.csv,2000-01-10,1,1058,868,190,275; 487; 502; 617; 657; 661; 679; 686; 697-698; 702; 709; 713; 715; 721-722; 725; 733; 746; 752; 767; 769; 772-773; 779; 781; 783; 786; 792-793; 796; 801; 806; 810; 813; 815; 818-819; 821; 823-824; 830-831; 834; 838; 842; 844-845; 848; 852; 857; 860-862; 864; 866; 869; 871; 875; 877-879; 881-882; 885; 887; 889; 891-892; 895; 897-898; 900-902; 904; 908; 911-912; 914-915; 917; 921; 923-926; 928-931; 933; 937; 939; 941; 944; 947-949; 951-956; 958-966; 969; 971-979; 981-986; 988-995; 997-1005; 1008-1011; 1013-1024; 1026-1034; 1037-1040; 1042-1050; 1053-1057
wta_rankings_83_99.csv,2000-01-17,1,1056,868,188,487; 502; 615; 657; 661; 676; 679; 686; 697-698; 702; 709; 713; 715; 721-722; 725; 733; 746; 752; 767; 769; 772-773; 779; 781; 783; 786; 792-793; 796; 801; 806; 812; 814; 817-818; 820; 822-823; 829-830; 833; 837; 841; 843-844; 847; 851; 856; 859-861; 863; 865; 868; 870; 874; 876-878; 880-881; 884; 886; 888; 890-891; 894; 896-897; 899-901; 903; 907; 910-911; 913-914; 916; 920; 922-925; 927-930; 932; 936; 938; 940; 943; 945-947; 949-954; 956-964; 967; 969-977; 979-984; 987-994; 996-1003; 1006-1009; 1011-1022; 1024-1032; 1035-1038; 1040-1048; 1051-1055
wta_rankings_83_99.csv,2000-01-24,1,1056,733,323,149; 159; 174; 212; 214; 223; 244; 266; 270; 272; 318; 332; 338; 351; 355; 366; 380; 382; 384; 394; 396; 416; 418; 424-425; 437; 439; 451; 463; 465; 469; 478-479; 481-482; 487; 491; 493; 495; 502; 504; 512; 521; 528; 530; 540; 557-559; 564; 566; 568; 573-574; 585; 591-592; 596; 601; 603-604; 608; 610; 615; 617; 619-620; 623; 626-627; 629; 634-635; 637; 643-644; 647; 653; 657-658; 661-662; 671-672; 676; 679; 684; 686-687; 689; 694-695; 697-700; 702; 704; 707; 709; 711; 713; 715; 719; 721-722; 725; 729; 731; 733; 737-738; 741-743; 746-747; 749; 752; 755-756; 760-762; 764; 767; 769; 772-773; 776; 779; 781; 783-784; 786; 792-793; 796-799; 801; 803; 806-807; 812; 814-815; 817-818; 820; 822-823; 825-826; 828-830; 833; 835; 837-838; 841; 843-844; 846-847; 850-851; 853-856; 859-861; 863; 865; 867-868; 870; 874; 876-878; 880-882; 884; 886; 888; 890-891; 894; 896-901; 903-904; 907-908; 910-911; 913-914; 916-918; 920; 922-925; 927-930; 932-933; 936; 938; 940-941; 943; 945-947; 949-954; 956-964; 967; 969-977; 979-984; 987-994; 996-1004; 1006-1009; 1011-1022; 1024-1033; 1035-1038; 1040-1049; 1051-1055
wta_rankings_83_99.csv,2000-01-31,1,1054,866,188,489; 503; 612; 655; 660; 673; 676; 687; 695; 699; 706; 710; 712; 718-719; 722; 730; 742; 749; 764; 766; 769-770; 776; 778; 780; 783; 789-790; 793; 798; 803; 810; 812; 815-816; 818-819; 821-822; 827; 829-832; 835; 839; 843; 845-846; 849; 853; 858; 861-863; 865; 867; 870; 872; 875; 877-879; 881; 884; 886; 888; 890-891; 894; 896-897; 899-901; 903; 907; 910-911; 913-914; 916; 921-924; 926-929; 934-935; 937-938; 940-941; 944; 946-947; 949-954; 956-964; 967; 969-976; 978-983; 986-993; 995-1002; 1005-1008; 1010-1020; 1022-1031; 1034-1037; 1039-1046; 1049-1053
wta_rankings_83_99.csv,2000-02-07,1,1055,863,192,488; 615; 626; 658; 663; 675; 678; 688; 696; 700; 707; 711; 713; 718-719; 722; 730; 742; 748; 751; 763; 765; 767-768; 774; 776; 778; 781; 783; 788-789; 792; 797; 802; 808; 810; 813-814; 816-817; 819-820; 825-826; 828-831; 834; 838; 842; 844-845; 848; 852; 857; 860-862; 864; 866; 869; 871; 875; 877-879; 881; 884; 886; 888; 890-891; 895-896; 898-900; 902; 906; 908; 910-911; 913-914; 916; 921-924; 926-930; 935-936; 938; 940; 943; 945-947; 949-954; 956-964; 967; 969-976; 978-983; 986-993; 995-1002; 1005-1008; 1010-1021; 1023-1032; 1035-1038; 1040-1047; 1050-1054
wta_rankings_83_99.csv,2000-02-14,1,1058,866,192,525; 612; 628; 638; 663-664; 668; 684; 694; 698; 707; 715; 718; 722; 725; 728; 730; 738; 751; 754-755; 767; 770; 773; 779; 781; 783; 786; 788; 793-794; 796; 807; 814; 817-818; 820-821; 823-824; 829-830; 832-835; 837; 841-842; 846; 848; 851; 854; 859; 862-864; 866; 868; 871; 873; 875; 879; 881-883; 885; 887; 889; 891; 894-895; 898; 900-902; 904; 908; 910; 912-913; 915-916; 918; 923-926; 928-932; 934; 936-937; 939; 941; 944; 946-948; 950-956; 958-966; 969-970; 972-979; 981-986; 988; 990-998; 1000-1008; 1012-1015; 1017-1028; 1030-1039; 1042-1043; 1045-1051; 1054-1057
wta_rankings_83_99.csv,2000-02-21,1,1055,861,194,343; 524; 612; 615; 631; 665-666; 694; 696; 704; 706; 713; 717; 721; 730; 746; 751-752; 755; 767; 772; 774; 776; 779; 782; 787-788; 790; 804; 806; 808-809; 811; 813-814; 816-817; 819-820; 825-826; 828-831; 835-836; 840-841; 844; 847; 853; 856-858; 860; 862; 865; 868-869; 874-876; 878; 880; 882-883; 885; 887; 889; 892-897; 899; 902-903; 905; 907-909; 911; 914; 917; 919-923; 925-927; 930; 932; 934; 936; 939; 941-942; 944-951; 953-962; 965-966; 968-976; 978-983; 985; 987-995; 997-1004; 1008-1010; 1012-1023; 1025-1035; 1038-1039; 1041-1048; 1051-1054
wta_rankings_83_99.csv,2000-02-28,1,1054,866,188,530; 551; 613; 634; 642; 664; 667; 697; 703; 705-706; 713; 717; 730; 734; 746; 750-751; 756; 773; 775; 777; 780; 788-789; 792; 805; 807; 809-810; 813-814; 816-817; 819; 824-825; 827-829; 833-834; 839-840; 843; 846; 852; 854; 856-858; 860; 862; 865; 868; 874-876; 878; 880; 882-883; 885; 887; 889; 892-896; 898; 901-902; 904; 906-908; 910; 913; 916; 918-922; 924-926; 929; 931; 933; 935; 938; 940-941; 943-951; 953-963; 966-967; 969-978; 980-984; 986; 988-996; 998-1005; 1009-1011; 1013-1024; 1026-1034; 1037-1038; 1040-1047; 1050-1053
wta_rankings_83_99.csv,2000-03-06,1,1050,860,190,528; 550; 565; 598; 638; 665; 683; 703; 705-706; 713; 717; 730; 734; 740; 748; 752-753; 755; 757; 762; 773; 775; 777; 780; 782; 789-791; 794; 807; 809-810; 813; 815; 817; 824-825; 827-829; 832-833; 835; 838-840; 843; 847; 853; 856-858; 860; 862; 865-867; 869; 871; 875-876; 878; 880; 882; 884; 886; 888; 891-893; 897; 899; 901-903; 905-906; 909-911; 913-915; 917-920; 922-923; 925-927; 929-931; 933; 936; 939-940; 942-947; 949-960; 964-965; 967-976; 978-981; 983-990; 992-1000; 1003-1004; 1006-1019; 1022-1030; 1033; 1035-1043; 1046-1049
wta_rankings_83_99.csv,2000-03-13,1,1050,736,314,116; 133; 169; 174; 218; 244; 258; 262; 289; 313; 329; 333; 335; 352; 355; 362; 374; 377; 384; 392-393; 405; 418-419; 435; 440; 443; 450; 452-453; 471; 480; 483; 488; 495; 498; 500; 507-508; 522; 528; 534; 541; 543-544; 548; 550; 554; 557-559; 565; 569; 571-572; 574; 582; 587; 598; 600; 604; 609; 611; 617; 622; 624; 629-630; 632; 634; 638; 640; 642; 648-650; 653; 655; 661; 665; 668-670; 675-676; 680; 682-683; 691; 699; 701; 703; 705-706; 710; 713-715; 717; 721; 726; 728; 730; 734; 737; 740; 742; 744-745; 748; 750; 752-753; 755; 757; 760; 762-763; 765; 768; 773; 775; 777-778; 780-782; 789-792; 794-796; 801; 804; 807; 809-810; 813; 815; 817; 821-822; 824-825; 827-829; 832-833; 835; 838-840; 842-843; 846-847; 849; 851-853; 856-858; 860; 862; 865-867; 869; 871; 875-876; 878; 880; 882; 884; 886; 888; 891-895; 897-899; 901-903; 905-907; 909-911; 913-915; 917-920; 922-923; 925-927; 929-931; 933-934; 936-937; 939-940; 942-947; 949-961; 964-965; 967-976; 978-981; 983-990; 992-1001; 1003-1004; 1006-1020; 1022-1031; 1033; 1035-1044; 1046-1049
wta_rankings_83_99.csv,2000-03-20,1,1050,859,191,549; 576; 598; 632; 638; 658; 668; 681; 684; 703-704; 711; 716-717; 723; 736; 739; 743; 754-755; 757; 760; 762; 772; 777; 782; 789-791; 794; 797; 807; 811-812; 814-816; 818; 820; 826; 828-830; 833-834; 836; 839-841; 844; 846; 849; 854; 856; 859-860; 862; 864; 867-869; 871; 873; 877-878; 880; 882; 884; 886; 888; 891-893; 897; 899; 901-903; 905-906; 908; 911-913; 915-919; 921-924; 927-928; 930-933; 935-936; 938; 941; 944-945; 947-952; 954-964; 967-968; 970-979; 981-983; 985-992; 994-1001; 1005-1007; 1009-1020; 1022-1028; 1031; 1033-1041; 1043-1044; 1046-1049
wta_rankings_83_99.csv,2000-03-27,1,1050,735,315,118; 130; 168; 172; 216; 242; 258; 261; 301; 312; 330; 333; 337; 345; 353; 361; 372; 376; 378; 387-388; 400; 413; 416; 430; 436; 442; 451; 453; 467; 471; 478-479; 482; 486; 496; 498; 504-505; 514; 532; 539; 542; 544; 547; 549; 552; 555; 557; 559; 561; 570-571; 573; 576; 583; 586; 594; 598; 600; 604; 607-608; 616; 622; 625; 630; 632-633; 635; 638; 642; 649; 651-652; 655; 657-658; 663; 665; 668; 670; 674-675; 679; 681; 683-684; 692; 698; 701; 703-704; 708; 711-712; 714; 716-717; 723; 727; 729-732; 736; 739-740; 743; 746; 748; 752; 754-755; 757-758; 760; 762; 764; 766; 769; 772; 777; 780; 782-783; 789-792; 794-795; 797-798; 805; 807-808; 811-812; 814-816; 818; 820-821; 824; 826; 828-830; 833-834; 836; 839-841; 843-844; 846; 848-849; 851; 853-856; 859-860; 862; 864; 867-869; 871; 873; 877-878; 880; 882; 884; 886; 888; 891-895; 897-899; 901-903; 905-909; 911-913; 915-919; 921-925; 927-928; 930-933; 935-936; 938-939; 941-942; 944-945; 947-952; 954-964; 967-968; 970-979; 981-983; 985-992; 994-1003; 1005-1007; 1009-1020; 1022-1029; 1031; 1033-1044; 1046-1049
wta_rankings_83_99.csv,2000-04-03,1,1051,870,181,577; 589; 601; 639; 650; 660; 684; 687; 702-703; 709; 713; 725; 743; 747; 756-758; 760; 763; 769; 771; 778; 787; 790; 793; 798; 807-808; 814-815; 817-819; 822; 829; 831; 834-835; 838; 841; 844-845; 849; 851; 854; 861; 863; 865; 868-869; 871-872; 880-881; 883; 886; 889-890; 892-895; 899; 901-902; 904-906; 908-909; 912; 914-917; 919-922; 924-928; 930-931; 933-935; 937-939; 943; 946-947; 949-953; 955-964; 967-969; 971-978; 980-982; 984-990; 992-999; 1003-1006; 1008-1019; 1021-1028; 1031; 1033-1042; 1044-1045; 1047-1050
wta_rankings_83_99.csv,2000-04-10,1,1050,869,181,592; 606; 642; 654; 665; 675; 677; 687; 692; 697; 708-709; 715; 722; 726; 728; 736; 742; 748; 752; 758-759; 762; 766; 774; 776; 781; 784; 786; 789-790; 802; 809; 818; 820-821; 823-824; 826-827; 829; 835-836; 843; 845-846; 848-850; 852; 854; 859; 867-868; 871; 873; 875; 877-879; 882; 887; 889; 891; 894; 898; 900-903; 907; 909-911; 913-914; 916-917; 919; 921-924; 926-929; 931-934; 936-937; 939-941; 943-944; 950-953; 955-964; 967-969; 971-981; 983; 985-991; 993-1001; 1004; 1006-1009; 1011-1023; 1025-1030; 1033; 1035-1042; 1044-1045; 1047-1049
wta_rankings_83_99.csv,2000-04-17,1,1049,876,173,564; 594; 605; 643; 667; 677; 679; 688; 692; 709-710; 716; 727; 737; 742; 747; 751; 753; 761; 763; 767; 782; 787; 790-791; 800; 802; 804; 819-820; 822-824; 827-828; 830; 836-837; 841; 845; 847; 849-850; 852; 854; 858; 865-866; 869; 872-873; 875-877; 880; 884; 886-887; 889; 891; 895; 899; 901-904; 909; 911-914; 916-917; 919-920; 923; 925-928; 930-933; 935-938; 940; 942-943; 945-946; 952-955; 957-965; 967-969; 971-978; 980-981; 984-990; 992-1001; 1004; 1006-1009; 1011-1024; 1026-1028; 1031; 1033-1042; 1044; 1046-1048
wta_rankings_83_99.csv,2000-04-24,1,1054,875,179,441; 543; 593; 603; 637; 648; 669; 678; 692; 711; 713; 718; 722; 730; 741; 746; 749; 751; 753; 760; 764; 772; 779; 786; 789; 792; 794; 796; 799; 801; 805; 819; 821-822; 824-825; 828-829; 831; 837-838; 847-848; 852; 854; 856; 858; 861; 865-866; 869; 872; 874; 876; 878-880; 882; 884; 888; 890; 892; 894; 900; 902-904; 909; 911-914; 916-919; 921-922; 925; 927-929; 931-936; 938-940; 943-944; 946-947; 952; 954-959; 961-968; 970-974; 976-984; 986-988; 991-997; 999-1008; 1011; 1013-1016; 1018-1030; 1032-1033; 1036; 1038-1047; 1049; 1051-1053
wta_rankings_83_99.csv,2000-05-01,1,1067,877,190,565; 581; 583; 595; 607; 644; 677; 685; 707; 718; 723; 728; 732; 736; 743; 746; 748-749; 754; 756; 762; 780; 785-786; 790; 793; 799; 802-803; 805; 809; 811-812; 824-825; 827-828; 830; 832; 834; 842-843; 847; 851; 853; 855-856; 858-859; 861; 863-864; 866; 870; 874; 876; 879-880; 882-884; 886-887; 890; 892; 894; 897; 899; 901; 904; 906-908; 910-913; 917; 919; 921-926; 928; 930-931; 936-938; 940-945; 947-952; 954; 956-957; 959-960; 965-966; 968-970; 972-978; 981-982; 984-988; 990-993; 996-1003; 1005-1015; 1018; 1020-1027; 1029-1042; 1045-1048; 1051; 1053-1060; 1062; 1064-1066
wta_rankings_83_99.csv,2000-05-08,1,1067,877,190,424; 565; 581; 594; 604; 679-680; 707; 709; 719; 724; 730; 739; 741; 746; 748; 766; 772; 778-779; 782; 784; 788; 793; 800; 802; 807; 809-810; 817-818; 820-821; 823; 825-826; 828; 835-836; 840; 843; 845; 848-849; 851; 853; 855; 858-859; 864-865; 867; 871-872; 874-877; 879; 882; 886; 888; 890-891; 893; 899-901; 903-907; 909; 914; 916-921; 923; 925-926; 928; 932; 934-940; 942-948; 950; 952-954; 956-957; 962-963; 965-970; 972-977; 979-980; 983-985; 987-991; 993-996; 999-1006; 1008-1018; 1021; 1023-1028; 1030-1041; 1044-1048; 1051; 1053-1060; 1062; 1064-1066
wta_rankings_83_99.csv,2000-05-15,1,1068,864,204,463; 578; 591; 608; 673; 695; 698; 701; 703; 707; 714-715; 718; 723; 725; 733; 736-737; 739; 743; 747; 754; 764; 767; 774; 777; 780-781; 784; 794; 800-801; 803; 810-811; 815; 820; 824-825; 828; 830; 835; 837-839; 842-844; 846-847; 851; 853-854; 861; 863; 865; 867-868; 870-873; 875; 877; 879; 881; 883; 886; 889; 893-896; 898-903; 908; 910; 912; 914-916; 919; 921-922; 924; 926-927; 929-934; 936-942; 944; 946-947; 949-954; 956-958; 962-963; 965-969; 971-976; 978-979; 982-984; 986-990; 992-994; 997-1002; 1004-1019; 1022-1026; 1028-1036; 1038-1043; 1045-1047; 1049-1057; 1059-1060; 1062-1067
wta_rankings_83_99.csv,2000-05-22,1,1070,873,197,577; 587; 594; 612; 646; 665; 674; 680; 682; 701-702; 705; 708; 717; 723; 730; 741; 745; 748; 756; 767-768; 771; 776; 785-786; 789; 794; 802-803; 809; 811; 818-819; 822; 824-825; 833-834; 837; 842; 844-846; 849; 852; 858-859; 865; 867; 870-873; 875-876; 878-879; 881; 883; 885; 891; 893; 897-899; 901-904; 908; 910; 912-913; 915-916; 918; 920; 922-923; 926-931; 933-938; 940-945; 947; 949-950; 952-957; 959-960; 964-965; 967-973; 975-981; 983-984; 987-990; 992-996; 998-1001; 1004-1006; 1008-1022; 1025-1031; 1033-1041; 1043-1046; 1048-1049; 1051-1058; 1060-1061; 1063-1069
wta_rankings_83_99.csv,2000-05-29,1,1083,883,200,533; 581; 591; 598; 621; 651; 673; 681; 686; 707-708; 711; 714; 726; 728; 734; 746; 753; 759; 763; 767; 776; 781; 791-792; 796; 809-810; 816; 818; 821; 826-827; 830-831; 833-835; 839; 844-845; 847; 852; 855-858; 861; 864; 866; 870-871; 878; 881-882; 885-886; 888-889; 891; 893; 899-900; 902; 904; 907-910; 912-915; 919; 921; 924-925; 927; 930-931; 934-938; 940-944; 946-952; 955-956; 958-959; 961-966; 968; 972-973; 975-981; 983-989; 991-992; 994-997; 999-1002; 1004-1007; 1009; 1011-1013; 1015-1028; 1031-1038; 1040-1048; 1051-1056; 1059; 1061-1068; 1070-1072; 1074-1082
wta_rankings_83_99.csv,2000-06-05,1,1083,758,325,128; 141; 162; 179; 219; 249; 273; 285; 301; 331; 334-335; 374-375; 385; 389; 395-397; 406-407; 430; 441; 454; 456-457; 465-466; 468; 479; 493; 506; 523; 533; 535; 537; 539-540; 548-549; 551; 555; 557; 563; 565; 567; 572-574; 577; 581; 591; 593; 598; 600; 604; 607; 617; 621-622; 625; 628; 633; 638-640; 643-645; 648-649; 651; 658; 666; 668; 671; 673-674; 680-682; 686-688; 694; 698; 707-708; 711; 714-716; 718; 723-724; 726; 728; 733-734; 741-742; 746; 748; 753; 759-760; 763; 767; 769-771; 775-776; 781; 783; 791-792; 796; 806-807; 809-812; 814; 816; 818-819; 821-824; 826-827; 830-831; 833-837; 839; 842-845; 847; 849; 852; 855-858; 861; 864; 866; 868; 870-873; 875; 878; 881-886; 888-889; 891; 893; 897; 899-900; 902; 904-905; 907-910; 912-919; 921; 924-925; 927-928; 930-932; 934-944; 946-952; 955-956; 958-959; 961-966; 968-969; 972-973; 975-981; 983-989; 991-992; 994-997; 999-1002; 1004-1009; 1011-1013; 1015-1029; 1031-1038; 1040-1048; 1051-1056; 1058-1059; 1061-1072; 1074-1082
wta_rankings_83_99.csv,2000-06-12,1,1095,873,222,371; 493; 495; 589; 599; 623; 633; 638; 640; 643; 654; 663; 666; 676; 685; 697-698; 716; 719; 741; 755; 760; 768; 770; 780; 783; 785; 787-788; 790; 795; 800; 810; 813; 816; 819; 821; 823; 825; 828; 830; 832; 834-835; 840-841; 846; 850; 852-854; 856-858; 860; 862-863; 865; 868; 873; 875; 883-884; 886; 888-889; 891-892; 894; 896; 898-900; 902-903; 905-906; 910-911; 913-918; 921-922; 927; 929-930; 932-934; 936; 938-940; 942-946; 948-953; 955-962; 965-968; 971-976; 978-979; 983-984; 986-993; 995-1002; 1004; 1006-1007; 1009-1011; 1013-1019; 1021-1022; 1024-1035; 1039-1048; 1050-1062; 1065-1071; 1073-1074; 1076-1083; 1085-1086; 1088-1094
wta_rankings_83_99.csv,2000-06-19,1,1101,884,217,494; 589; 612; 644; 647-648; 662; 673; 675; 685; 688; 697; 700; 741; 761; 771; 773; 775; 789; 794; 796; 800; 806; 808-809; 813; 818; 821; 824; 827; 829; 831; 833; 836-837; 843-844; 849; 852; 854-856; 858; 860-861; 863-864; 867; 871; 874; 878; 881; 883; 885-886; 888-889; 892; 894-895; 897-900; 902-903; 905; 908; 910-914; 917-918; 921; 923; 925-926; 929-931; 933; 936-938; 940-944; 946-952; 954-964; 967-970; 973-978; 980-982; 985-986; 988-993; 995-1003; 1005; 1008; 1010-1012; 1014-1018; 1020; 1022-1024; 1026-1039; 1043-1053; 1055-1067; 1070; 1072-1078; 1080-1082; 1084-1092; 1094; 1096-1100
wta_rankings_83_99.csv,2000-06-26,1,1117,891,226,497; 537; 580; 607; 659-660; 664; 679; 685; 687; 689; 693; 704; 706; 712; 714; 739; 766; 771; 775; 778; 782; 789; 791; 797; 803; 810; 812; 817-819; 821; 826; 829; 831; 833; 838; 841; 844; 847; 852; 854-855; 858; 861; 864; 866-867; 869; 871-872; 874-875; 881-883; 885; 887; 889; 894; 896; 898-900; 902-903; 906; 908-910; 912-913; 915-916; 918; 921; 923; 925-931; 934; 936; 941; 943-945; 947; 951-952; 954-958; 960-968; 970-978; 980-983; 986-990; 992-995; 997; 999-1000; 1002-1006; 1008-1015; 1017; 1020-1021; 1023-1027; 1029-1033; 1035; 1037; 1039-1040; 1042-1054; 1058-1066; 1068-1078; 1081-1082; 1084-1092; 1094-1095; 1097-1104; 1106-1109; 1111-1116
wta_rankings_83_99.csv,2000-07-03,1,1117,767,350,135; 140; 151; 180; 222; 253; 279; 305; 319; 330-331; 348; 351; 359; 361; 364; 368; 372; 376; 378; 390; 399; 409; 420; 447; 451; 457; 464; 471; 475; 482; 491; 497; 501; 514; 527-528; 537-538; 542-543; 546; 548; 553; 555; 557; 566-567; 571; 573; 580-581; 584; 586; 594; 598-599; 603; 607; 610-611; 613-614; 625-626; 631; 634; 649; 653-654; 656; 659-660; 664-665; 667; 669; 676-677; 679-680; 685; 687; 689; 693; 696; 701-702; 704; 706; 708-709; 712; 714; 725; 733; 735-737; 739; 741; 743-744; 746; 751-752; 754; 762; 766; 769-772; 775; 778; 780; 782; 784; 786; 789; 791-792; 797-798; 800-801; 803-806; 810; 812-813; 817-819; 821; 824; 826; 829; 831; 833; 836; 838; 841; 843-844; 847; 852-856; 858-859; 861; 864; 866-867; 869; 871-872; 874-877; 881-883; 885; 887; 889; 893-894; 896; 898-900; 902-903; 906; 908-910; 912-913; 915-916; 918-919; 921; 923; 925-932; 934; 936-937; 939; 941; 943-945; 947; 951-952; 954-958; 960-968; 970-978; 980-983; 986-990; 992-995; 997; 999-1000; 1002-1006; 1008-1015; 1017-1018; 1020-1021; 1023-1027; 1029-1033; 1035-1037; 1039-1040; 1042-1056; 1058-1066; 1068-1078; 1081-1082; 1084-1095; 1097-1109; 1111-1116
wta_rankings_83_99.csv,2000-07-10,1,1101,876,225,212; 471; 523; 538; 553; 570; 638; 640; 643; 648; 654; 662; 684; 688; 703-704; 719; 756; 760; 764; 769; 771; 773; 775-777; 779; 783; 785; 789; 792; 795; 801; 805; 808; 810; 813; 826; 830; 833; 835-836; 838-839; 842; 844; 846; 851; 853; 856; 862-863; 865-866; 868; 874; 876-877; 879; 881; 884-885; 887; 889; 891-893; 895-899; 901-904; 906-909; 911; 914-915; 917; 919-925; 928-929; 932; 936-937; 939-940; 942; 944; 947-951; 953-960; 962-968; 971-972; 974; 976-984; 989-992; 994-1000; 1002-1009; 1011; 1013-1018; 1020-1023; 1026-1027; 1029-1040; 1043; 1045-1050; 1052-1060; 1062; 1064-1065; 1067-1077; 1079-1080; 1082-1088; 1090-1092; 1094-1100
wta_rankings_83_99.csv,2000-07-17,1,1103,884,219,213; 518; 532; 536; 547; 587; 642; 645; 656; 687; 704-705; 718; 736; 742; 754; 759; 761; 763; 772; 774-775; 780; 783; 787; 790-791; 797; 800; 802; 805-806; 808; 811; 813; 820; 824; 829-831; 833; 835; 838; 846; 849; 852-854; 858; 861; 863-864; 866-870; 873; 875; 877; 880; 883; 886-887; 889; 891; 893; 895-897; 899-900; 905-908; 910-914; 916; 921; 923-924; 926-931; 933; 935-936; 938; 941; 943; 945; 950-955; 957-964; 966-975; 979; 981; 983-986; 988-990; 994; 996; 998-1003; 1005-1012; 1015-1020; 1022-1023; 1027-1029; 1031-1033; 1035-1046; 1049-1052; 1054-1063; 1065-1066; 1068-1069; 1071-1082; 1084-1085; 1087-1095; 1097; 1099-1102
wta_rankings_83_99.csv,2000-07-24,1,1114,893,221,534; 646; 649; 691; 695-696; 706-707; 711-712; 720; 731; 734; 747; 756; 758; 765; 767; 783; 786; 795; 797-798; 802; 810; 813-814; 817; 820-821; 825; 830; 835; 837-839; 841; 844; 847-848; 850; 856; 861-862; 867; 869; 871-874; 878-880; 882-883; 885-886; 888; 891-892; 895; 897-898; 900-901; 903-905; 907-910; 913; 915-919; 922-923; 930; 932-933; 935-941; 944-945; 947; 950-951; 953; 956-958; 961; 963-968; 970-977; 979-987; 993-999; 1002; 1004; 1006-1008; 1010-1015; 1017; 1020-1025; 1027-1028; 1031; 1033-1035; 1037; 1039-1052; 1055-1059; 1061-1072; 1075-1085; 1087-1088; 1090-1103; 1105-1107; 1109-1113
wta_rankings_83_99.csv,2000-07-31,1,1133,899,234,538; 595; 618; 658; 661; 695; 698; 712; 714-715; 719-720; 727; 739; 759; 772; 774; 780; 787-788; 795; 797; 807-808; 814; 818; 820; 825; 827; 829; 832-833; 836; 838; 842; 844; 846; 853-856; 858-859; 862; 865; 867-870; 875; 878; 880-881; 885-887; 889-890; 892-894; 896; 898-901; 903; 905; 908-910; 913-915; 917-918; 920; 922-923; 925-926; 928; 932-933; 935; 937-939; 941-942; 946-947; 949; 951; 953-959; 962-964; 969; 972-973; 975; 977-982; 984-990; 992-1002; 1007; 1009-1015; 1018-1019; 1021; 1023-1025; 1027-1034; 1038-1046; 1048-1051; 1053; 1055; 1057-1059; 1061-1073; 1076-1081; 1083-1089; 1091; 1093; 1095-1107; 1109-1111; 1113-1125; 1127-1128; 1130-1132
wta_rankings_83_99.csv,2000-08-07,1,1134,899,235,540; 552; 557; 586; 636; 662; 687; 692; 703; 707; 717; 720-721; 732; 743; 746; 759; 765; 769; 773; 776; 779; 786-787; 805; 808; 813; 818; 821; 823; 825-826; 830; 832-833; 837; 840; 842; 849-852; 854-855; 859-860; 862; 864; 866-868; 874; 877-879; 883-884; 886-887; 889-892; 894-895; 900-901; 903; 905; 908-909; 913-914; 916-917; 919-922; 924-925; 927-929; 931-932; 936; 938-939; 941-942; 944-946; 952-953; 955-956; 958-963; 966-967; 973-974; 976-977; 980; 982-985; 987-993; 995-1005; 1008; 1010-1012; 1014-1021; 1026-1027; 1029-1035; 1037; 1039-1047; 1049-1054; 1056-1057; 1059; 1061-1063; 1065-1075; 1077; 1079-1084; 1086-1092; 1094; 1096-1097; 1099-1108; 1110; 1112-1124; 1126-1129; 1131-1133
wta_rankings_83_99.csv,2000-08-14,1,1136,894,242,253; 430; 522; 546; 556; 571; 664; 670; 675; 682; 697; 705; 716; 719; 723; 733; 751; 758; 760; 765-766; 770; 773-774; 777; 779; 781; 793-794; 796; 799-800; 802; 804; 810; 813; 815; 818; 824; 829-830; 832-833; 835; 838; 847-849; 851; 854; 856; 858-859; 861; 863; 865; 867-868; 873; 875; 877-878; 881; 885-886; 888-891; 894; 897; 900; 902; 904-905; 908-909; 912-913; 915-917; 919-922; 924-926; 928-929; 933-934; 938; 940; 942; 944-945; 948; 950; 953-954; 956; 958-965; 971; 973-976; 978-979; 982; 984-988; 990-997; 999-1007; 1011; 1013-1014; 1016-1023; 1026; 1029-1032; 1034-1043; 1045; 1047-1053; 1055-1057; 1059-1060; 1062; 1064-1065; 1067-1076; 1078; 1080-1087; 1089-1095; 1097-1098; 1101-1111; 1113; 1115-1124; 1126-1128; 1130-1135
wta_rankings_83_99.csv,2000-08-21,1,1149,899,250,252; 469; 501; 554; 562; 564; 582; 614; 616; 626; 649; 670; 677-678; 686; 695; 710; 717; 729; 731; 744; 748; 763-764; 772-773; 781; 783; 785-786; 788; 790; 803; 805-806; 808; 811-812; 814; 816; 820; 825; 829; 837; 839; 842; 845; 847; 849; 856-857; 863; 865-866; 868-869; 874; 879-880; 883; 888-889; 891-894; 898; 900; 902; 904; 907; 911-912; 914-916; 918-921; 923-926; 928-931; 933; 935; 937-938; 941-942; 944-946; 948; 950; 954; 958-961; 963-964; 966-976; 979; 983-985; 987-991; 994; 996-999; 1001-1005; 1007-1015; 1020-1022; 1024-1031; 1034; 1036; 1038-1041; 1043-1052; 1055; 1057-1059; 1061-1063; 1065-1066; 1068; 1070-1071; 1073-1084; 1086; 1088-1097; 1099-1106; 1108-1112; 1115-1127; 1129; 1131-1140; 1143-1148
wta_rankings_83_99.csv,2000-08-28,1,1159,901,258,264; 456; 551; 564; 566; 589; 597; 617; 651; 661; 677-679; 686; 696; 699; 720; 732; 734; 736; 747; 766; 773; 784; 787; 790-791; 793-795; 797; 799; 810-811; 816-818; 822; 827; 830; 833; 839; 841; 846-847; 849; 851; 853-856; 865-866; 868; 870; 872; 874; 877-879; 883; 885; 887; 890; 895; 897; 901-903; 905-906; 908-910; 912-913; 917; 920; 922-924; 926-929; 931-937; 939-941; 943-945; 948-949; 953; 955; 958-959; 961; 964-965; 968-970; 972; 974-982; 987-990; 992-994; 997; 999-1001; 1003-1010; 1012-1020; 1024-1027; 1029-1036; 1041; 1043-1050; 1052-1061; 1063; 1065-1066; 1068-1070; 1072-1074; 1076-1077; 1079-1081; 1083-1090; 1094-1104; 1106-1113; 1115-1119; 1121-1123; 1125-1135; 1138-1148; 1151-1158
wta_rankings_83_99.csv,2000-09-04,1,1159,789,370,134-135; 149; 177; 243; 264; 283-285; 329; 344; 346; 348; 350-351; 353; 366; 371; 390; 392; 416; 420; 422; 429-430; 450; 456; 461; 480; 483; 487; 489; 508; 519; 529; 545; 548; 551; 554; 561; 564; 566; 574; 582-585; 589; 592; 595; 597; 603; 607-610; 614-615; 617-619; 621; 626; 630; 635; 638; 644; 646; 649; 651; 655; 657; 661; 669; 673; 677-680; 682; 686-688; 696; 698-699; 706; 712-713; 715-716; 720; 728; 732; 734; 736; 744; 747; 750; 752; 755; 758; 765-767; 773; 780-782; 784; 787; 790-791; 793-795; 797; 799-802; 810-811; 816-818; 822; 825-827; 830; 833; 838-839; 841; 846-847; 849; 851; 853-856; 865-866; 868; 870; 872; 874-875; 877-879; 882-883; 885; 887; 890; 892-893; 895; 897; 901-903; 905-906; 908-913; 917; 919-920; 922-924; 926-929; 931-937; 939-941; 943-945; 947-949; 951; 953-956; 958-959; 961-962; 964-965; 968-970; 972; 974-984; 987-990; 992-994; 997-1001; 1003-1010; 1012-1020; 1022; 1024-1027; 1029-1036; 1041; 1043-1050; 1052-1063; 1065-1070; 1072-1074; 1076-1077; 1079-1081; 1083-1092; 1094-1104; 1106-1113; 1115-1119; 1121-1123; 1125-1136; 1138-1148; 1151-1158
wta_rankings_83_99.csv,2000-09-11,1,1171,916,255,457; 554; 566; 568; 582; 628; 652; 663; 689; 704; 711; 715; 720; 730; 748; 762; 766; 771; 778; 791; 794; 796; 798; 801; 803; 808; 811; 813; 818-820; 826-827; 829; 831; 833; 836; 849; 851-852; 854-857; 860; 866; 869-870; 872; 874; 876; 878-882; 884; 886-889; 895; 898; 903; 905; 907-908; 910; 912; 915-916; 918; 920-922; 925-926; 930; 935-936; 938-941; 943-944; 946-948; 950-952; 955-956; 960; 962; 964-965; 967; 969-970; 972; 974-975; 978-980; 982; 984-986; 988-994; 998; 1000; 1003-1004; 1008-1010; 1012-1017; 1019-1026; 1029; 1032-1034; 1036-1043; 1047-1048; 1050-1057; 1059-1067; 1070-1073; 1075-1079; 1081-1088; 1090-1091; 1093-1096; 1098-1107; 1111-1120; 1122-1128; 1130-1134; 1136-1140; 1142-1151; 1153; 1155-1164; 1167-1170
wta_rankings_83_99.csv,2000-09-18,1,1188,918,270,450; 460; 557; 571; 573; 660; 683; 700; 704; 708-709; 718; 723; 740; 757; 765; 768; 773; 782; 791; 796; 798; 815; 817-818; 821-822; 824; 829-830; 832; 836; 839; 841-842; 846; 855; 857-858; 860-861; 863; 866; 872; 874; 877-878; 880; 882; 884; 886-888; 890; 892-895; 901; 904; 908; 913-915; 917-918; 920-921; 923; 925-927; 929; 931-932; 934-935; 941-943; 945-948; 950; 952-954; 956-960; 967; 970-971; 974-976; 978; 980-982; 985-987; 989; 991-994; 996-1001; 1004; 1006-1007; 1009-1010; 1012; 1014-1016; 1018-1023; 1025-1033; 1035-1044; 1046; 1048; 1050-1056; 1058-1066; 1068; 1071-1074; 1076-1083; 1086-1090; 1092-1098; 1100-1106; 1108; 1110-1114; 1116-1125; 1129-1139; 1141-1148; 1150-1155; 1157-1161; 1163-1171; 1173-1181; 1183-1187
wta_rankings_83_99.csv,2000-09-25,1,1203,917,286,155; 265; 452; 548; 576; 598; 603; 608; 620; 647; 649; 656; 665; 684; 690; 694; 697; 703; 733-734; 736; 746; 771; 774; 782; 789; 794-795; 801-804; 810-811; 817; 819; 821; 823; 827; 831-833; 839; 842; 845; 851-852; 856-857; 861; 863; 867; 871; 874; 880; 883-884; 887; 889-892; 894; 896-899; 904; 907-908; 912; 916; 918-919; 921; 923-924; 926; 930-932; 935; 937; 939-940; 945; 947-949; 951; 953-955; 957-959; 961-965; 968; 973; 975; 977-979; 981; 983; 985; 988-990; 992; 994-997; 999-1005; 1007; 1009-1010; 1012-1016; 1018-1019; 1021-1026; 1028; 1031-1036; 1038-1047; 1049-1058; 1061; 1064; 1066-1075; 1078; 1080-1087; 1089-1097; 1100-1104; 1106-1111; 1113-1118; 1122-1125; 1127-1136; 1139-1140; 1142-1153; 1155-1161; 1163-1167; 1169-1173; 1175-1188; 1190-1197; 1199-1202
wta_rankings_83_99.csv,2000-10-02,1,1206,922,284,263; 311; 556; 580; 585; 611; 651; 655; 664; 688-689; 693; 702; 705; 734; 748; 759; 762; 767; 778; 780; 788; 790-791; 795; 798; 804; 809-811; 813; 815; 821; 823; 825; 832; 835-837; 839; 841; 844; 847; 855-856; 858; 862; 866; 869; 874; 876-877; 882; 886-888; 890-893; 895-896; 898-899; 901-905; 910; 913; 917-918; 920-921; 923; 925-926; 930; 934; 936-937; 939-940; 947-950; 952; 954-955; 957-961; 963-966; 970; 973; 976-978; 981-982; 984; 986-987; 991-994; 996-998; 1000-1001; 1003-1008; 1010-1012; 1014-1015; 1017-1021; 1023-1025; 1027-1032; 1034; 1037-1041; 1043-1050; 1052-1060; 1063; 1067-1071; 1073-1076; 1080; 1082-1089; 1091-1103; 1105; 1107-1110; 1112-1116; 1118-1121; 1123; 1125; 1127-1130; 1132-1142; 1145; 1147-1160; 1162-1169; 1171-1173; 1175-1177; 1179-1189; 1191-1200; 1202-1205
wta_rankings_83_99.csv,2000-10-09,1,1218,923,295,501; 548; 554; 562; 588; 608; 625; 627; 648; 653; 665-666; 688; 690; 697; 701; 717; 729; 744; 746; 756; 765; 774; 777; 789; 795-796; 799; 808; 810; 812-814; 816; 818; 821; 823; 830-831; 834; 837; 841; 844; 846; 849; 854; 857; 860; 862; 867; 871; 876; 878; 880; 888; 891-892; 894; 896; 898-901; 903; 905-906; 908-911; 915; 919; 921; 924-925; 927-928; 930; 932-933; 935; 937; 941; 943-944; 948-950; 953-956; 958-962; 964-968; 972; 975; 978-979; 981; 983-984; 986-987; 989; 991; 994-998; 1000; 1002-1004; 1006-1012; 1014; 1016-1017; 1019-1026; 1028-1030; 1032-1037; 1042-1045; 1047-1054; 1056-1065; 1067; 1070-1071; 1073; 1075-1079; 1081-1084; 1089-1093; 1095-1105; 1107; 1109-1113; 1115-1118; 1120-1126; 1128; 1130-1131; 1133-1138; 1140-1154; 1157; 1159-1170; 1172-1181; 1183-1185; 1187-1189; 1191-1202; 1204-1213; 1215-1217
wta_rankings_83_99.csv,2000-10-16,1,1219,918,301,399; 502; 527; 538-539; 572; 589; 616; 630; 641; 647; 651; 662-663; 680; 688-690; 695; 708; 713; 748; 757; 771; 776; 785; 789-790; 792; 794; 801-802; 804; 811-813; 816; 829; 832; 836; 840-841; 845; 849; 854; 857; 861; 868-869; 871; 875; 878; 880; 882-883; 885-886; 892; 895; 899-900; 902-904; 906-907; 909-910; 912-914; 917; 920; 922; 924; 926-927; 929; 931-932; 936; 940; 942-945; 951-952; 955-959; 961-963; 965-968; 971; 973; 975-976; 978-979; 981-982; 984-985; 987-988; 990-991; 993-997; 999; 1001-1003; 1005-1009; 1011; 1013; 1015; 1017-1021; 1023-1024; 1026-1033; 1036; 1038-1043; 1045-1052; 1054-1064; 1066-1069; 1071; 1073-1082; 1085-1086; 1088-1095; 1097-1108; 1110-1111; 1113-1117; 1119-1122; 1124-1129; 1131; 1133; 1135-1139; 1141-1151; 1154; 1156-1164; 1166-1175; 1177-1178; 1180-1181; 1183-1198; 1200; 1202-1213; 1215-1218
wta_rankings_83_99.csv,2000-10-23,1,1218,918,300,503; 531; 543-544; 575; 598; 617; 631; 643; 653; 656; 667; 684; 687; 691; 696; 698-699; 710; 717; 742; 748; 765; 769-770; 776; 778; 787; 796-797; 800; 802; 805; 810; 812; 814-817; 820; 833; 835; 839; 842; 844-845; 849; 851; 856; 859; 862; 864-867; 869; 873; 875; 879-880; 887-888; 890; 897; 899; 902; 905-906; 908-910; 912-913; 916-917; 920; 923-924; 926; 928; 930-931; 933; 935; 937; 941; 943; 945; 947-948; 955-957; 960-963; 965-967; 969-971; 974; 976-977; 979-980; 982; 984-985; 987; 989-990; 992; 995-998; 1000; 1002-1005; 1007-1012; 1014; 1017-1019; 1021-1026; 1028-1034; 1036; 1038; 1040-1043; 1045-1051; 1053-1061; 1063-1066; 1068-1069; 1071-1077; 1080-1081; 1083-1090; 1092-1103; 1106-1107; 1109-1115; 1117-1121; 1124; 1126-1134; 1136-1148; 1150; 1152; 1154-1161; 1163-1174; 1176; 1178-1179; 1181-1198; 1200; 1202-1213; 1215-1217
wta_rankings_83_99.csv,2000-10-30,1,1221,922,299,427; 494; 507; 581; 598; 616; 620; 631; 644; 658; 671; 676; 679; 682; 692; 696; 702; 704; 715; 720; 746; 753; 769; 773-774; 777; 782; 784; 792-793; 797; 800; 803-804; 808; 811; 816; 820; 823; 830; 834; 837; 843; 846; 848; 850; 855; 860; 863; 866; 869-870; 872; 876; 878; 882; 884; 892; 894; 897; 904; 908; 911-912; 914-915; 917-918; 921-922; 926; 928; 930-933; 935; 937-939; 944; 947-948; 950-952; 955; 957; 960-961; 963; 965-969; 971-973; 975-978; 980; 982; 984-985; 987-988; 990; 992-993; 995; 997; 999-1000; 1002; 1004; 1006-1009; 1011-1012; 1014-1020; 1023; 1025-1030; 1032-1036; 1038; 1040; 1042-1045; 1047-1054; 1056-1066; 1068-1070; 1072-1073; 1075-1078; 1082-1085; 1087-1096; 1098-1112; 1114; 1116-1123; 1125-1127; 1129; 1132-1140; 1142-1154; 1156-1163; 1165-1175; 1177; 1179-1181; 1183-1200; 1202; 1204-1216; 1218-1220
wta_rankings_83_99.csv,2000-11-06,1,1226,923,303,309; 424; 496; 505; 581; 601; 619; 632; 640; 642; 658; 664; 671; 678-679; 684; 694; 701; 703; 706; 719; 724; 747; 754; 763; 771; 774; 777; 780-781; 786; 788; 797; 802; 805-806; 812; 814; 817; 820; 823; 830; 834; 838-839; 844; 847; 852; 856; 860; 862; 864; 867; 871-872; 874-875; 879; 881; 884; 886; 890; 895-896; 898-899; 901; 911; 913; 915-916; 918-919; 921; 924; 928; 930; 933-935; 938-940; 944; 947-948; 950-951; 953-954; 956; 959; 961; 963; 965; 967; 969-973; 975-978; 980-984; 986; 988; 991; 993-994; 996; 998-999; 1001; 1004-1005; 1008-1011; 1013-1017; 1019-1025; 1028; 1030-1034; 1036-1039; 1043-1044; 1046-1049; 1051-1057; 1059-1069; 1072-1074; 1076-1078; 1080-1082; 1085; 1087-1090; 1092-1100; 1102-1114; 1116; 1118-1123; 1125-1128; 1130; 1132; 1134-1143; 1145-1159; 1161; 1163-1170; 1172-1182; 1184; 1186-1189; 1191-1208; 1210-1220; 1222-1225
wta_rankings_83_99.csv,2000-11-13,1,1238,930,308,520; 563; 574; 586; 608; 624; 629; 635; 639; 646; 650-651; 665; 679; 683; 690; 700; 713; 721; 726; 731; 745; 753-754; 761; 767; 769; 771-773; 781; 783; 785; 793; 795; 798; 804-805; 807; 810; 812; 816; 820; 826; 834; 842; 846-847; 849; 851; 853-854; 857; 859; 862; 868; 870-871; 877-879; 881; 883; 885; 888; 891; 899; 901; 903; 913-914; 916; 918; 920-921; 923-924; 926-927; 929; 932; 935-936; 939; 942; 944; 946; 948; 951; 954; 956-958; 960-961; 963-965; 969-970; 975-976; 978; 980; 983-986; 988-989; 991-994; 996; 999-1001; 1003; 1005-1006; 1008; 1011; 1014-1019; 1021-1026; 1028-1034; 1037; 1040-1043; 1045-1048; 1050; 1054; 1056-1058; 1060-1067; 1069-1079; 1081; 1083-1086; 1088-1090; 1092-1097; 1100; 1102-1105; 1107-1116; 1118-1128; 1131-1135; 1137-1140; 1142; 1144; 1146-1152; 1154-1169; 1171-1173; 1175-1182; 1184-1196; 1198; 1200-1201; 1203-1219; 1221; 1223-1232; 1234-1237
wta_rankings_83_99.csv,2000-11-20,1,1242,934,308,354; 518; 542; 563; 565; 594; 609; 618; 628; 633; 637; 650-651; 663; 666; 679; 688; 697; 703; 714; 721; 734; 757; 763; 770; 772-774; 781; 785; 787; 790; 796; 801; 806; 810; 814-815; 818; 823; 827; 833; 837; 840; 844; 846; 850-852; 855; 861; 865; 869; 871-872; 877; 880; 882; 884; 886; 888; 891; 897; 899-900; 904; 913-914; 916; 920-921; 923-924; 926; 928; 930; 933; 935; 937-938; 941; 945; 948; 950; 954; 956; 958-959; 961-962; 964-965; 969-970; 972; 976-977; 979-980; 983-987; 989-990; 992-995; 997; 1000-1002; 1004; 1006-1007; 1009-1010; 1013; 1016-1021; 1023-1024; 1026-1031; 1033-1038; 1040; 1042-1047; 1049-1052; 1054; 1056; 1059; 1061-1062; 1064-1074; 1076-1084; 1086; 1088-1091; 1093; 1095-1100; 1103; 1105-1107; 1109-1119; 1121-1133; 1136-1137; 1139-1142; 1144-1147; 1149-1150; 1152-1156; 1158-1174; 1176-1177; 1179-1185; 1187-1199; 1201; 1203-1205; 1207-1221; 1223-1224; 1226-1236; 1238-1241
